{"completed": 0, "expected": 195, "active": 0, "failures": 0, "time": "2026-10-01T15:07:46.950992+10:00"}
/home/user/anaconda3/envs/pytorchsenv/lib/python3.13/site-packages/torch/cuda/__init__.py:65: FutureWarning: The pynvml package is deprecated. Please install nvidia-ml-py instead. If you did not install pynvml directly, please report this to the maintainers of the package that installed pynvml for you.
  import pynvml  # type: ignore[import]
/home/user/anaconda3/envs/pytorchsenv/lib/python3.13/site-packages/torch/cuda/__init__.py:65: FutureWarning: The pynvml package is deprecated. Please install nvidia-ml-py instead. If you did not install pynvml directly, please report this to the maintainers of the package that installed pynvml for you.
  import pynvml  # type: ignore[import]
/home/user/anaconda3/envs/pytorchsenv/lib/python3.13/site-packages/torch/cuda/__init__.py:65: FutureWarning: The pynvml package is deprecated. Please install nvidia-ml-py instead. If you did not install pynvml directly, please report this to the maintainers of the package that installed pynvml for you.
  import pynvml  # type: ignore[import]
self.n_h =  [4, 32, 32, 3]
iris_backprop_adam_seed22 step 1000 train {'loss': 0.07159960269927979, 'accuracy': 0.9666666666666667, 'balanced_accuracy': 0.9666666666666666, 'rows': 90} lr 0.005
self.n_h =  [4, 32, 32, 3]
iris_backprop_adam_seed11 step 1000 train {'loss': 0.04810245707631111, 'accuracy': 0.9777777777777777, 'balanced_accuracy': 0.9777777777777779, 'rows': 90} lr 0.005
self.n_h =  [4, 32, 32, 3]
iris_backprop_adam_seed33 step 1000 train {'loss': 0.06114113703370094, 'accuracy': 0.9777777777777777, 'balanced_accuracy': 0.9777777777777779, 'rows': 90} lr 0.005
iris_backprop_adam_seed22 step 2000 train {'loss': 0.04385816678404808, 'accuracy': 0.9888888888888889, 'balanced_accuracy': 0.9888888888888889, 'rows': 90} lr 0.005
iris_backprop_adam_seed11 step 2000 train {'loss': 0.04623204469680786, 'accuracy': 0.9777777777777777, 'balanced_accuracy': 0.9777777777777779, 'rows': 90} lr 0.005
iris_backprop_adam_seed33 step 2000 train {'loss': 0.040395140647888184, 'accuracy': 0.9888888888888889, 'balanced_accuracy': 0.9888888888888889, 'rows': 90} lr 0.005
iris_backprop_adam_seed22 step 3000 train {'loss': 0.03858314827084541, 'accuracy': 0.9777777777777777, 'balanced_accuracy': 0.9777777777777779, 'rows': 90} lr 0.005
iris_backprop_adam_seed33 step 3000 train {'loss': 0.03444375470280647, 'accuracy': 0.9777777777777777, 'balanced_accuracy': 0.9777777777777779, 'rows': 90} lr 0.005
iris_backprop_adam_seed11 step 3000 train {'loss': 0.048404257744550705, 'accuracy': 0.9777777777777777, 'balanced_accuracy': 0.9777777777777779, 'rows': 90} lr 0.005
iris_backprop_adam_seed33 step 4000 train {'loss': 0.014392794109880924, 'accuracy': 1.0, 'balanced_accuracy': 1.0, 'rows': 90} lr 0.005
iris_backprop_adam_seed22 step 4000 train {'loss': 0.0363345667719841, 'accuracy': 0.9777777777777777, 'balanced_accuracy': 0.9777777777777779, 'rows': 90} lr 0.005
iris_backprop_adam_seed11 step 4000 train {'loss': 0.04962122067809105, 'accuracy': 0.9777777777777777, 'balanced_accuracy': 0.9777777777777779, 'rows': 90} lr 0.005
COMPLETE iris_backprop_adam_seed33 4200 {'loss': 0.008193805813789368, 'accuracy': 1.0, 'balanced_accuracy': 1.0, 'rows': 90} {'loss': 0.35491278767585754, 'accuracy': 0.9333333333333333, 'balanced_accuracy': 0.9333333333333332, 'rows': 30}
/home/user/anaconda3/envs/pytorchsenv/lib/python3.13/site-packages/torch/cuda/__init__.py:65: FutureWarning: The pynvml package is deprecated. Please install nvidia-ml-py instead. If you did not install pynvml directly, please report this to the maintainers of the package that installed pynvml for you.
  import pynvml  # type: ignore[import]
iris_backprop_adam_seed22 step 5000 train {'loss': 0.03506128489971161, 'accuracy': 0.9777777777777777, 'balanced_accuracy': 0.9777777777777779, 'rows': 90} lr 0.005
/home/user/anaconda3/envs/pytorchsenv/lib/python3.13/site-packages/torch/cuda/__init__.py:65: FutureWarning: The pynvml package is deprecated. Please install nvidia-ml-py instead. If you did not install pynvml directly, please report this to the maintainers of the package that installed pynvml for you.
  import pynvml  # type: ignore[import]
iris_backprop_adam_seed11 step 5000 train {'loss': 0.04538964107632637, 'accuracy': 0.9777777777777777, 'balanced_accuracy': 0.9777777777777779, 'rows': 90} lr 0.005
iris_backprop_adam_seed22 step 6000 train {'loss': 0.03272883966565132, 'accuracy': 0.9777777777777777, 'balanced_accuracy': 0.9777777777777779, 'rows': 90} lr 0.005
iris_backprop_adam_seed11 step 6000 train {'loss': 0.05169698968529701, 'accuracy': 0.9777777777777777, 'balanced_accuracy': 0.9777777777777779, 'rows': 90} lr 0.005
iris_backprop_adam_seed22 step 7000 train {'loss': 0.021699421107769012, 'accuracy': 0.9888888888888889, 'balanced_accuracy': 0.9888888888888889, 'rows': 90} lr 0.005
iris_backprop_adam_seed11 step 7000 train {'loss': 0.05954059958457947, 'accuracy': 0.9777777777777777, 'balanced_accuracy': 0.9777777777777779, 'rows': 90} lr 0.005
COMPLETE iris_backprop_adam_seed22 7600 {'loss': 0.009198061190545559, 'accuracy': 1.0, 'balanced_accuracy': 1.0, 'rows': 90} {'loss': 0.18029728531837463, 'accuracy': 0.9666666666666667, 'balanced_accuracy': 0.9666666666666666, 'rows': 30}
self.n_h =  [5, 16, 16, 3]
new-thyroid_backprop_adam_seed11 step 1000 train {'loss': 0.020668165758252144, 'accuracy': 0.9922480620155039, 'balanced_accuracy': 0.9841269841269842, 'rows': 129} lr 0.005
iris_backprop_adam_seed11 step 8000 train {'loss': 0.016258755698800087, 'accuracy': 1.0, 'balanced_accuracy': 1.0, 'rows': 90} lr 0.005
COMPLETE iris_backprop_adam_seed11 8300 {'loss': 0.007971667684614658, 'accuracy': 1.0, 'balanced_accuracy': 1.0, 'rows': 90} {'loss': 0.5300495028495789, 'accuracy': 0.9333333333333333, 'balanced_accuracy': 0.9333333333333332, 'rows': 30}
/home/user/anaconda3/envs/pytorchsenv/lib/python3.13/site-packages/torch/cuda/__init__.py:65: FutureWarning: The pynvml package is deprecated. Please install nvidia-ml-py instead. If you did not install pynvml directly, please report this to the maintainers of the package that installed pynvml for you.
  import pynvml  # type: ignore[import]
new-thyroid_backprop_adam_seed11 step 2000 train {'loss': 0.008325200527906418, 'accuracy': 1.0, 'balanced_accuracy': 1.0, 'rows': 129} lr 0.005
COMPLETE new-thyroid_backprop_adam_seed11 2000 {'loss': 0.008325200527906418, 'accuracy': 1.0, 'balanced_accuracy': 1.0, 'rows': 129} {'loss': 0.044435665011405945, 'accuracy': 0.9767441860465116, 'balanced_accuracy': 0.9888888888888889, 'rows': 43}
/home/user/anaconda3/envs/pytorchsenv/lib/python3.13/site-packages/torch/cuda/__init__.py:65: FutureWarning: The pynvml package is deprecated. Please install nvidia-ml-py instead. If you did not install pynvml directly, please report this to the maintainers of the package that installed pynvml for you.
  import pynvml  # type: ignore[import]
/home/user/anaconda3/envs/pytorchsenv/lib/python3.13/site-packages/torch/cuda/__init__.py:65: FutureWarning: The pynvml package is deprecated. Please install nvidia-ml-py instead. If you did not install pynvml directly, please report this to the maintainers of the package that installed pynvml for you.
  import pynvml  # type: ignore[import]
self.n_h =  [5, 16, 16, 3]
new-thyroid_backprop_adam_seed22 step 1000 train {'loss': 0.017050018534064293, 'accuracy': 0.9922480620155039, 'balanced_accuracy': 0.9962962962962962, 'rows': 129} lr 0.005
self.n_h =  [5, 16, 16, 3]
new-thyroid_backprop_adam_seed33 step 1000 train {'loss': 0.025869429111480713, 'accuracy': 0.9922480620155039, 'balanced_accuracy': 0.9962962962962962, 'rows': 129} lr 0.005
new-thyroid_backprop_adam_seed22 step 2000 train {'loss': 0.00908254086971283, 'accuracy': 1.0, 'balanced_accuracy': 1.0, 'rows': 129} lr 0.005
COMPLETE new-thyroid_backprop_adam_seed22 2000 {'loss': 0.00908254086971283, 'accuracy': 1.0, 'balanced_accuracy': 1.0, 'rows': 129} {'loss': 0.06375299394130707, 'accuracy': 0.9767441860465116, 'balanced_accuracy': 0.9888888888888889, 'rows': 43}
self.n_h =  [30, 32, 32, 32, 2]
breast-cancer-wisconsin_backprop_adam_seed11 step 1000 train {'loss': 0.029060889035463333, 'accuracy': 0.9912023460410557, 'balanced_accuracy': 0.9897895356538378, 'rows': 341} lr 0.001
/home/user/anaconda3/envs/pytorchsenv/lib/python3.13/site-packages/torch/cuda/__init__.py:65: FutureWarning: The pynvml package is deprecated. Please install nvidia-ml-py instead. If you did not install pynvml directly, please report this to the maintainers of the package that installed pynvml for you.
  import pynvml  # type: ignore[import]
new-thyroid_backprop_adam_seed33 step 2000 train {'loss': 0.0053630005568265915, 'accuracy': 1.0, 'balanced_accuracy': 1.0, 'rows': 129} lr 0.005
COMPLETE new-thyroid_backprop_adam_seed33 2000 {'loss': 0.0053630005568265915, 'accuracy': 1.0, 'balanced_accuracy': 1.0, 'rows': 129} {'loss': 0.03037717193365097, 'accuracy': 0.9767441860465116, 'balanced_accuracy': 0.9888888888888889, 'rows': 43}
breast-cancer-wisconsin_backprop_adam_seed11 step 2000 train {'loss': 0.019052917137742043, 'accuracy': 0.9941348973607038, 'balanced_accuracy': 0.9921259842519685, 'rows': 341} lr 0.001
COMPLETE breast-cancer-wisconsin_backprop_adam_seed11 2300 {'loss': 0.007167972158640623, 'accuracy': 1.0, 'balanced_accuracy': 1.0, 'rows': 341} {'loss': 0.26733899116516113, 'accuracy': 0.9736842105263158, 'balanced_accuracy': 0.9742063492063492, 'rows': 114}
/home/user/anaconda3/envs/pytorchsenv/lib/python3.13/site-packages/torch/cuda/__init__.py:65: FutureWarning: The pynvml package is deprecated. Please install nvidia-ml-py instead. If you did not install pynvml directly, please report this to the maintainers of the package that installed pynvml for you.
  import pynvml  # type: ignore[import]
/home/user/anaconda3/envs/pytorchsenv/lib/python3.13/site-packages/torch/cuda/__init__.py:65: FutureWarning: The pynvml package is deprecated. Please install nvidia-ml-py instead. If you did not install pynvml directly, please report this to the maintainers of the package that installed pynvml for you.
  import pynvml  # type: ignore[import]
self.n_h =  [30, 32, 32, 32, 2]
breast-cancer-wisconsin_backprop_adam_seed22 step 1000 train {'loss': 0.024154389277100563, 'accuracy': 0.9882697947214076, 'balanced_accuracy': 0.984251968503937, 'rows': 341} lr 0.001
self.n_h =  [30, 32, 32, 32, 2]
breast-cancer-wisconsin_backprop_adam_seed33 step 1000 train {'loss': 0.021646924316883087, 'accuracy': 0.9882697947214076, 'balanced_accuracy': 0.9874530870557068, 'rows': 341} lr 0.001
breast-cancer-wisconsin_backprop_adam_seed22 step 2000 train {'loss': 0.005873497109860182, 'accuracy': 1.0, 'balanced_accuracy': 1.0, 'rows': 341} lr 0.001
COMPLETE breast-cancer-wisconsin_backprop_adam_seed22 2000 {'loss': 0.005873497109860182, 'accuracy': 1.0, 'balanced_accuracy': 1.0, 'rows': 341} {'loss': 0.25904539227485657, 'accuracy': 0.9736842105263158, 'balanced_accuracy': 0.9742063492063492, 'rows': 114}
self.n_h =  [11, 128, 128, 128, 6]
red-wine_backprop_adam_seed11 step 1000 train {'loss': 0.7903379201889038, 'accuracy': 0.6558915537017727, 'balanced_accuracy': 0.37938261684134045, 'rows': 959} lr 0.001
/home/user/anaconda3/envs/pytorchsenv/lib/python3.13/site-packages/torch/cuda/__init__.py:65: FutureWarning: The pynvml package is deprecated. Please install nvidia-ml-py instead. If you did not install pynvml directly, please report this to the maintainers of the package that installed pynvml for you.
  import pynvml  # type: ignore[import]
breast-cancer-wisconsin_backprop_adam_seed33 step 2000 train {'loss': 0.002772519364953041, 'accuracy': 1.0, 'balanced_accuracy': 1.0, 'rows': 341} lr 0.001
COMPLETE breast-cancer-wisconsin_backprop_adam_seed33 2000 {'loss': 0.002772519364953041, 'accuracy': 1.0, 'balanced_accuracy': 1.0, 'rows': 341} {'loss': 0.2456764131784439, 'accuracy': 0.9824561403508771, 'balanced_accuracy': 0.9811507936507937, 'rows': 114}
red-wine_backprop_adam_seed11 step 2000 train {'loss': 0.6436979174613953, 'accuracy': 0.7184567257559958, 'balanced_accuracy': 0.5110909196735106, 'rows': 959} lr 0.001
/home/user/anaconda3/envs/pytorchsenv/lib/python3.13/site-packages/torch/cuda/__init__.py:65: FutureWarning: The pynvml package is deprecated. Please install nvidia-ml-py instead. If you did not install pynvml directly, please report this to the maintainers of the package that installed pynvml for you.
  import pynvml  # type: ignore[import]
red-wine_backprop_adam_seed11 step 3000 train {'loss': 0.4773506820201874, 'accuracy': 0.799791449426486, 'balanced_accuracy': 0.6637543007748237, 'rows': 959} lr 0.001
red-wine_backprop_adam_seed11 step 4000 train {'loss': 0.42737582325935364, 'accuracy': 0.8175182481751825, 'balanced_accuracy': 0.7968988939629971, 'rows': 959} lr 0.001
self.n_h =  [11, 128, 128, 128, 6]
red-wine_backprop_adam_seed22 step 1000 train {'loss': 0.7776710391044617, 'accuracy': 0.6715328467153284, 'balanced_accuracy': 0.3957707865565721, 'rows': 959} lr 0.001
red-wine_backprop_adam_seed11 step 5000 train {'loss': 0.2916589379310608, 'accuracy': 0.8821689259645464, 'balanced_accuracy': 0.8480218562027232, 'rows': 959} lr 0.001
self.n_h =  [11, 128, 128, 128, 6]
red-wine_backprop_adam_seed33 step 1000 train {'loss': 0.8110213875770569, 'accuracy': 0.6558915537017727, 'balanced_accuracy': 0.3534063538383151, 'rows': 959} lr 0.001
red-wine_backprop_adam_seed22 step 2000 train {'loss': 0.5898621082305908, 'accuracy': 0.7549530761209593, 'balanced_accuracy': 0.5342644208169857, 'rows': 959} lr 0.001
red-wine_backprop_adam_seed11 step 6000 train {'loss': 0.20609140396118164, 'accuracy': 0.921793534932221, 'balanced_accuracy': 0.9036799514884679, 'rows': 959} lr 0.001
red-wine_backprop_adam_seed33 step 2000 train {'loss': 0.6701949238777161, 'accuracy': 0.7205422314911366, 'balanced_accuracy': 0.5191776167504742, 'rows': 959} lr 0.001
red-wine_backprop_adam_seed22 step 3000 train {'loss': 0.41527289152145386, 'accuracy': 0.8467153284671532, 'balanced_accuracy': 0.6919179868323626, 'rows': 959} lr 0.001
red-wine_backprop_adam_seed11 step 7000 train {'loss': 0.15408816933631897, 'accuracy': 0.9582898852971846, 'balanced_accuracy': 0.9318119070557254, 'rows': 959} lr 0.001
red-wine_backprop_adam_seed33 step 3000 train {'loss': 0.4987906813621521, 'accuracy': 0.7904066736183525, 'balanced_accuracy': 0.6554636531406612, 'rows': 959} lr 0.001
red-wine_backprop_adam_seed22 step 4000 train {'loss': 0.29328277707099915, 'accuracy': 0.8873826903023984, 'balanced_accuracy': 0.7845977900812988, 'rows': 959} lr 0.001
red-wine_backprop_adam_seed11 step 8000 train {'loss': 0.09776902943849564, 'accuracy': 0.9760166840458812, 'balanced_accuracy': 0.9749463590919396, 'rows': 959} lr 0.001
red-wine_backprop_adam_seed33 step 4000 train {'loss': 0.4029478430747986, 'accuracy': 0.8425443169968717, 'balanced_accuracy': 0.7806536863301377, 'rows': 959} lr 0.001
red-wine_backprop_adam_seed22 step 5000 train {'loss': 0.20769263803958893, 'accuracy': 0.9259645464025026, 'balanced_accuracy': 0.8658463162739578, 'rows': 959} lr 0.001
red-wine_backprop_adam_seed11 step 9000 train {'loss': 0.07256662100553513, 'accuracy': 0.9801876955161627, 'balanced_accuracy': 0.9704449373111061, 'rows': 959} lr 0.001
red-wine_backprop_adam_seed33 step 5000 train {'loss': 0.28948038816452026, 'accuracy': 0.8967674661105318, 'balanced_accuracy': 0.848437974762656, 'rows': 959} lr 0.001
red-wine_backprop_adam_seed22 step 6000 train {'loss': 0.12450826913118362, 'accuracy': 0.9697601668404588, 'balanced_accuracy': 0.9256603058582402, 'rows': 959} lr 0.001
red-wine_backprop_adam_seed33 step 6000 train {'loss': 0.20206491649150848, 'accuracy': 0.9426485922836287, 'balanced_accuracy': 0.9099719210613275, 'rows': 959} lr 0.001
red-wine_backprop_adam_seed11 step 10000 train {'loss': 0.04617433622479439, 'accuracy': 0.9916579770594369, 'balanced_accuracy': 0.9965720404785064, 'rows': 959} lr 0.001
red-wine_backprop_adam_seed22 step 7000 train {'loss': 0.07856446504592896, 'accuracy': 0.9812304483837331, 'balanced_accuracy': 0.9622724886101288, 'rows': 959} lr 0.001
red-wine_backprop_adam_seed33 step 7000 train {'loss': 0.1772485375404358, 'accuracy': 0.9249217935349322, 'balanced_accuracy': 0.919003032220088, 'rows': 959} lr 0.001
red-wine_backprop_adam_seed22 step 8000 train {'loss': 0.04749072343111038, 'accuracy': 0.9895724713242962, 'balanced_accuracy': 0.9900431397537256, 'rows': 959} lr 0.001
red-wine_backprop_adam_seed11 step 11000 train {'loss': 0.03418906405568123, 'accuracy': 0.9927007299270073, 'balanced_accuracy': 0.99700720148808, 'rows': 959} lr 0.001
red-wine_backprop_adam_seed33 step 8000 train {'loss': 0.10975620150566101, 'accuracy': 0.9687174139728885, 'balanced_accuracy': 0.9745826202543679, 'rows': 959} lr 0.001
red-wine_backprop_adam_seed11 step 12000 train {'loss': 0.024327896535396576, 'accuracy': 0.9947862356621481, 'balanced_accuracy': 0.9979041877847745, 'rows': 959} lr 0.001
red-wine_backprop_adam_seed22 step 9000 train {'loss': 0.03905147314071655, 'accuracy': 0.9947862356621481, 'balanced_accuracy': 0.9978508592296796, 'rows': 959} lr 0.001
red-wine_backprop_adam_seed33 step 9000 train {'loss': 0.06956326216459274, 'accuracy': 0.986444212721585, 'balanced_accuracy': 0.9924387727240591, 'rows': 959} lr 0.001
red-wine_backprop_adam_seed11 step 13000 train {'loss': 0.01890331506729126, 'accuracy': 0.9947862356621481, 'balanced_accuracy': 0.9969654528478058, 'rows': 959} lr 0.001
red-wine_backprop_adam_seed22 step 10000 train {'loss': 0.020626990124583244, 'accuracy': 0.9979144942648592, 'balanced_accuracy': 0.9991563422584002, 'rows': 959} lr 0.001
red-wine_backprop_adam_seed33 step 10000 train {'loss': 0.04368044435977936, 'accuracy': 0.9906152241918665, 'balanced_accuracy': 0.9951714802544168, 'rows': 959} lr 0.001
red-wine_backprop_adam_seed11 step 14000 train {'loss': 0.014240417629480362, 'accuracy': 0.9979144942648592, 'balanced_accuracy': 0.9991830065359477, 'rows': 959} lr 0.001
red-wine_backprop_adam_seed22 step 11000 train {'loss': 0.016543567180633545, 'accuracy': 0.9979144942648592, 'balanced_accuracy': 0.9991296779808528, 'rows': 959} lr 0.001
COMPLETE red-wine_backprop_adam_seed22 11300 {'loss': 0.00965165626257658, 'accuracy': 1.0, 'balanced_accuracy': 1.0, 'rows': 959} {'loss': 5.045936107635498, 'accuracy': 0.634375, 'balanced_accuracy': 0.31657446788129584, 'rows': 320}
/home/user/anaconda3/envs/pytorchsenv/lib/python3.13/site-packages/torch/cuda/__init__.py:65: FutureWarning: The pynvml package is deprecated. Please install nvidia-ml-py instead. If you did not install pynvml directly, please report this to the maintainers of the package that installed pynvml for you.
  import pynvml  # type: ignore[import]
red-wine_backprop_adam_seed33 step 11000 train {'loss': 0.025013040751218796, 'accuracy': 0.9958289885297185, 'balanced_accuracy': 0.9973472853022844, 'rows': 959} lr 0.001
red-wine_backprop_adam_seed11 step 15000 train {'loss': 0.011482981033623219, 'accuracy': 0.9989572471324296, 'balanced_accuracy': 0.9995915032679739, 'rows': 959} lr 0.001
COMPLETE red-wine_backprop_adam_seed11 15300 {'loss': 0.009709551930427551, 'accuracy': 1.0, 'balanced_accuracy': 1.0, 'rows': 959} {'loss': 6.380163192749023, 'accuracy': 0.625, 'balanced_accuracy': 0.3097831292986187, 'rows': 320}
/home/user/anaconda3/envs/pytorchsenv/lib/python3.13/site-packages/torch/cuda/__init__.py:65: FutureWarning: The pynvml package is deprecated. Please install nvidia-ml-py instead. If you did not install pynvml directly, please report this to the maintainers of the package that installed pynvml for you.
  import pynvml  # type: ignore[import]
red-wine_backprop_adam_seed33 step 12000 train {'loss': 0.033088523894548416, 'accuracy': 0.9968717413972888, 'balanced_accuracy': 0.9967637185422472, 'rows': 959} lr 0.001
self.n_h =  [7, 128, 128, 128, 2]
titanic_backprop_adam_seed11 step 1000 train {'loss': 0.33723127841949463, 'accuracy': 0.8573248407643312, 'balanced_accuracy': 0.8247766323024055, 'rows': 785} lr 0.001
red-wine_backprop_adam_seed33 step 13000 train {'loss': 0.013272710144519806, 'accuracy': 1.0, 'balanced_accuracy': 1.0, 'rows': 959} lr 0.001
COMPLETE red-wine_backprop_adam_seed33 13300 {'loss': 0.00953663233667612, 'accuracy': 1.0, 'balanced_accuracy': 1.0, 'rows': 959} {'loss': 5.902968406677246, 'accuracy': 0.6375, 'balanced_accuracy': 0.32563415783212896, 'rows': 320}
titanic_backprop_adam_seed11 step 2000 train {'loss': 0.2964423894882202, 'accuracy': 0.8649681528662421, 'balanced_accuracy': 0.8493986254295532, 'rows': 785} lr 0.001
self.n_h =  [7, 128, 128, 128, 2]
titanic_backprop_adam_seed22 step 1000 train {'loss': 0.3360864818096161, 'accuracy': 0.8484076433121019, 'balanced_accuracy': 0.8156529209621993, 'rows': 785} lr 0.001
/home/user/anaconda3/envs/pytorchsenv/lib/python3.13/site-packages/torch/cuda/__init__.py:65: FutureWarning: The pynvml package is deprecated. Please install nvidia-ml-py instead. If you did not install pynvml directly, please report this to the maintainers of the package that installed pynvml for you.
  import pynvml  # type: ignore[import]
titanic_backprop_adam_seed11 step 3000 train {'loss': 0.2734099328517914, 'accuracy': 0.8789808917197452, 'balanced_accuracy': 0.8601030927835052, 'rows': 785} lr 0.001
titanic_backprop_adam_seed22 step 2000 train {'loss': 0.3071066439151764, 'accuracy': 0.8598726114649682, 'balanced_accuracy': 0.8370103092783505, 'rows': 785} lr 0.001
titanic_backprop_adam_seed11 step 4000 train {'loss': 0.263751745223999, 'accuracy': 0.8815286624203822, 'balanced_accuracy': 0.8519931271477663, 'rows': 785} lr 0.001
titanic_backprop_adam_seed22 step 3000 train {'loss': 0.29628074169158936, 'accuracy': 0.8662420382165605, 'balanced_accuracy': 0.8466151202749141, 'rows': 785} lr 0.001
titanic_backprop_adam_seed11 step 5000 train {'loss': 0.24254760146141052, 'accuracy': 0.8968152866242038, 'balanced_accuracy': 0.8802577319587629, 'rows': 785} lr 0.001
titanic_backprop_adam_seed22 step 4000 train {'loss': 0.27057352662086487, 'accuracy': 0.8777070063694268, 'balanced_accuracy': 0.8622508591065292, 'rows': 785} lr 0.001
self.n_h =  [7, 128, 128, 128, 2]
titanic_backprop_adam_seed33 step 1000 train {'loss': 0.3361615836620331, 'accuracy': 0.8535031847133758, 'balanced_accuracy': 0.8242268041237113, 'rows': 785} lr 0.001
titanic_backprop_adam_seed11 step 6000 train {'loss': 0.24073874950408936, 'accuracy': 0.8929936305732484, 'balanced_accuracy': 0.8816151202749141, 'rows': 785} lr 0.001
titanic_backprop_adam_seed22 step 5000 train {'loss': 0.27141228318214417, 'accuracy': 0.8687898089171975, 'balanced_accuracy': 0.8359621993127148, 'rows': 785} lr 0.001
{"completed": 12, "expected": 195, "active": 3, "failures": 0, "time": "2026-10-01T15:08:47.007239+10:00"}
titanic_backprop_adam_seed33 step 2000 train {'loss': 0.3061429262161255, 'accuracy': 0.8636942675159236, 'balanced_accuracy': 0.8420103092783505, 'rows': 785} lr 0.001
titanic_backprop_adam_seed11 step 7000 train {'loss': 0.23549774289131165, 'accuracy': 0.8993630573248408, 'balanced_accuracy': 0.882955326460481, 'rows': 785} lr 0.001
titanic_backprop_adam_seed22 step 6000 train {'loss': 0.23595471680164337, 'accuracy': 0.8929936305732484, 'balanced_accuracy': 0.8714432989690721, 'rows': 785} lr 0.001
titanic_backprop_adam_seed33 step 3000 train {'loss': 0.2753097414970398, 'accuracy': 0.8751592356687898, 'balanced_accuracy': 0.8512886597938144, 'rows': 785} lr 0.001
titanic_backprop_adam_seed11 step 8000 train {'loss': 0.2308109998703003, 'accuracy': 0.8993630573248408, 'balanced_accuracy': 0.893127147766323, 'rows': 785} lr 0.001
titanic_backprop_adam_seed22 step 7000 train {'loss': 0.23314987123012543, 'accuracy': 0.9019108280254777, 'balanced_accuracy': 0.8913745704467354, 'rows': 785} lr 0.001
titanic_backprop_adam_seed33 step 4000 train {'loss': 0.2550714313983917, 'accuracy': 0.8904458598726115, 'balanced_accuracy': 0.8706529209621994, 'rows': 785} lr 0.001
titanic_backprop_adam_seed22 step 8000 train {'loss': 0.2314084768295288, 'accuracy': 0.8942675159235669, 'balanced_accuracy': 0.87946735395189, 'rows': 785} lr 0.001
titanic_backprop_adam_seed11 step 9000 train {'loss': 0.21235676109790802, 'accuracy': 0.910828025477707, 'balanced_accuracy': 0.8985910652920962, 'rows': 785} lr 0.001
titanic_backprop_adam_seed33 step 5000 train {'loss': 0.24618403613567352, 'accuracy': 0.889171974522293, 'balanced_accuracy': 0.8639003436426117, 'rows': 785} lr 0.001
titanic_backprop_adam_seed22 step 9000 train {'loss': 0.20896030962467194, 'accuracy': 0.9082802547770701, 'balanced_accuracy': 0.8978006872852233, 'rows': 785} lr 0.001
titanic_backprop_adam_seed11 step 10000 train {'loss': 0.2163422852754593, 'accuracy': 0.9031847133757962, 'balanced_accuracy': 0.8949484536082475, 'rows': 785} lr 0.001
titanic_backprop_adam_seed33 step 6000 train {'loss': 0.2299521118402481, 'accuracy': 0.9031847133757962, 'balanced_accuracy': 0.88159793814433, 'rows': 785} lr 0.001
titanic_backprop_adam_seed22 step 10000 train {'loss': 0.2073230743408203, 'accuracy': 0.9070063694267516, 'balanced_accuracy': 0.9018556701030929, 'rows': 785} lr 0.001
titanic_backprop_adam_seed11 step 11000 train {'loss': 0.2090630978345871, 'accuracy': 0.910828025477707, 'balanced_accuracy': 0.8947766323024056, 'rows': 785} lr 0.001
titanic_backprop_adam_seed33 step 7000 train {'loss': 0.22099803388118744, 'accuracy': 0.9070063694267516, 'balanced_accuracy': 0.8942268041237114, 'rows': 785} lr 0.001
titanic_backprop_adam_seed22 step 11000 train {'loss': 0.20182691514492035, 'accuracy': 0.910828025477707, 'balanced_accuracy': 0.897319587628866, 'rows': 785} lr 0.001
titanic_backprop_adam_seed11 step 12000 train {'loss': 0.2039562314748764, 'accuracy': 0.910828025477707, 'balanced_accuracy': 0.8941408934707904, 'rows': 785} lr 0.001
titanic_backprop_adam_seed33 step 8000 train {'loss': 0.213636115193367, 'accuracy': 0.9082802547770701, 'balanced_accuracy': 0.8952577319587629, 'rows': 785} lr 0.001
titanic_backprop_adam_seed22 step 12000 train {'loss': 0.19080960750579834, 'accuracy': 0.9184713375796179, 'balanced_accuracy': 0.907319587628866, 'rows': 785} lr 0.001
titanic_backprop_adam_seed11 step 13000 train {'loss': 0.19611003994941711, 'accuracy': 0.9159235668789809, 'balanced_accuracy': 0.9065292096219931, 'rows': 785} lr 0.001
titanic_backprop_adam_seed33 step 9000 train {'loss': 0.20818045735359192, 'accuracy': 0.9121019108280255, 'balanced_accuracy': 0.900893470790378, 'rows': 785} lr 0.001
titanic_backprop_adam_seed11 step 14000 train {'loss': 0.19145293533802032, 'accuracy': 0.9159235668789809, 'balanced_accuracy': 0.9071649484536082, 'rows': 785} lr 0.001
titanic_backprop_adam_seed22 step 13000 train {'loss': 0.19363988935947418, 'accuracy': 0.9171974522292994, 'balanced_accuracy': 0.9075601374570447, 'rows': 785} lr 0.001
titanic_backprop_adam_seed33 step 10000 train {'loss': 0.2062530666589737, 'accuracy': 0.910828025477707, 'balanced_accuracy': 0.8960481099656358, 'rows': 785} lr 0.001
titanic_backprop_adam_seed11 step 15000 train {'loss': 0.1980646550655365, 'accuracy': 0.9121019108280255, 'balanced_accuracy': 0.9002577319587628, 'rows': 785} lr 0.001
titanic_backprop_adam_seed22 step 14000 train {'loss': 0.1847952902317047, 'accuracy': 0.9210191082802548, 'balanced_accuracy': 0.9042955326460481, 'rows': 785} lr 0.001
titanic_backprop_adam_seed33 step 11000 train {'loss': 0.19828316569328308, 'accuracy': 0.9197452229299363, 'balanced_accuracy': 0.9077147766323024, 'rows': 785} lr 0.001
titanic_backprop_adam_seed11 step 16000 train {'loss': 0.19241705536842346, 'accuracy': 0.9184713375796179, 'balanced_accuracy': 0.9047766323024056, 'rows': 785} lr 0.001
titanic_backprop_adam_seed22 step 15000 train {'loss': 0.18467865884304047, 'accuracy': 0.9222929936305733, 'balanced_accuracy': 0.911683848797251, 'rows': 785} lr 0.001
titanic_backprop_adam_seed33 step 12000 train {'loss': 0.19384272396564484, 'accuracy': 0.9197452229299363, 'balanced_accuracy': 0.9013573883161512, 'rows': 785} lr 0.001
titanic_backprop_adam_seed11 step 17000 train {'loss': 0.18518449366092682, 'accuracy': 0.9159235668789809, 'balanced_accuracy': 0.9033505154639175, 'rows': 785} lr 0.001
titanic_backprop_adam_seed22 step 16000 train {'loss': 0.18681597709655762, 'accuracy': 0.9184713375796179, 'balanced_accuracy': 0.9035051546391752, 'rows': 785} lr 0.001
titanic_backprop_adam_seed33 step 13000 train {'loss': 0.19683289527893066, 'accuracy': 0.9159235668789809, 'balanced_accuracy': 0.9027147766323025, 'rows': 785} lr 0.001
titanic_backprop_adam_seed11 step 18000 train {'loss': 0.17900849878787994, 'accuracy': 0.9248407643312102, 'balanced_accuracy': 0.913745704467354, 'rows': 785} lr 0.001
titanic_backprop_adam_seed22 step 17000 train {'loss': 0.17301462590694427, 'accuracy': 0.9171974522292994, 'balanced_accuracy': 0.9107388316151203, 'rows': 785} lr 0.001
titanic_backprop_adam_seed33 step 14000 train {'loss': 0.19775736331939697, 'accuracy': 0.9159235668789809, 'balanced_accuracy': 0.900807560137457, 'rows': 785} lr 0.001
titanic_backprop_adam_seed11 step 19000 train {'loss': 0.17680881917476654, 'accuracy': 0.9235668789808917, 'balanced_accuracy': 0.9114432989690722, 'rows': 785} lr 0.001
titanic_backprop_adam_seed22 step 18000 train {'loss': 0.171800896525383, 'accuracy': 0.9286624203821656, 'balanced_accuracy': 0.9155670103092783, 'rows': 785} lr 0.001
titanic_backprop_adam_seed33 step 15000 train {'loss': 0.19569993019104004, 'accuracy': 0.9159235668789809, 'balanced_accuracy': 0.8989003436426117, 'rows': 785} lr 0.001
titanic_backprop_adam_seed11 step 20000 train {'loss': 0.17339520156383514, 'accuracy': 0.9235668789808917, 'balanced_accuracy': 0.9139862542955326, 'rows': 785} lr 0.001
titanic_backprop_adam_seed22 step 19000 train {'loss': 0.17325350642204285, 'accuracy': 0.9235668789808917, 'balanced_accuracy': 0.9076288659793814, 'rows': 785} lr 0.001
titanic_backprop_adam_seed33 step 16000 train {'loss': 0.19182470440864563, 'accuracy': 0.9197452229299363, 'balanced_accuracy': 0.9147079037800687, 'rows': 785} lr 0.001
titanic_backprop_adam_seed11 step 21000 train {'loss': 0.17686083912849426, 'accuracy': 0.9261146496815287, 'balanced_accuracy': 0.9160481099656357, 'rows': 785} lr 0.001
titanic_backprop_adam_seed22 step 20000 train {'loss': 0.17952756583690643, 'accuracy': 0.9210191082802548, 'balanced_accuracy': 0.9125601374570447, 'rows': 785} lr 0.001
titanic_backprop_adam_seed33 step 17000 train {'loss': 0.18090218305587769, 'accuracy': 0.9222929936305733, 'balanced_accuracy': 0.9097766323024055, 'rows': 785} lr 0.001
titanic_backprop_adam_seed11 step 22000 train {'loss': 0.17460572719573975, 'accuracy': 0.9235668789808917, 'balanced_accuracy': 0.9127147766323025, 'rows': 785} lr 0.001
titanic_backprop_adam_seed22 step 21000 train {'loss': 0.1712139993906021, 'accuracy': 0.9248407643312102, 'balanced_accuracy': 0.9201030927835052, 'rows': 785} lr 0.001
titanic_backprop_adam_seed33 step 18000 train {'loss': 0.18031010031700134, 'accuracy': 0.9235668789808917, 'balanced_accuracy': 0.9089003436426117, 'rows': 785} lr 0.001
titanic_backprop_adam_seed11 step 23000 train {'loss': 0.16684412956237793, 'accuracy': 0.9273885350318471, 'balanced_accuracy': 0.920893470790378, 'rows': 785} lr 0.001
titanic_backprop_adam_seed22 step 22000 train {'loss': 0.17160169780254364, 'accuracy': 0.9299363057324841, 'balanced_accuracy': 0.9210481099656358, 'rows': 785} lr 0.001
titanic_backprop_adam_seed33 step 19000 train {'loss': 0.17788167297840118, 'accuracy': 0.9235668789808917, 'balanced_accuracy': 0.9063573883161512, 'rows': 785} lr 0.001
titanic_backprop_adam_seed11 step 24000 train {'loss': 0.16638478636741638, 'accuracy': 0.9337579617834395, 'balanced_accuracy': 0.9215979381443299, 'rows': 785} lr 0.001
titanic_backprop_adam_seed22 step 23000 train {'loss': 0.16388246417045593, 'accuracy': 0.932484076433121, 'balanced_accuracy': 0.9218384879725086, 'rows': 785} lr 0.001
titanic_backprop_adam_seed33 step 20000 train {'loss': 0.17186632752418518, 'accuracy': 0.9261146496815287, 'balanced_accuracy': 0.917319587628866, 'rows': 785} lr 0.001
titanic_backprop_adam_seed11 step 25000 train {'loss': 0.16886574029922485, 'accuracy': 0.9248407643312102, 'balanced_accuracy': 0.908659793814433, 'rows': 785} lr 0.001
titanic_backprop_adam_seed22 step 24000 train {'loss': 0.16807256639003754, 'accuracy': 0.932484076433121, 'balanced_accuracy': 0.923745704467354, 'rows': 785} lr 0.001
titanic_backprop_adam_seed33 step 21000 train {'loss': 0.17361442744731903, 'accuracy': 0.9222929936305733, 'balanced_accuracy': 0.911683848797251, 'rows': 785} lr 0.001
titanic_backprop_adam_seed11 step 26000 train {'loss': 0.16404543817043304, 'accuracy': 0.932484076433121, 'balanced_accuracy': 0.9224742268041237, 'rows': 785} lr 0.001
titanic_backprop_adam_seed22 step 25000 train {'loss': 0.16576355695724487, 'accuracy': 0.9273885350318471, 'balanced_accuracy': 0.9177147766323024, 'rows': 785} lr 0.001
titanic_backprop_adam_seed33 step 22000 train {'loss': 0.17127405107021332, 'accuracy': 0.9248407643312102, 'balanced_accuracy': 0.9112027491408935, 'rows': 785} lr 0.001
titanic_backprop_adam_seed11 step 27000 train {'loss': 0.16676919162273407, 'accuracy': 0.9235668789808917, 'balanced_accuracy': 0.9120790378006873, 'rows': 785} lr 0.001
titanic_backprop_adam_seed22 step 26000 train {'loss': 0.16544382274150848, 'accuracy': 0.9286624203821656, 'balanced_accuracy': 0.9206529209621994, 'rows': 785} lr 0.001
titanic_backprop_adam_seed33 step 23000 train {'loss': 0.16324856877326965, 'accuracy': 0.9299363057324841, 'balanced_accuracy': 0.9146907216494845, 'rows': 785} lr 0.001
titanic_backprop_adam_seed11 step 28000 train {'loss': 0.16327160596847534, 'accuracy': 0.935031847133758, 'balanced_accuracy': 0.9232646048109965, 'rows': 785} lr 0.001
titanic_backprop_adam_seed22 step 27000 train {'loss': 0.15721045434474945, 'accuracy': 0.9286624203821656, 'balanced_accuracy': 0.9212886597938144, 'rows': 785} lr 0.001
titanic_backprop_adam_seed33 step 24000 train {'loss': 0.16454215347766876, 'accuracy': 0.9299363057324841, 'balanced_accuracy': 0.9248625429553264, 'rows': 785} lr 0.001
titanic_backprop_adam_seed11 step 29000 train {'loss': 0.15891897678375244, 'accuracy': 0.9337579617834395, 'balanced_accuracy': 0.9241408934707904, 'rows': 785} lr 0.001
titanic_backprop_adam_seed22 step 28000 train {'loss': 0.15717990696430206, 'accuracy': 0.9363057324840764, 'balanced_accuracy': 0.924295532646048, 'rows': 785} lr 0.001
titanic_backprop_adam_seed33 step 25000 train {'loss': 0.16010932624340057, 'accuracy': 0.9363057324840764, 'balanced_accuracy': 0.9281099656357388, 'rows': 785} lr 0.001
titanic_backprop_adam_seed11 step 30000 train {'loss': 0.15960624814033508, 'accuracy': 0.9299363057324841, 'balanced_accuracy': 0.9210481099656358, 'rows': 785} lr 0.001
titanic_backprop_adam_seed22 step 29000 train {'loss': 0.16911658644676208, 'accuracy': 0.9273885350318471, 'balanced_accuracy': 0.9145360824742268, 'rows': 785} lr 0.001
titanic_backprop_adam_seed33 step 26000 train {'loss': 0.1624981313943863, 'accuracy': 0.9337579617834395, 'balanced_accuracy': 0.9247766323024056, 'rows': 785} lr 0.001
titanic_backprop_adam_seed11 step 31000 train {'loss': 0.15727126598358154, 'accuracy': 0.9299363057324841, 'balanced_accuracy': 0.9235910652920962, 'rows': 785} lr 0.001
titanic_backprop_adam_seed22 step 30000 train {'loss': 0.16029728949069977, 'accuracy': 0.9312101910828026, 'balanced_accuracy': 0.9233505154639176, 'rows': 785} lr 0.001
titanic_backprop_adam_seed33 step 27000 train {'loss': 0.15267933905124664, 'accuracy': 0.9337579617834395, 'balanced_accuracy': 0.9235051546391753, 'rows': 785} lr 0.001
titanic_backprop_adam_seed11 step 32000 train {'loss': 0.15079379081726074, 'accuracy': 0.9363057324840764, 'balanced_accuracy': 0.9262027491408935, 'rows': 785} lr 0.001
titanic_backprop_adam_seed22 step 31000 train {'loss': 0.16115093231201172, 'accuracy': 0.932484076433121, 'balanced_accuracy': 0.918659793814433, 'rows': 785} lr 0.001
titanic_backprop_adam_seed33 step 28000 train {'loss': 0.15611745417118073, 'accuracy': 0.932484076433121, 'balanced_accuracy': 0.9180240549828178, 'rows': 785} lr 0.001
titanic_backprop_adam_seed11 step 33000 train {'loss': 0.15562984347343445, 'accuracy': 0.9363057324840764, 'balanced_accuracy': 0.9274742268041237, 'rows': 785} lr 0.001
titanic_backprop_adam_seed22 step 32000 train {'loss': 0.15482012927532196, 'accuracy': 0.9286624203821656, 'balanced_accuracy': 0.9206529209621994, 'rows': 785} lr 0.001
titanic_backprop_adam_seed33 step 29000 train {'loss': 0.15107566118240356, 'accuracy': 0.9337579617834395, 'balanced_accuracy': 0.9209621993127148, 'rows': 785} lr 0.001
titanic_backprop_adam_seed11 step 34000 train {'loss': 0.1482757329940796, 'accuracy': 0.9363057324840764, 'balanced_accuracy': 0.9268384879725087, 'rows': 785} lr 0.001
titanic_backprop_adam_seed22 step 33000 train {'loss': 0.14469294250011444, 'accuracy': 0.9375796178343949, 'balanced_accuracy': 0.9246907216494845, 'rows': 785} lr 0.0002
titanic_backprop_adam_seed33 step 30000 train {'loss': 0.15098126232624054, 'accuracy': 0.9414012738853503, 'balanced_accuracy': 0.9315979381443299, 'rows': 785} lr 0.001
titanic_backprop_adam_seed11 step 35000 train {'loss': 0.15428857505321503, 'accuracy': 0.935031847133758, 'balanced_accuracy': 0.9245360824742268, 'rows': 785} lr 0.001
titanic_backprop_adam_seed22 step 34000 train {'loss': 0.14224883913993835, 'accuracy': 0.9414012738853503, 'balanced_accuracy': 0.9296907216494845, 'rows': 785} lr 0.0002
titanic_backprop_adam_seed33 step 31000 train {'loss': 0.1507750302553177, 'accuracy': 0.935031847133758, 'balanced_accuracy': 0.9232646048109965, 'rows': 785} lr 0.001
titanic_backprop_adam_seed11 step 36000 train {'loss': 0.15303009748458862, 'accuracy': 0.9337579617834395, 'balanced_accuracy': 0.9235051546391753, 'rows': 785} lr 0.001
titanic_backprop_adam_seed22 step 35000 train {'loss': 0.1419553905725479, 'accuracy': 0.9388535031847134, 'balanced_accuracy': 0.9263573883161511, 'rows': 785} lr 0.0002
titanic_backprop_adam_seed33 step 32000 train {'loss': 0.14662373065948486, 'accuracy': 0.9363057324840764, 'balanced_accuracy': 0.9300171821305843, 'rows': 785} lr 0.001
titanic_backprop_adam_seed11 step 37000 train {'loss': 0.15155544877052307, 'accuracy': 0.9337579617834395, 'balanced_accuracy': 0.9196907216494845, 'rows': 785} lr 0.001
titanic_backprop_adam_seed22 step 36000 train {'loss': 0.14189666509628296, 'accuracy': 0.9388535031847134, 'balanced_accuracy': 0.9295360824742268, 'rows': 785} lr 0.0002
titanic_backprop_adam_seed33 step 33000 train {'loss': 0.13865797221660614, 'accuracy': 0.9414012738853503, 'balanced_accuracy': 0.9296907216494845, 'rows': 785} lr 0.0002
titanic_backprop_adam_seed11 step 38000 train {'loss': 0.1480105221271515, 'accuracy': 0.9363057324840764, 'balanced_accuracy': 0.9255670103092783, 'rows': 785} lr 0.001
titanic_backprop_adam_seed22 step 37000 train {'loss': 0.13914351165294647, 'accuracy': 0.9401273885350319, 'balanced_accuracy': 0.9305670103092784, 'rows': 785} lr 0.0002
titanic_backprop_adam_seed33 step 34000 train {'loss': 0.1369248330593109, 'accuracy': 0.9426751592356688, 'balanced_accuracy': 0.9313573883161512, 'rows': 785} lr 0.0002
titanic_backprop_adam_seed11 step 39000 train {'loss': 0.14578284323215485, 'accuracy': 0.9375796178343949, 'balanced_accuracy': 0.927233676975945, 'rows': 785} lr 0.001
titanic_backprop_adam_seed22 step 38000 train {'loss': 0.1395188271999359, 'accuracy': 0.9426751592356688, 'balanced_accuracy': 0.9332646048109965, 'rows': 785} lr 0.0002
titanic_backprop_adam_seed33 step 35000 train {'loss': 0.1371604949235916, 'accuracy': 0.9439490445859873, 'balanced_accuracy': 0.933659793814433, 'rows': 785} lr 0.0002
titanic_backprop_adam_seed11 step 40000 train {'loss': 0.14419259130954742, 'accuracy': 0.9375796178343949, 'balanced_accuracy': 0.9310481099656358, 'rows': 785} lr 0.001
titanic_backprop_adam_seed22 step 39000 train {'loss': 0.13973203301429749, 'accuracy': 0.9388535031847134, 'balanced_accuracy': 0.9295360824742268, 'rows': 785} lr 0.0002
titanic_backprop_adam_seed33 step 36000 train {'loss': 0.13647262752056122, 'accuracy': 0.9439490445859873, 'balanced_accuracy': 0.9349312714776632, 'rows': 785} lr 0.0002
titanic_backprop_adam_seed11 step 41000 train {'loss': 0.13915741443634033, 'accuracy': 0.9401273885350319, 'balanced_accuracy': 0.9292955326460481, 'rows': 785} lr 0.001
titanic_backprop_adam_seed22 step 40000 train {'loss': 0.13832147419452667, 'accuracy': 0.9388535031847134, 'balanced_accuracy': 0.9276288659793814, 'rows': 785} lr 0.0002
titanic_backprop_adam_seed33 step 37000 train {'loss': 0.1361747682094574, 'accuracy': 0.9414012738853503, 'balanced_accuracy': 0.9347766323024055, 'rows': 785} lr 0.0002
{"completed": 12, "expected": 195, "active": 3, "failures": 0, "time": "2026-10-01T15:09:47.067351+10:00"}
titanic_backprop_adam_seed11 step 42000 train {'loss': 0.13922551274299622, 'accuracy': 0.9375796178343949, 'balanced_accuracy': 0.9304123711340206, 'rows': 785} lr 0.001
titanic_backprop_adam_seed22 step 41000 train {'loss': 0.13714013993740082, 'accuracy': 0.9388535031847134, 'balanced_accuracy': 0.9257216494845361, 'rows': 785} lr 0.0002
titanic_backprop_adam_seed33 step 38000 train {'loss': 0.1344459056854248, 'accuracy': 0.9452229299363057, 'balanced_accuracy': 0.9365979381443299, 'rows': 785} lr 0.0002
titanic_backprop_adam_seed11 step 43000 train {'loss': 0.13900068402290344, 'accuracy': 0.9414012738853503, 'balanced_accuracy': 0.9347766323024055, 'rows': 785} lr 0.001
titanic_backprop_adam_seed22 step 42000 train {'loss': 0.1375472992658615, 'accuracy': 0.9388535031847134, 'balanced_accuracy': 0.9295360824742268, 'rows': 785} lr 0.0002
titanic_backprop_adam_seed33 step 39000 train {'loss': 0.1341145634651184, 'accuracy': 0.9426751592356688, 'balanced_accuracy': 0.9307216494845361, 'rows': 785} lr 0.0002
titanic_backprop_adam_seed11 step 44000 train {'loss': 0.1538839489221573, 'accuracy': 0.9388535031847134, 'balanced_accuracy': 0.9301718213058419, 'rows': 785} lr 0.001
titanic_backprop_adam_seed22 step 43000 train {'loss': 0.13691279292106628, 'accuracy': 0.9401273885350319, 'balanced_accuracy': 0.9280240549828178, 'rows': 785} lr 0.0002
titanic_backprop_adam_seed33 step 40000 train {'loss': 0.13299348950386047, 'accuracy': 0.9452229299363057, 'balanced_accuracy': 0.9385051546391753, 'rows': 785} lr 0.0002
titanic_backprop_adam_seed11 step 45000 train {'loss': 0.1383746713399887, 'accuracy': 0.9388535031847134, 'balanced_accuracy': 0.9282646048109966, 'rows': 785} lr 0.001
titanic_backprop_adam_seed22 step 44000 train {'loss': 0.13582976162433624, 'accuracy': 0.9426751592356688, 'balanced_accuracy': 0.9300859106529209, 'rows': 785} lr 0.0002
titanic_backprop_adam_seed33 step 41000 train {'loss': 0.13330866396427155, 'accuracy': 0.9439490445859873, 'balanced_accuracy': 0.9355670103092784, 'rows': 785} lr 0.0002
titanic_backprop_adam_seed11 step 46000 train {'loss': 0.13462364673614502, 'accuracy': 0.9388535031847134, 'balanced_accuracy': 0.9333505154639176, 'rows': 785} lr 0.001
titanic_backprop_adam_seed22 step 45000 train {'loss': 0.1371498852968216, 'accuracy': 0.9414012738853503, 'balanced_accuracy': 0.9335051546391753, 'rows': 785} lr 0.0002
titanic_backprop_adam_seed33 step 42000 train {'loss': 0.1322118639945984, 'accuracy': 0.9452229299363057, 'balanced_accuracy': 0.9365979381443299, 'rows': 785} lr 0.0002
titanic_backprop_adam_seed11 step 47000 train {'loss': 0.1386186182498932, 'accuracy': 0.9388535031847134, 'balanced_accuracy': 0.9263573883161511, 'rows': 785} lr 0.001
titanic_backprop_adam_seed22 step 46000 train {'loss': 0.13500221073627472, 'accuracy': 0.9388535031847134, 'balanced_accuracy': 0.925085910652921, 'rows': 785} lr 0.0002
titanic_backprop_adam_seed33 step 43000 train {'loss': 0.13139617443084717, 'accuracy': 0.9439490445859873, 'balanced_accuracy': 0.9323883161512028, 'rows': 785} lr 0.0002
titanic_backprop_adam_seed11 step 48000 train {'loss': 0.14033475518226624, 'accuracy': 0.9388535031847134, 'balanced_accuracy': 0.9282646048109966, 'rows': 785} lr 0.001
titanic_backprop_adam_seed22 step 47000 train {'loss': 0.1330900639295578, 'accuracy': 0.9426751592356688, 'balanced_accuracy': 0.9313573883161512, 'rows': 785} lr 0.0002
titanic_backprop_adam_seed33 step 44000 train {'loss': 0.13132309913635254, 'accuracy': 0.9414012738853503, 'balanced_accuracy': 0.9296907216494845, 'rows': 785} lr 0.0002
titanic_backprop_adam_seed11 step 49000 train {'loss': 0.14126943051815033, 'accuracy': 0.9363057324840764, 'balanced_accuracy': 0.9338316151202749, 'rows': 785} lr 0.001
titanic_backprop_adam_seed22 step 48000 train {'loss': 0.13324393332004547, 'accuracy': 0.9426751592356688, 'balanced_accuracy': 0.9326288659793814, 'rows': 785} lr 0.0002
titanic_backprop_adam_seed33 step 45000 train {'loss': 0.13201896846294403, 'accuracy': 0.9439490445859873, 'balanced_accuracy': 0.933659793814433, 'rows': 785} lr 0.0002
titanic_backprop_adam_seed11 step 50000 train {'loss': 0.12668301165103912, 'accuracy': 0.9439490445859873, 'balanced_accuracy': 0.9362027491408935, 'rows': 785} lr 0.0002
titanic_backprop_adam_seed22 step 49000 train {'loss': 0.1308644413948059, 'accuracy': 0.9414012738853503, 'balanced_accuracy': 0.9296907216494845, 'rows': 785} lr 4e-05
titanic_backprop_adam_seed33 step 46000 train {'loss': 0.1317984014749527, 'accuracy': 0.9439490445859873, 'balanced_accuracy': 0.9311168384879726, 'rows': 785} lr 0.0002
titanic_backprop_adam_seed11 step 51000 train {'loss': 0.12582720816135406, 'accuracy': 0.9452229299363057, 'balanced_accuracy': 0.9334192439862543, 'rows': 785} lr 0.0002
titanic_backprop_adam_seed22 step 50000 train {'loss': 0.13061115145683289, 'accuracy': 0.9426751592356688, 'balanced_accuracy': 0.9319931271477664, 'rows': 785} lr 4e-05
titanic_backprop_adam_seed33 step 47000 train {'loss': 0.12949183583259583, 'accuracy': 0.9426751592356688, 'balanced_accuracy': 0.9319931271477664, 'rows': 785} lr 0.0002
titanic_backprop_adam_seed11 step 52000 train {'loss': 0.12574727833271027, 'accuracy': 0.9426751592356688, 'balanced_accuracy': 0.9307216494845361, 'rows': 785} lr 0.0002
titanic_backprop_adam_seed22 step 51000 train {'loss': 0.1305215209722519, 'accuracy': 0.9426751592356688, 'balanced_accuracy': 0.9313573883161512, 'rows': 785} lr 4e-05
titanic_backprop_adam_seed33 step 48000 train {'loss': 0.128417506814003, 'accuracy': 0.9452229299363057, 'balanced_accuracy': 0.9372336769759451, 'rows': 785} lr 0.0002
titanic_backprop_adam_seed11 step 53000 train {'loss': 0.12439411878585815, 'accuracy': 0.9452229299363057, 'balanced_accuracy': 0.9321477663230241, 'rows': 785} lr 0.0002
titanic_backprop_adam_seed33 step 49000 train {'loss': 0.13121899962425232, 'accuracy': 0.9414012738853503, 'balanced_accuracy': 0.9271477663230241, 'rows': 785} lr 0.0002
titanic_backprop_adam_seed22 step 52000 train {'loss': 0.13086722791194916, 'accuracy': 0.9388535031847134, 'balanced_accuracy': 0.9269931271477663, 'rows': 785} lr 4e-05
titanic_backprop_adam_seed11 step 54000 train {'loss': 0.12367472052574158, 'accuracy': 0.9452229299363057, 'balanced_accuracy': 0.9346907216494845, 'rows': 785} lr 0.0002
titanic_backprop_adam_seed33 step 50000 train {'loss': 0.13004544377326965, 'accuracy': 0.9414012738853503, 'balanced_accuracy': 0.9335051546391753, 'rows': 785} lr 0.0002
titanic_backprop_adam_seed22 step 53000 train {'loss': 0.130340114235878, 'accuracy': 0.9439490445859873, 'balanced_accuracy': 0.9349312714776632, 'rows': 785} lr 4e-05
titanic_backprop_adam_seed11 step 55000 train {'loss': 0.12174037098884583, 'accuracy': 0.9452229299363057, 'balanced_accuracy': 0.9359621993127147, 'rows': 785} lr 0.0002
titanic_backprop_adam_seed33 step 51000 train {'loss': 0.12868604063987732, 'accuracy': 0.9452229299363057, 'balanced_accuracy': 0.9340549828178695, 'rows': 785} lr 0.0002
titanic_backprop_adam_seed22 step 54000 train {'loss': 0.13048091530799866, 'accuracy': 0.9414012738853503, 'balanced_accuracy': 0.9303264604810997, 'rows': 785} lr 4e-05
titanic_backprop_adam_seed11 step 56000 train {'loss': 0.12346792221069336, 'accuracy': 0.9439490445859873, 'balanced_accuracy': 0.9362027491408935, 'rows': 785} lr 0.0002
titanic_backprop_adam_seed33 step 52000 train {'loss': 0.12958921492099762, 'accuracy': 0.9426751592356688, 'balanced_accuracy': 0.9370790378006872, 'rows': 785} lr 0.0002
titanic_backprop_adam_seed22 step 55000 train {'loss': 0.12978655099868774, 'accuracy': 0.9414012738853503, 'balanced_accuracy': 0.9315979381443299, 'rows': 785} lr 4e-05
titanic_backprop_adam_seed11 step 57000 train {'loss': 0.12219936400651932, 'accuracy': 0.9464968152866242, 'balanced_accuracy': 0.9382646048109966, 'rows': 785} lr 4e-05
titanic_backprop_adam_seed33 step 53000 train {'loss': 0.12808622419834137, 'accuracy': 0.9414012738853503, 'balanced_accuracy': 0.9303264604810997, 'rows': 785} lr 0.0002
titanic_backprop_adam_seed22 step 56000 train {'loss': 0.12995624542236328, 'accuracy': 0.9426751592356688, 'balanced_accuracy': 0.9332646048109965, 'rows': 785} lr 4e-05
titanic_backprop_adam_seed11 step 58000 train {'loss': 0.12041199207305908, 'accuracy': 0.9452229299363057, 'balanced_accuracy': 0.9340549828178695, 'rows': 785} lr 4e-05
titanic_backprop_adam_seed33 step 54000 train {'loss': 0.12580692768096924, 'accuracy': 0.9464968152866242, 'balanced_accuracy': 0.9363573883161511, 'rows': 785} lr 4e-05
titanic_backprop_adam_seed22 step 57000 train {'loss': 0.1296999454498291, 'accuracy': 0.9414012738853503, 'balanced_accuracy': 0.9315979381443299, 'rows': 785} lr 4e-05
titanic_backprop_adam_seed11 step 59000 train {'loss': 0.12023992091417313, 'accuracy': 0.9464968152866242, 'balanced_accuracy': 0.9369931271477663, 'rows': 785} lr 4e-05
titanic_backprop_adam_seed33 step 55000 train {'loss': 0.12532489001750946, 'accuracy': 0.9464968152866242, 'balanced_accuracy': 0.935085910652921, 'rows': 785} lr 4e-05
titanic_backprop_adam_seed22 step 58000 train {'loss': 0.12928199768066406, 'accuracy': 0.9426751592356688, 'balanced_accuracy': 0.9326288659793814, 'rows': 785} lr 4e-05
titanic_backprop_adam_seed11 step 60000 train {'loss': 0.12014316022396088, 'accuracy': 0.9452229299363057, 'balanced_accuracy': 0.9346907216494845, 'rows': 785} lr 4e-05
titanic_backprop_adam_seed33 step 56000 train {'loss': 0.12547798454761505, 'accuracy': 0.9464968152866242, 'balanced_accuracy': 0.9363573883161511, 'rows': 785} lr 4e-05
titanic_backprop_adam_seed22 step 59000 train {'loss': 0.12908104062080383, 'accuracy': 0.9426751592356688, 'balanced_accuracy': 0.9307216494845361, 'rows': 785} lr 4e-05
titanic_backprop_adam_seed11 step 61000 train {'loss': 0.11986478418111801, 'accuracy': 0.9452229299363057, 'balanced_accuracy': 0.9346907216494845, 'rows': 785} lr 4e-05
titanic_backprop_adam_seed22 step 60000 train {'loss': 0.12966729700565338, 'accuracy': 0.9452229299363057, 'balanced_accuracy': 0.9359621993127147, 'rows': 785} lr 4e-05
titanic_backprop_adam_seed33 step 57000 train {'loss': 0.12499547004699707, 'accuracy': 0.9464968152866242, 'balanced_accuracy': 0.9363573883161511, 'rows': 785} lr 8.000000000000001e-06
titanic_backprop_adam_seed11 step 62000 train {'loss': 0.1197032555937767, 'accuracy': 0.9464968152866242, 'balanced_accuracy': 0.9357216494845361, 'rows': 785} lr 4e-05
titanic_backprop_adam_seed22 step 61000 train {'loss': 0.1294827163219452, 'accuracy': 0.9426751592356688, 'balanced_accuracy': 0.9332646048109965, 'rows': 785} lr 4e-05
titanic_backprop_adam_seed33 step 58000 train {'loss': 0.12497937679290771, 'accuracy': 0.9477707006369427, 'balanced_accuracy': 0.9373883161512027, 'rows': 785} lr 8.000000000000001e-06
titanic_backprop_adam_seed11 step 63000 train {'loss': 0.11977195739746094, 'accuracy': 0.9464968152866242, 'balanced_accuracy': 0.9363573883161511, 'rows': 785} lr 4e-05
titanic_backprop_adam_seed22 step 62000 train {'loss': 0.1284860372543335, 'accuracy': 0.9426751592356688, 'balanced_accuracy': 0.9326288659793814, 'rows': 785} lr 8.000000000000001e-06
titanic_backprop_adam_seed33 step 59000 train {'loss': 0.12492313981056213, 'accuracy': 0.9464968152866242, 'balanced_accuracy': 0.9357216494845361, 'rows': 785} lr 8.000000000000001e-06
titanic_backprop_adam_seed11 step 64000 train {'loss': 0.11934316903352737, 'accuracy': 0.9464968152866242, 'balanced_accuracy': 0.9369931271477663, 'rows': 785} lr 4e-05
titanic_backprop_adam_seed33 step 60000 train {'loss': 0.12490076571702957, 'accuracy': 0.9464968152866242, 'balanced_accuracy': 0.9369931271477663, 'rows': 785} lr 8.000000000000001e-06
titanic_backprop_adam_seed22 step 63000 train {'loss': 0.12846887111663818, 'accuracy': 0.9439490445859873, 'balanced_accuracy': 0.9349312714776632, 'rows': 785} lr 8.000000000000001e-06
COMPLETE titanic_backprop_adam_seed33 60300 {'loss': 0.1248704195022583, 'accuracy': 0.9464968152866242, 'balanced_accuracy': 0.9344501718213059, 'rows': 785} {'loss': 14.032596588134766, 'accuracy': 0.7557251908396947, 'balanced_accuracy': 0.7469753086419753, 'rows': 262}
/home/user/anaconda3/envs/pytorchsenv/lib/python3.13/site-packages/torch/cuda/__init__.py:65: FutureWarning: The pynvml package is deprecated. Please install nvidia-ml-py instead. If you did not install pynvml directly, please report this to the maintainers of the package that installed pynvml for you.
  import pynvml  # type: ignore[import]
titanic_backprop_adam_seed11 step 65000 train {'loss': 0.11923467367887497, 'accuracy': 0.9464968152866242, 'balanced_accuracy': 0.9376288659793814, 'rows': 785} lr 4e-05
titanic_backprop_adam_seed22 step 64000 train {'loss': 0.12840339541435242, 'accuracy': 0.9426751592356688, 'balanced_accuracy': 0.9319931271477664, 'rows': 785} lr 8.000000000000001e-06
COMPLETE titanic_backprop_adam_seed22 64000 {'loss': 0.12840339541435242, 'accuracy': 0.9426751592356688, 'balanced_accuracy': 0.9319931271477664, 'rows': 785} {'loss': 12.565427780151367, 'accuracy': 0.7786259541984732, 'balanced_accuracy': 0.7654938271604939, 'rows': 262}
titanic_backprop_adam_seed11 step 66000 train {'loss': 0.11900442093610764, 'accuracy': 0.9452229299363057, 'balanced_accuracy': 0.9365979381443299, 'rows': 785} lr 4e-05
/home/user/anaconda3/envs/pytorchsenv/lib/python3.13/site-packages/torch/cuda/__init__.py:65: FutureWarning: The pynvml package is deprecated. Please install nvidia-ml-py instead. If you did not install pynvml directly, please report this to the maintainers of the package that installed pynvml for you.
  import pynvml  # type: ignore[import]
titanic_backprop_adam_seed11 step 67000 train {'loss': 0.1191910058259964, 'accuracy': 0.9464968152866242, 'balanced_accuracy': 0.9382646048109966, 'rows': 785} lr 4e-05
titanic_backprop_adam_seed11 step 68000 train {'loss': 0.11906178295612335, 'accuracy': 0.9452229299363057, 'balanced_accuracy': 0.9365979381443299, 'rows': 785} lr 4e-05
self.n_h =  [31, 64, 64, 64, 2]
tabular-benchmark_backprop_adam_seed11 step 1000 train {'loss': 0.6376980136591683, 'accuracy': 0.6408114217046722, 'balanced_accuracy': 0.6408098316563144, 'rows': 34951} lr 0.001
titanic_backprop_adam_seed11 step 69000 train {'loss': 0.11869073659181595, 'accuracy': 0.9477707006369427, 'balanced_accuracy': 0.9392955326460481, 'rows': 785} lr 4e-05
tabular-benchmark_backprop_adam_seed11 step 2000 train {'loss': 0.6292786777935289, 'accuracy': 0.6517696203255987, 'balanced_accuracy': 0.6517684011197371, 'rows': 34951} lr 0.001
self.n_h =  [31, 64, 64, 64, 2]
tabular-benchmark_backprop_adam_seed22 step 1000 train {'loss': 0.647416616213659, 'accuracy': 0.6253039970244056, 'balanced_accuracy': 0.6252989900557675, 'rows': 34951} lr 0.001
titanic_backprop_adam_seed11 step 70000 train {'loss': 0.1185615137219429, 'accuracy': 0.9452229299363057, 'balanced_accuracy': 0.9359621993127147, 'rows': 785} lr 4e-05
tabular-benchmark_backprop_adam_seed11 step 3000 train {'loss': 0.6243804471881116, 'accuracy': 0.6545449343366427, 'balanced_accuracy': 0.6545442562389261, 'rows': 34951} lr 0.001
tabular-benchmark_backprop_adam_seed22 step 2000 train {'loss': 0.6308338841342547, 'accuracy': 0.6457898200337615, 'balanced_accuracy': 0.6457916812789811, 'rows': 34951} lr 0.001
titanic_backprop_adam_seed11 step 71000 train {'loss': 0.11844328790903091, 'accuracy': 0.9452229299363057, 'balanced_accuracy': 0.9321477663230241, 'rows': 785} lr 4e-05
tabular-benchmark_backprop_adam_seed11 step 4000 train {'loss': 0.6246150020028296, 'accuracy': 0.6542302080054934, 'balanced_accuracy': 0.6542274727228612, 'rows': 34951} lr 0.001
tabular-benchmark_backprop_adam_seed22 step 3000 train {'loss': 0.6266021293644394, 'accuracy': 0.6512260021172499, 'balanced_accuracy': 0.6512261933881283, 'rows': 34951} lr 0.001
titanic_backprop_adam_seed11 step 72000 train {'loss': 0.11831939220428467, 'accuracy': 0.9464968152866242, 'balanced_accuracy': 0.9338144329896907, 'rows': 785} lr 4e-05
tabular-benchmark_backprop_adam_seed11 step 5000 train {'loss': 0.6184673608329988, 'accuracy': 0.660925295413579, 'balanced_accuracy': 0.6609248244312003, 'rows': 34951} lr 0.001
tabular-benchmark_backprop_adam_seed22 step 4000 train {'loss': 0.6222786624415716, 'accuracy': 0.6579497010099854, 'balanced_accuracy': 0.6579486406208915, 'rows': 34951} lr 0.001
titanic_backprop_adam_seed11 step 73000 train {'loss': 0.11838337779045105, 'accuracy': 0.9464968152866242, 'balanced_accuracy': 0.9376288659793814, 'rows': 785} lr 4e-05
tabular-benchmark_backprop_adam_seed11 step 6000 train {'loss': 0.6170536707028862, 'accuracy': 0.6612686332293782, 'balanced_accuracy': 0.6612674107568246, 'rows': 34951} lr 0.001
tabular-benchmark_backprop_adam_seed22 step 5000 train {'loss': 0.633265360249753, 'accuracy': 0.6371777631541301, 'balanced_accuracy': 0.6371718123297481, 'rows': 34951} lr 0.001
titanic_backprop_adam_seed11 step 74000 train {'loss': 0.1180412545800209, 'accuracy': 0.9452229299363057, 'balanced_accuracy': 0.9359621993127147, 'rows': 785} lr 4e-05
tabular-benchmark_backprop_adam_seed11 step 7000 train {'loss': 0.6185547946222568, 'accuracy': 0.6568338531086378, 'balanced_accuracy': 0.6568340902266621, 'rows': 34951} lr 0.001
tabular-benchmark_backprop_adam_seed22 step 6000 train {'loss': 0.6175547100004354, 'accuracy': 0.6614975251065778, 'balanced_accuracy': 0.6614957361512097, 'rows': 34951} lr 0.001
titanic_backprop_adam_seed11 step 75000 train {'loss': 0.11785819381475449, 'accuracy': 0.9452229299363057, 'balanced_accuracy': 0.9353264604810996, 'rows': 785} lr 4e-05
tabular-benchmark_backprop_adam_seed11 step 8000 train {'loss': 0.6128375547040887, 'accuracy': 0.6642442276329719, 'balanced_accuracy': 0.6642443755278034, 'rows': 34951} lr 0.001
tabular-benchmark_backprop_adam_seed22 step 7000 train {'loss': 0.6148563421545771, 'accuracy': 0.6592372178192326, 'balanced_accuracy': 0.6592381147445702, 'rows': 34951} lr 0.001
titanic_backprop_adam_seed11 step 76000 train {'loss': 0.11776334792375565, 'accuracy': 0.9464968152866242, 'balanced_accuracy': 0.9344501718213059, 'rows': 785} lr 4e-05
tabular-benchmark_backprop_adam_seed11 step 9000 train {'loss': 0.6147622801995524, 'accuracy': 0.6633858830934737, 'balanced_accuracy': 0.6633861193982444, 'rows': 34951} lr 0.001
tabular-benchmark_backprop_adam_seed22 step 8000 train {'loss': 0.6164590666889002, 'accuracy': 0.6582358158564848, 'balanced_accuracy': 0.6582376157156138, 'rows': 34951} lr 0.001
titanic_backprop_adam_seed11 step 77000 train {'loss': 0.11771660298109055, 'accuracy': 0.9452229299363057, 'balanced_accuracy': 0.9365979381443299, 'rows': 785} lr 4e-05
{"completed": 14, "expected": 195, "active": 3, "failures": 0, "time": "2026-10-01T15:10:47.130502+10:00"}
tabular-benchmark_backprop_adam_seed11 step 10000 train {'loss': 0.6129732868953895, 'accuracy': 0.6623844811307259, 'balanced_accuracy': 0.662386042775688, 'rows': 34951} lr 0.001
tabular-benchmark_backprop_adam_seed22 step 9000 train {'loss': 0.6101483799849063, 'accuracy': 0.6631569912162742, 'balanced_accuracy': 0.6631574059793754, 'rows': 34951} lr 0.001
titanic_backprop_adam_seed11 step 78000 train {'loss': 0.11746839433908463, 'accuracy': 0.9464968152866242, 'balanced_accuracy': 0.9395360824742268, 'rows': 785} lr 4e-05
tabular-benchmark_backprop_adam_seed22 step 10000 train {'loss': 0.607507334277748, 'accuracy': 0.6678778861835141, 'balanced_accuracy': 0.6678758213594217, 'rows': 34951} lr 0.001
tabular-benchmark_backprop_adam_seed11 step 11000 train {'loss': 0.6064163516704993, 'accuracy': 0.6685359503304626, 'balanced_accuracy': 0.6685343693095882, 'rows': 34951} lr 0.001
titanic_backprop_adam_seed11 step 79000 train {'loss': 0.11736790090799332, 'accuracy': 0.9464968152866242, 'balanced_accuracy': 0.9331786941580756, 'rows': 785} lr 4e-05
tabular-benchmark_backprop_adam_seed22 step 11000 train {'loss': 0.6043996473879355, 'accuracy': 0.6671053760979657, 'balanced_accuracy': 0.6671052096461905, 'rows': 34951} lr 0.001
tabular-benchmark_backprop_adam_seed11 step 12000 train {'loss': 0.6089715549493634, 'accuracy': 0.6652742410803697, 'balanced_accuracy': 0.6652763782154869, 'rows': 34951} lr 0.001
titanic_backprop_adam_seed11 step 80000 train {'loss': 0.11746381968259811, 'accuracy': 0.9490445859872612, 'balanced_accuracy': 0.9390549828178694, 'rows': 785} lr 4e-05
tabular-benchmark_backprop_adam_seed22 step 12000 train {'loss': 0.6026701670338172, 'accuracy': 0.6703384738634087, 'balanced_accuracy': 0.6703391563201657, 'rows': 34951} lr 0.001
tabular-benchmark_backprop_adam_seed11 step 13000 train {'loss': 0.6006522481678409, 'accuracy': 0.6738004635060514, 'balanced_accuracy': 0.6738006081342375, 'rows': 34951} lr 0.001
titanic_backprop_adam_seed11 step 81000 train {'loss': 0.11707614362239838, 'accuracy': 0.9452229299363057, 'balanced_accuracy': 0.9340549828178695, 'rows': 785} lr 4e-05
tabular-benchmark_backprop_adam_seed22 step 13000 train {'loss': 0.5983462496372202, 'accuracy': 0.6759749363394466, 'balanced_accuracy': 0.6759742590778901, 'rows': 34951} lr 0.001
titanic_backprop_adam_seed11 step 82000 train {'loss': 0.11700103431940079, 'accuracy': 0.9490445859872612, 'balanced_accuracy': 0.9384192439862542, 'rows': 785} lr 4e-05
tabular-benchmark_backprop_adam_seed11 step 14000 train {'loss': 0.6022559030503286, 'accuracy': 0.6721696088810049, 'balanced_accuracy': 0.6721710313690781, 'rows': 34951} lr 0.001
titanic_backprop_adam_seed11 step 83000 train {'loss': 0.11693748086690903, 'accuracy': 0.9490445859872612, 'balanced_accuracy': 0.9415979381443299, 'rows': 785} lr 4e-05
tabular-benchmark_backprop_adam_seed22 step 14000 train {'loss': 0.5953046871334666, 'accuracy': 0.6760035478240966, 'balanced_accuracy': 0.6760022541439215, 'rows': 34951} lr 0.001
tabular-benchmark_backprop_adam_seed11 step 15000 train {'loss': 0.597491178731612, 'accuracy': 0.6766902234556951, 'balanced_accuracy': 0.6766903214250748, 'rows': 34951} lr 0.001
titanic_backprop_adam_seed11 step 84000 train {'loss': 0.11677321791648865, 'accuracy': 0.9490445859872612, 'balanced_accuracy': 0.9396907216494845, 'rows': 785} lr 4e-05
tabular-benchmark_backprop_adam_seed22 step 15000 train {'loss': 0.5977052206532788, 'accuracy': 0.6764041086091958, 'balanced_accuracy': 0.6764012644686471, 'rows': 34951} lr 0.001
tabular-benchmark_backprop_adam_seed11 step 16000 train {'loss': 0.6017809196390419, 'accuracy': 0.6695945752625103, 'balanced_accuracy': 0.6695969882751116, 'rows': 34951} lr 0.001
titanic_backprop_adam_seed11 step 85000 train {'loss': 0.11671793460845947, 'accuracy': 0.9490445859872612, 'balanced_accuracy': 0.9384192439862542, 'rows': 785} lr 4e-05
tabular-benchmark_backprop_adam_seed22 step 16000 train {'loss': 0.5932798531225237, 'accuracy': 0.674859088438099, 'balanced_accuracy': 0.6748559135749956, 'rows': 34951} lr 0.001
tabular-benchmark_backprop_adam_seed11 step 17000 train {'loss': 0.5965998510629376, 'accuracy': 0.6785499699579411, 'balanced_accuracy': 0.6785506123091845, 'rows': 34951} lr 0.001
titanic_backprop_adam_seed11 step 86000 train {'loss': 0.11639915406703949, 'accuracy': 0.9477707006369427, 'balanced_accuracy': 0.9392955326460481, 'rows': 785} lr 8.000000000000001e-06
tabular-benchmark_backprop_adam_seed22 step 17000 train {'loss': 0.5845260450329816, 'accuracy': 0.6849017195502275, 'balanced_accuracy': 0.6849011519906638, 'rows': 34951} lr 0.001
tabular-benchmark_backprop_adam_seed11 step 18000 train {'loss': 0.5909308739504703, 'accuracy': 0.6867614660524735, 'balanced_accuracy': 0.6867612071130618, 'rows': 34951} lr 0.001
titanic_backprop_adam_seed11 step 87000 train {'loss': 0.11631165444850922, 'accuracy': 0.9490445859872612, 'balanced_accuracy': 0.9403264604810997, 'rows': 785} lr 8.000000000000001e-06
tabular-benchmark_backprop_adam_seed22 step 18000 train {'loss': 0.5843890832526527, 'accuracy': 0.6851592229120769, 'balanced_accuracy': 0.6851575461266152, 'rows': 34951} lr 0.001
tabular-benchmark_backprop_adam_seed11 step 19000 train {'loss': 0.5866178970511409, 'accuracy': 0.6860747904208749, 'balanced_accuracy': 0.6860752322170998, 'rows': 34951} lr 0.001
titanic_backprop_adam_seed11 step 88000 train {'loss': 0.1162818893790245, 'accuracy': 0.9503184713375796, 'balanced_accuracy': 0.9413573883161512, 'rows': 785} lr 8.000000000000001e-06
tabular-benchmark_backprop_adam_seed22 step 19000 train {'loss': 0.5819215597552069, 'accuracy': 0.6887070470086692, 'balanced_accuracy': 0.6887063673016842, 'rows': 34951} lr 0.001
tabular-benchmark_backprop_adam_seed11 step 20000 train {'loss': 0.5838094618265143, 'accuracy': 0.6862178478441247, 'balanced_accuracy': 0.6862159966940968, 'rows': 34951} lr 0.001
titanic_backprop_adam_seed11 step 89000 train {'loss': 0.11626746505498886, 'accuracy': 0.9490445859872612, 'balanced_accuracy': 0.9365120274914089, 'rows': 785} lr 8.000000000000001e-06
COMPLETE titanic_backprop_adam_seed11 89400 {'loss': 0.11622539907693863, 'accuracy': 0.9490445859872612, 'balanced_accuracy': 0.9409621993127147, 'rows': 785} {'loss': 11.991691589355469, 'accuracy': 0.7557251908396947, 'balanced_accuracy': 0.7488888888888889, 'rows': 262}
tabular-benchmark_backprop_adam_seed22 step 20000 train {'loss': 0.5748120761576622, 'accuracy': 0.6925982089210609, 'balanced_accuracy': 0.6925964699267927, 'rows': 34951} lr 0.001
tabular-benchmark_backprop_adam_seed11 step 21000 train {'loss': 0.5818008134328996, 'accuracy': 0.6897084489714171, 'balanced_accuracy': 0.6897076587519495, 'rows': 34951} lr 0.001
/home/user/anaconda3/envs/pytorchsenv/lib/python3.13/site-packages/torch/cuda/__init__.py:65: FutureWarning: The pynvml package is deprecated. Please install nvidia-ml-py instead. If you did not install pynvml directly, please report this to the maintainers of the package that installed pynvml for you.
  import pynvml  # type: ignore[import]
tabular-benchmark_backprop_adam_seed22 step 21000 train {'loss': 0.5730467042453381, 'accuracy': 0.6918256988355126, 'balanced_accuracy': 0.6918252311528977, 'rows': 34951} lr 0.001
tabular-benchmark_backprop_adam_seed11 step 22000 train {'loss': 0.5753550214258025, 'accuracy': 0.6948012932391062, 'balanced_accuracy': 0.6948002558014572, 'rows': 34951} lr 0.001
tabular-benchmark_backprop_adam_seed22 step 22000 train {'loss': 0.5702001427087022, 'accuracy': 0.6943435094847071, 'balanced_accuracy': 0.6943434019956574, 'rows': 34951} lr 0.001
tabular-benchmark_backprop_adam_seed11 step 23000 train {'loss': 0.5752817165244137, 'accuracy': 0.6933134960373094, 'balanced_accuracy': 0.6933121802686439, 'rows': 34951} lr 0.001
self.n_h =  [31, 64, 64, 64, 2]
tabular-benchmark_backprop_adam_seed33 step 1000 train {'loss': 0.6387790781752902, 'accuracy': 0.6398100197419244, 'balanced_accuracy': 0.6398122059732194, 'rows': 34951} lr 0.001
tabular-benchmark_backprop_adam_seed22 step 23000 train {'loss': 0.5680862884914267, 'accuracy': 0.6937998912763583, 'balanced_accuracy': 0.693797165030906, 'rows': 34951} lr 0.001
tabular-benchmark_backprop_adam_seed11 step 24000 train {'loss': 0.5790699681670624, 'accuracy': 0.6891934422477183, 'balanced_accuracy': 0.6891903910075243, 'rows': 34951} lr 0.001
tabular-benchmark_backprop_adam_seed33 step 2000 train {'loss': 0.6366569474529208, 'accuracy': 0.6400961345884238, 'balanced_accuracy': 0.6400995700295783, 'rows': 34951} lr 0.001
tabular-benchmark_backprop_adam_seed22 step 24000 train {'loss': 0.5656895048423699, 'accuracy': 0.70235472518669, 'balanced_accuracy': 0.7023547748786727, 'rows': 34951} lr 0.001
tabular-benchmark_backprop_adam_seed11 step 25000 train {'loss': 0.5701383452112455, 'accuracy': 0.6969185431032017, 'balanced_accuracy': 0.696918317735404, 'rows': 34951} lr 0.001
tabular-benchmark_backprop_adam_seed33 step 3000 train {'loss': 0.6243150873414908, 'accuracy': 0.6541443735515435, 'balanced_accuracy': 0.6541449119184422, 'rows': 34951} lr 0.001
tabular-benchmark_backprop_adam_seed22 step 25000 train {'loss': 0.5639722664834897, 'accuracy': 0.6992074618751967, 'balanced_accuracy': 0.6992077702475923, 'rows': 34951} lr 0.001
tabular-benchmark_backprop_adam_seed11 step 26000 train {'loss': 0.5637259223591373, 'accuracy': 0.7031558467568882, 'balanced_accuracy': 0.7031556868835609, 'rows': 34951} lr 0.001
tabular-benchmark_backprop_adam_seed33 step 4000 train {'loss': 0.6197112220039197, 'accuracy': 0.6602386197819805, 'balanced_accuracy': 0.6602381111426552, 'rows': 34951} lr 0.001
tabular-benchmark_backprop_adam_seed22 step 26000 train {'loss': 0.556870998326591, 'accuracy': 0.7028983433950388, 'balanced_accuracy': 0.7028990176922792, 'rows': 34951} lr 0.001
tabular-benchmark_backprop_adam_seed11 step 27000 train {'loss': 0.5633851805097135, 'accuracy': 0.7022116677634402, 'balanced_accuracy': 0.7022105181813211, 'rows': 34951} lr 0.001
tabular-benchmark_backprop_adam_seed33 step 5000 train {'loss': 0.6166741537186916, 'accuracy': 0.6632142141855741, 'balanced_accuracy': 0.6632125971411929, 'rows': 34951} lr 0.001
tabular-benchmark_backprop_adam_seed22 step 27000 train {'loss': 0.552472451683694, 'accuracy': 0.709765099711024, 'balanced_accuracy': 0.7097639517723223, 'rows': 34951} lr 0.001
tabular-benchmark_backprop_adam_seed11 step 28000 train {'loss': 0.5605482448494958, 'accuracy': 0.7058453263139824, 'balanced_accuracy': 0.7058444362364442, 'rows': 34951} lr 0.001
tabular-benchmark_backprop_adam_seed33 step 6000 train {'loss': 0.6196427660190865, 'accuracy': 0.6598952819661812, 'balanced_accuracy': 0.659892615452019, 'rows': 34951} lr 0.001
tabular-benchmark_backprop_adam_seed22 step 28000 train {'loss': 0.550551797913153, 'accuracy': 0.710680667219822, 'balanced_accuracy': 0.7106789708084433, 'rows': 34951} lr 0.001
tabular-benchmark_backprop_adam_seed11 step 29000 train {'loss': 0.5666187240079368, 'accuracy': 0.703699464965237, 'balanced_accuracy': 0.7036991487364973, 'rows': 34951} lr 0.001
tabular-benchmark_backprop_adam_seed33 step 7000 train {'loss': 0.6126460077639748, 'accuracy': 0.6653314640496696, 'balanced_accuracy': 0.6653291577314615, 'rows': 34951} lr 0.001
tabular-benchmark_backprop_adam_seed11 step 30000 train {'loss': 0.5551417222852096, 'accuracy': 0.7103659408886727, 'balanced_accuracy': 0.7103664179053162, 'rows': 34951} lr 0.001
tabular-benchmark_backprop_adam_seed22 step 29000 train {'loss': 0.5461107763056182, 'accuracy': 0.7132557008383165, 'balanced_accuracy': 0.7132544481194892, 'rows': 34951} lr 0.001
tabular-benchmark_backprop_adam_seed33 step 8000 train {'loss': 0.6083075191864745, 'accuracy': 0.6699665245629596, 'balanced_accuracy': 0.6699659258837216, 'rows': 34951} lr 0.001
tabular-benchmark_backprop_adam_seed11 step 31000 train {'loss': 0.5505706067777786, 'accuracy': 0.7131412548997167, 'balanced_accuracy': 0.713140786415934, 'rows': 34951} lr 0.001
tabular-benchmark_backprop_adam_seed22 step 30000 train {'loss': 0.5443711330125214, 'accuracy': 0.7133129238076164, 'balanced_accuracy': 0.7133114828069134, 'rows': 34951} lr 0.001
tabular-benchmark_backprop_adam_seed33 step 9000 train {'loss': 0.6044505712508556, 'accuracy': 0.6691367915081113, 'balanced_accuracy': 0.6691369369510968, 'rows': 34951} lr 0.001
tabular-benchmark_backprop_adam_seed11 step 32000 train {'loss': 0.5451612379522898, 'accuracy': 0.7173471431432576, 'balanced_accuracy': 0.7173468719496282, 'rows': 34951} lr 0.001
tabular-benchmark_backprop_adam_seed22 step 31000 train {'loss': 0.5395544288731492, 'accuracy': 0.7171754742353581, 'balanced_accuracy': 0.7171757351426735, 'rows': 34951} lr 0.001
tabular-benchmark_backprop_adam_seed33 step 10000 train {'loss': 0.6034228793353892, 'accuracy': 0.6731710108437526, 'balanced_accuracy': 0.6731693332298601, 'rows': 34951} lr 0.001
tabular-benchmark_backprop_adam_seed11 step 33000 train {'loss': 0.540468319920947, 'accuracy': 0.7225830448341964, 'balanced_accuracy': 0.7225823995368592, 'rows': 34951} lr 0.001
tabular-benchmark_backprop_adam_seed22 step 32000 train {'loss': 0.5324599572453989, 'accuracy': 0.7216674773253984, 'balanced_accuracy': 0.7216669171634853, 'rows': 34951} lr 0.001
tabular-benchmark_backprop_adam_seed33 step 11000 train {'loss': 0.6042012394366492, 'accuracy': 0.670281250894109, 'balanced_accuracy': 0.6702781611634316, 'rows': 34951} lr 0.001
tabular-benchmark_backprop_adam_seed22 step 33000 train {'loss': 0.5319178236158091, 'accuracy': 0.7221824840490974, 'balanced_accuracy': 0.7221820319450571, 'rows': 34951} lr 0.001
tabular-benchmark_backprop_adam_seed11 step 34000 train {'loss': 0.5443230819277168, 'accuracy': 0.7155160081256616, 'balanced_accuracy': 0.7155156992741486, 'rows': 34951} lr 0.001
tabular-benchmark_backprop_adam_seed33 step 12000 train {'loss': 0.5989343145453624, 'accuracy': 0.6739721324139509, 'balanced_accuracy': 0.6739696492815326, 'rows': 34951} lr 0.001
tabular-benchmark_backprop_adam_seed22 step 34000 train {'loss': 0.5379178605585534, 'accuracy': 0.7171182512660582, 'balanced_accuracy': 0.7171197777552931, 'rows': 34951} lr 0.001
tabular-benchmark_backprop_adam_seed11 step 35000 train {'loss': 0.5405799990109471, 'accuracy': 0.7208377442705503, 'balanced_accuracy': 0.7208383899308792, 'rows': 34951} lr 0.001
tabular-benchmark_backprop_adam_seed33 step 13000 train {'loss': 0.5907264786050922, 'accuracy': 0.6821836285084834, 'balanced_accuracy': 0.6821832156653179, 'rows': 34951} lr 0.001
tabular-benchmark_backprop_adam_seed22 step 35000 train {'loss': 0.52745901855637, 'accuracy': 0.726016422992189, 'balanced_accuracy': 0.7260146283593178, 'rows': 34951} lr 0.001
tabular-benchmark_backprop_adam_seed11 step 36000 train {'loss': 0.5341781182117358, 'accuracy': 0.7259019770535893, 'balanced_accuracy': 0.7259012597206682, 'rows': 34951} lr 0.001
tabular-benchmark_backprop_adam_seed33 step 14000 train {'loss': 0.5898288990655807, 'accuracy': 0.6810677806071357, 'balanced_accuracy': 0.6810669150678257, 'rows': 34951} lr 0.001
tabular-benchmark_backprop_adam_seed22 step 36000 train {'loss': 0.5242318630641439, 'accuracy': 0.7274756087093359, 'balanced_accuracy': 0.727476165964457, 'rows': 34951} lr 0.001
tabular-benchmark_backprop_adam_seed11 step 37000 train {'loss': 0.5312339214991304, 'accuracy': 0.7270178249549369, 'balanced_accuracy': 0.7270175668670968, 'rows': 34951} lr 0.001
tabular-benchmark_backprop_adam_seed33 step 15000 train {'loss': 0.5861419369190678, 'accuracy': 0.6855311722125261, 'balanced_accuracy': 0.6855309861290252, 'rows': 34951} lr 0.001
tabular-benchmark_backprop_adam_seed22 step 37000 train {'loss': 0.5203047400533731, 'accuracy': 0.7300506423278303, 'balanced_accuracy': 0.7300507395222747, 'rows': 34951} lr 0.001
tabular-benchmark_backprop_adam_seed33 step 16000 train {'loss': 0.5814638337721719, 'accuracy': 0.6886498240393694, 'balanced_accuracy': 0.6886488103365793, 'rows': 34951} lr 0.001
tabular-benchmark_backprop_adam_seed11 step 38000 train {'loss': 0.5381763654220278, 'accuracy': 0.72089496723985, 'balanced_accuracy': 0.7208956194491624, 'rows': 34951} lr 0.001
tabular-benchmark_backprop_adam_seed22 step 38000 train {'loss': 0.5168517255339001, 'accuracy': 0.7305942605361793, 'balanced_accuracy': 0.7305944076667089, 'rows': 34951} lr 0.001
tabular-benchmark_backprop_adam_seed33 step 17000 train {'loss': 0.581108841415891, 'accuracy': 0.6892220537323682, 'balanced_accuracy': 0.6892230161716162, 'rows': 34951} lr 0.001
tabular-benchmark_backprop_adam_seed11 step 39000 train {'loss': 0.5299350734616666, 'accuracy': 0.7305370375668794, 'balanced_accuracy': 0.7305353477206917, 'rows': 34951} lr 0.001
{"completed": 15, "expected": 195, "active": 3, "failures": 0, "time": "2026-10-01T15:11:47.194704+10:00"}
tabular-benchmark_backprop_adam_seed22 step 39000 train {'loss': 0.5096819696005231, 'accuracy': 0.7382907499070127, 'balanced_accuracy': 0.7382897108677309, 'rows': 34951} lr 0.001
tabular-benchmark_backprop_adam_seed33 step 18000 train {'loss': 0.5731766850122044, 'accuracy': 0.6948585162084061, 'balanced_accuracy': 0.6948579371963545, 'rows': 34951} lr 0.001
tabular-benchmark_backprop_adam_seed11 step 40000 train {'loss': 0.5237744384025328, 'accuracy': 0.7305370375668794, 'balanced_accuracy': 0.7305379410995205, 'rows': 34951} lr 0.001
tabular-benchmark_backprop_adam_seed22 step 40000 train {'loss': 0.5104873814602198, 'accuracy': 0.7381763039684129, 'balanced_accuracy': 0.7381765419716424, 'rows': 34951} lr 0.001
tabular-benchmark_backprop_adam_seed33 step 19000 train {'loss': 0.5738097382821032, 'accuracy': 0.6945151783926068, 'balanced_accuracy': 0.6945130865759575, 'rows': 34951} lr 0.001
tabular-benchmark_backprop_adam_seed11 step 41000 train {'loss': 0.529202217945012, 'accuracy': 0.7257303081456897, 'balanced_accuracy': 0.7257308400222533, 'rows': 34951} lr 0.001
tabular-benchmark_backprop_adam_seed22 step 41000 train {'loss': 0.5034393814709295, 'accuracy': 0.7420388543961546, 'balanced_accuracy': 0.7420382271243194, 'rows': 34951} lr 0.001
tabular-benchmark_backprop_adam_seed11 step 42000 train {'loss': 0.5163829773626103, 'accuracy': 0.73954965523161, 'balanced_accuracy': 0.739549131922103, 'rows': 34951} lr 0.001
tabular-benchmark_backprop_adam_seed33 step 20000 train {'loss': 0.5680481535757885, 'accuracy': 0.6999513604760951, 'balanced_accuracy': 0.699950982848008, 'rows': 34951} lr 0.001
tabular-benchmark_backprop_adam_seed11 step 43000 train {'loss': 0.5205850272484799, 'accuracy': 0.7345426454178707, 'balanced_accuracy': 0.734541027613263, 'rows': 34951} lr 0.001
tabular-benchmark_backprop_adam_seed22 step 42000 train {'loss': 0.5116007418998276, 'accuracy': 0.7356298818345683, 'balanced_accuracy': 0.7356313993341697, 'rows': 34951} lr 0.001
tabular-benchmark_backprop_adam_seed33 step 21000 train {'loss': 0.5710573068883013, 'accuracy': 0.6941432290921576, 'balanced_accuracy': 0.6941404242597491, 'rows': 34951} lr 0.001
tabular-benchmark_backprop_adam_seed11 step 44000 train {'loss': 0.5136999905131575, 'accuracy': 0.7372321249749649, 'balanced_accuracy': 0.7372327043407333, 'rows': 34951} lr 0.001
tabular-benchmark_backprop_adam_seed22 step 43000 train {'loss': 0.5072993248140879, 'accuracy': 0.7396641011702098, 'balanced_accuracy': 0.7396648794619132, 'rows': 34951} lr 0.001
tabular-benchmark_backprop_adam_seed33 step 22000 train {'loss': 0.5611186846312642, 'accuracy': 0.704185860204286, 'balanced_accuracy': 0.7041858787903198, 'rows': 34951} lr 0.001
tabular-benchmark_backprop_adam_seed33 step 23000 train {'loss': 0.5590834215742567, 'accuracy': 0.7043575291121856, 'balanced_accuracy': 0.7043571269291939, 'rows': 34951} lr 0.001
tabular-benchmark_backprop_adam_seed11 step 45000 train {'loss': 0.5054708780109932, 'accuracy': 0.7439558238677005, 'balanced_accuracy': 0.7439560324054473, 'rows': 34951} lr 0.0002
tabular-benchmark_backprop_adam_seed22 step 44000 train {'loss': 0.4995280262651452, 'accuracy': 0.7454150095848474, 'balanced_accuracy': 0.7454163666435162, 'rows': 34951} lr 0.001
tabular-benchmark_backprop_adam_seed33 step 24000 train {'loss': 0.5609844655206946, 'accuracy': 0.7037566879345369, 'balanced_accuracy': 0.703756612379258, 'rows': 34951} lr 0.001
tabular-benchmark_backprop_adam_seed11 step 46000 train {'loss': 0.5016482372544313, 'accuracy': 0.7488197762581901, 'balanced_accuracy': 0.7488195820403276, 'rows': 34951} lr 0.0002
tabular-benchmark_backprop_adam_seed22 step 45000 train {'loss': 0.49542214833974857, 'accuracy': 0.7469028067866441, 'balanced_accuracy': 0.746902423466673, 'rows': 34951} lr 0.001
tabular-benchmark_backprop_adam_seed33 step 25000 train {'loss': 0.5470539042749875, 'accuracy': 0.7166318560270093, 'balanced_accuracy': 0.7166310011588344, 'rows': 34951} lr 0.001
tabular-benchmark_backprop_adam_seed11 step 47000 train {'loss': 0.5006823690446612, 'accuracy': 0.7496781207976881, 'balanced_accuracy': 0.7496774092145501, 'rows': 34951} lr 0.0002
tabular-benchmark_backprop_adam_seed22 step 46000 train {'loss': 0.4929731669560621, 'accuracy': 0.7491917255586392, 'balanced_accuracy': 0.7491910066075494, 'rows': 34951} lr 0.001
tabular-benchmark_backprop_adam_seed33 step 26000 train {'loss': 0.54539052176614, 'accuracy': 0.7154587851563617, 'balanced_accuracy': 0.7154576069334899, 'rows': 34951} lr 0.001
tabular-benchmark_backprop_adam_seed11 step 48000 train {'loss': 0.5000784369617507, 'accuracy': 0.7496208978283884, 'balanced_accuracy': 0.7496212062420533, 'rows': 34951} lr 0.0002
tabular-benchmark_backprop_adam_seed22 step 47000 train {'loss': 0.49235637214357003, 'accuracy': 0.7476753168721925, 'balanced_accuracy': 0.747674128852289, 'rows': 34951} lr 0.001
tabular-benchmark_backprop_adam_seed33 step 27000 train {'loss': 0.5431403065303518, 'accuracy': 0.7147434980401133, 'balanced_accuracy': 0.7147419620810032, 'rows': 34951} lr 0.001
tabular-benchmark_backprop_adam_seed11 step 49000 train {'loss': 0.4985599460487478, 'accuracy': 0.7503647964292867, 'balanced_accuracy': 0.7503645072531109, 'rows': 34951} lr 0.0002
tabular-benchmark_backprop_adam_seed22 step 48000 train {'loss': 0.4908493096755266, 'accuracy': 0.7524248233240823, 'balanced_accuracy': 0.7524239693038252, 'rows': 34951} lr 0.001
tabular-benchmark_backprop_adam_seed33 step 28000 train {'loss': 0.5427878123592237, 'accuracy': 0.7163457411805099, 'balanced_accuracy': 0.7163460487483182, 'rows': 34951} lr 0.001
tabular-benchmark_backprop_adam_seed11 step 50000 train {'loss': 0.5011608152511495, 'accuracy': 0.7477897628107922, 'balanced_accuracy': 0.7477882768143747, 'rows': 34951} lr 0.0002
tabular-benchmark_backprop_adam_seed22 step 49000 train {'loss': 0.48564292721262525, 'accuracy': 0.7569168264141226, 'balanced_accuracy': 0.7569159093640294, 'rows': 34951} lr 0.001
tabular-benchmark_backprop_adam_seed33 step 29000 train {'loss': 0.5338344708818799, 'accuracy': 0.724213899459243, 'balanced_accuracy': 0.7242137428776223, 'rows': 34951} lr 0.001
tabular-benchmark_backprop_adam_seed11 step 51000 train {'loss': 0.4961237663139939, 'accuracy': 0.7523676003547825, 'balanced_accuracy': 0.7523674830898275, 'rows': 34951} lr 0.0002
tabular-benchmark_backprop_adam_seed22 step 50000 train {'loss': 0.4803885764140932, 'accuracy': 0.7588337958856685, 'balanced_accuracy': 0.7588340158962334, 'rows': 34951} lr 0.001
tabular-benchmark_backprop_adam_seed33 step 30000 train {'loss': 0.5316236534550727, 'accuracy': 0.7243283453978427, 'balanced_accuracy': 0.7243270853205263, 'rows': 34951} lr 0.001
tabular-benchmark_backprop_adam_seed11 step 52000 train {'loss': 0.49772449231827187, 'accuracy': 0.7517381476924838, 'balanced_accuracy': 0.7517371397716582, 'rows': 34951} lr 0.0002
tabular-benchmark_backprop_adam_seed22 step 51000 train {'loss': 0.47936235370596697, 'accuracy': 0.7591485222168178, 'balanced_accuracy': 0.7591489902686079, 'rows': 34951} lr 0.001
tabular-benchmark_backprop_adam_seed33 step 31000 train {'loss': 0.5245713204113882, 'accuracy': 0.7287917370032331, 'balanced_accuracy': 0.7287915673274872, 'rows': 34951} lr 0.001
tabular-benchmark_backprop_adam_seed11 step 53000 train {'loss': 0.49490217832836014, 'accuracy': 0.7528826070784813, 'balanced_accuracy': 0.7528824668926705, 'rows': 34951} lr 0.0002
tabular-benchmark_backprop_adam_seed22 step 52000 train {'loss': 0.4835993159607222, 'accuracy': 0.7551429143658265, 'balanced_accuracy': 0.7551433414834847, 'rows': 34951} lr 0.001
tabular-benchmark_backprop_adam_seed33 step 32000 train {'loss': 0.5299792334141914, 'accuracy': 0.7276186661325856, 'balanced_accuracy': 0.7276188722011074, 'rows': 34951} lr 0.001
tabular-benchmark_backprop_adam_seed11 step 54000 train {'loss': 0.4932675447098288, 'accuracy': 0.754427627249578, 'balanced_accuracy': 0.7544273855565171, 'rows': 34951} lr 0.0002
tabular-benchmark_backprop_adam_seed22 step 53000 train {'loss': 0.48069897609880385, 'accuracy': 0.757202941260622, 'balanced_accuracy': 0.7572016558330885, 'rows': 34951} lr 0.001
tabular-benchmark_backprop_adam_seed33 step 33000 train {'loss': 0.5231067811121795, 'accuracy': 0.7313667706217276, 'balanced_accuracy': 0.7313664486853174, 'rows': 34951} lr 0.001
tabular-benchmark_backprop_adam_seed11 step 55000 train {'loss': 0.49335091789748814, 'accuracy': 0.7537123401333296, 'balanced_accuracy': 0.7537124316168243, 'rows': 34951} lr 0.0002
tabular-benchmark_backprop_adam_seed22 step 54000 train {'loss': 0.46322724005616017, 'accuracy': 0.7705072816228434, 'balanced_accuracy': 0.7705070792365643, 'rows': 34951} lr 0.0002
tabular-benchmark_backprop_adam_seed33 step 34000 train {'loss': 0.5182689091875564, 'accuracy': 0.7327687333695746, 'balanced_accuracy': 0.7327684973891028, 'rows': 34951} lr 0.001
tabular-benchmark_backprop_adam_seed11 step 56000 train {'loss': 0.49197079109919095, 'accuracy': 0.7552287488197763, 'balanced_accuracy': 0.7552283876092813, 'rows': 34951} lr 0.0002
tabular-benchmark_backprop_adam_seed22 step 55000 train {'loss': 0.46039459514504, 'accuracy': 0.771165345769792, 'balanced_accuracy': 0.7711648527749972, 'rows': 34951} lr 0.0002
tabular-benchmark_backprop_adam_seed33 step 35000 train {'loss': 0.5264009839850418, 'accuracy': 0.7262167033847386, 'balanced_accuracy': 0.7262171067388228, 'rows': 34951} lr 0.001
tabular-benchmark_backprop_adam_seed11 step 57000 train {'loss': 0.49230630205992837, 'accuracy': 0.7543131813109782, 'balanced_accuracy': 0.754313108252937, 'rows': 34951} lr 0.0002
tabular-benchmark_backprop_adam_seed22 step 56000 train {'loss': 0.45945036008475265, 'accuracy': 0.7718806328860405, 'balanced_accuracy': 0.7718798591061815, 'rows': 34951} lr 0.0002
tabular-benchmark_backprop_adam_seed33 step 36000 train {'loss': 0.5129693318482943, 'accuracy': 0.738147692483763, 'balanced_accuracy': 0.7381475383694001, 'rows': 34951} lr 0.001
tabular-benchmark_backprop_adam_seed11 step 58000 train {'loss': 0.4905209824558403, 'accuracy': 0.7535406712254299, 'balanced_accuracy': 0.7535406628375035, 'rows': 34951} lr 0.0002
tabular-benchmark_backprop_adam_seed22 step 57000 train {'loss': 0.4578829236676712, 'accuracy': 0.7743412205659351, 'balanced_accuracy': 0.7743409232232162, 'rows': 34951} lr 0.0002
tabular-benchmark_backprop_adam_seed33 step 37000 train {'loss': 0.5119953787308735, 'accuracy': 0.7362307230122171, 'balanced_accuracy': 0.7362290716456921, 'rows': 34951} lr 0.001
tabular-benchmark_backprop_adam_seed11 step 59000 train {'loss': 0.4908207735566192, 'accuracy': 0.7556293096048754, 'balanced_accuracy': 0.7556286798883145, 'rows': 34951} lr 0.0002
tabular-benchmark_backprop_adam_seed22 step 58000 train {'loss': 0.4567351787911475, 'accuracy': 0.7741981631426855, 'balanced_accuracy': 0.7741981269386898, 'rows': 34951} lr 0.0002
tabular-benchmark_backprop_adam_seed33 step 38000 train {'loss': 0.5057338202519123, 'accuracy': 0.7416096821264055, 'balanced_accuracy': 0.7416089066845322, 'rows': 34951} lr 0.001
tabular-benchmark_backprop_adam_seed11 step 60000 train {'loss': 0.4884312579496808, 'accuracy': 0.7574318331378215, 'balanced_accuracy': 0.7574316462945626, 'rows': 34951} lr 0.0002
tabular-benchmark_backprop_adam_seed22 step 59000 train {'loss': 0.45691261435420705, 'accuracy': 0.7721953592171897, 'balanced_accuracy': 0.7721955162051795, 'rows': 34951} lr 0.0002
tabular-benchmark_backprop_adam_seed33 step 39000 train {'loss': 0.5026791806193859, 'accuracy': 0.7445852765299992, 'balanced_accuracy': 0.7445852018267604, 'rows': 34951} lr 0.001
tabular-benchmark_backprop_adam_seed11 step 61000 train {'loss': 0.48859990227956096, 'accuracy': 0.7552573603044263, 'balanced_accuracy': 0.7552567559646894, 'rows': 34951} lr 0.0002
tabular-benchmark_backprop_adam_seed22 step 60000 train {'loss': 0.4545213922230233, 'accuracy': 0.7760865211295814, 'balanced_accuracy': 0.7760859118951935, 'rows': 34951} lr 0.0002
tabular-benchmark_backprop_adam_seed33 step 40000 train {'loss': 0.5071853570735375, 'accuracy': 0.7399502160167091, 'balanced_accuracy': 0.7399477165659604, 'rows': 34951} lr 0.001
tabular-benchmark_backprop_adam_seed11 step 62000 train {'loss': 0.4882895863868625, 'accuracy': 0.7564304311750737, 'balanced_accuracy': 0.7564302074932275, 'rows': 34951} lr 0.0002
tabular-benchmark_backprop_adam_seed22 step 61000 train {'loss': 0.45524933509743304, 'accuracy': 0.7744842779891848, 'balanced_accuracy': 0.7744846216237367, 'rows': 34951} lr 0.0002
tabular-benchmark_backprop_adam_seed33 step 41000 train {'loss': 0.5000792614827221, 'accuracy': 0.7443563846527996, 'balanced_accuracy': 0.7443548659088892, 'rows': 34951} lr 0.001
tabular-benchmark_backprop_adam_seed11 step 63000 train {'loss': 0.48676810967356365, 'accuracy': 0.7595490830019169, 'balanced_accuracy': 0.7595486685848502, 'rows': 34951} lr 0.0002
tabular-benchmark_backprop_adam_seed22 step 62000 train {'loss': 0.4521195548782532, 'accuracy': 0.7767159737918801, 'balanced_accuracy': 0.7767155266441841, 'rows': 34951} lr 0.0002
tabular-benchmark_backprop_adam_seed33 step 42000 train {'loss': 0.49502451779033957, 'accuracy': 0.7488197762581901, 'balanced_accuracy': 0.7488192169371214, 'rows': 34951} lr 0.001
tabular-benchmark_backprop_adam_seed11 step 64000 train {'loss': 0.4892339093533849, 'accuracy': 0.7550856913965266, 'balanced_accuracy': 0.7550866964577785, 'rows': 34951} lr 0.0002
tabular-benchmark_backprop_adam_seed22 step 63000 train {'loss': 0.45144467161147267, 'accuracy': 0.7763726359760807, 'balanced_accuracy': 0.7763725522940761, 'rows': 34951} lr 0.0002
tabular-benchmark_backprop_adam_seed33 step 43000 train {'loss': 0.4999493647397992, 'accuracy': 0.7424108036966038, 'balanced_accuracy': 0.7424122336097312, 'rows': 34951} lr 0.001
tabular-benchmark_backprop_adam_seed11 step 65000 train {'loss': 0.4855526943772427, 'accuracy': 0.7585762925238191, 'balanced_accuracy': 0.7585762088272459, 'rows': 34951} lr 0.0002
tabular-benchmark_backprop_adam_seed22 step 64000 train {'loss': 0.4516519067018064, 'accuracy': 0.7773454264541787, 'balanced_accuracy': 0.7773455736229797, 'rows': 34951} lr 0.0002
tabular-benchmark_backprop_adam_seed33 step 44000 train {'loss': 0.48530044735257355, 'accuracy': 0.753941232010529, 'balanced_accuracy': 0.7539402576548062, 'rows': 34951} lr 0.001
tabular-benchmark_backprop_adam_seed11 step 66000 train {'loss': 0.48562074123692645, 'accuracy': 0.7596349174558668, 'balanced_accuracy': 0.7596345644351493, 'rows': 34951} lr 0.0002
tabular-benchmark_backprop_adam_seed22 step 65000 train {'loss': 0.4498810183438807, 'accuracy': 0.7789476695945753, 'balanced_accuracy': 0.7789472470072178, 'rows': 34951} lr 0.0002
tabular-benchmark_backprop_adam_seed33 step 45000 train {'loss': 0.4841533486972581, 'accuracy': 0.7519956510543332, 'balanced_accuracy': 0.7519954380108784, 'rows': 34951} lr 0.001
tabular-benchmark_backprop_adam_seed11 step 67000 train {'loss': 0.4825156343520099, 'accuracy': 0.7616663328660124, 'balanced_accuracy': 0.761666175496434, 'rows': 34951} lr 4e-05
tabular-benchmark_backprop_adam_seed22 step 66000 train {'loss': 0.45031279309710487, 'accuracy': 0.7794912878029241, 'balanced_accuracy': 0.7794907530654753, 'rows': 34951} lr 0.0002
tabular-benchmark_backprop_adam_seed33 step 46000 train {'loss': 0.48544677422130633, 'accuracy': 0.7528539955938314, 'balanced_accuracy': 0.7528541492915197, 'rows': 34951} lr 0.001
tabular-benchmark_backprop_adam_seed11 step 68000 train {'loss': 0.48182675799997143, 'accuracy': 0.761866613258562, 'balanced_accuracy': 0.7618665565790452, 'rows': 34951} lr 4e-05
{"completed": 15, "expected": 195, "active": 3, "failures": 0, "time": "2026-10-01T15:12:47.253638+10:00"}
tabular-benchmark_backprop_adam_seed22 step 67000 train {'loss': 0.44979035370609305, 'accuracy': 0.7768304197304798, 'balanced_accuracy': 0.776829378266896, 'rows': 34951} lr 0.0002
tabular-benchmark_backprop_adam_seed33 step 47000 train {'loss': 0.47846443312082376, 'accuracy': 0.7587479614317187, 'balanced_accuracy': 0.7587476256012333, 'rows': 34951} lr 0.001
tabular-benchmark_backprop_adam_seed11 step 69000 train {'loss': 0.48174660632816396, 'accuracy': 0.7615804984120627, 'balanced_accuracy': 0.7615802599993255, 'rows': 34951} lr 4e-05
tabular-benchmark_backprop_adam_seed22 step 68000 train {'loss': 0.44783629260313246, 'accuracy': 0.7789762810792252, 'balanced_accuracy': 0.778975959181789, 'rows': 34951} lr 0.0002
tabular-benchmark_backprop_adam_seed33 step 48000 train {'loss': 0.4762772711951082, 'accuracy': 0.759491860032617, 'balanced_accuracy': 0.7594904534516334, 'rows': 34951} lr 0.001
tabular-benchmark_backprop_adam_seed11 step 70000 train {'loss': 0.4817858347164292, 'accuracy': 0.7621241166204115, 'balanced_accuracy': 0.7621239297809937, 'rows': 34951} lr 8.000000000000001e-06
tabular-benchmark_backprop_adam_seed22 step 69000 train {'loss': 0.4465746410163986, 'accuracy': 0.780006294526623, 'balanced_accuracy': 0.7800057516034252, 'rows': 34951} lr 0.0002
tabular-benchmark_backprop_adam_seed33 step 49000 train {'loss': 0.46199352241020164, 'accuracy': 0.7692483762982462, 'balanced_accuracy': 0.7692479594332682, 'rows': 34951} lr 0.0002
tabular-benchmark_backprop_adam_seed11 step 71000 train {'loss': 0.4812272450427041, 'accuracy': 0.7620668936511116, 'balanced_accuracy': 0.7620667559286702, 'rows': 34951} lr 8.000000000000001e-06
tabular-benchmark_backprop_adam_seed22 step 70000 train {'loss': 0.44588015259995434, 'accuracy': 0.7798632371033732, 'balanced_accuracy': 0.7798630109848586, 'rows': 34951} lr 0.0002
tabular-benchmark_backprop_adam_seed33 step 50000 train {'loss': 0.46003013964627204, 'accuracy': 0.7717089639781408, 'balanced_accuracy': 0.7717087288481632, 'rows': 34951} lr 0.0002
tabular-benchmark_backprop_adam_seed11 step 72000 train {'loss': 0.48118503519432837, 'accuracy': 0.7622671740436612, 'balanced_accuracy': 0.7622669618272319, 'rows': 34951} lr 8.000000000000001e-06
COMPLETE tabular-benchmark_backprop_adam_seed11 72000 {'loss': 0.48118503519432837, 'accuracy': 0.7622671740436612, 'balanced_accuracy': 0.7622669618272319, 'rows': 34951} {'loss': 0.7839420619373946, 'accuracy': 0.6113638314307784, 'balanced_accuracy': 0.6113637991009666, 'rows': 11651}
tabular-benchmark_backprop_adam_seed22 step 71000 train {'loss': 0.446259022718308, 'accuracy': 0.7785471088094761, 'balanced_accuracy': 0.7785471462845756, 'rows': 34951} lr 0.0002
tabular-benchmark_backprop_adam_seed33 step 51000 train {'loss': 0.45864375303860594, 'accuracy': 0.7708792309232926, 'balanced_accuracy': 0.7708790080718917, 'rows': 34951} lr 0.0002
/home/user/anaconda3/envs/pytorchsenv/lib/python3.13/site-packages/torch/cuda/__init__.py:65: FutureWarning: The pynvml package is deprecated. Please install nvidia-ml-py instead. If you did not install pynvml directly, please report this to the maintainers of the package that installed pynvml for you.
  import pynvml  # type: ignore[import]
tabular-benchmark_backprop_adam_seed22 step 72000 train {'loss': 0.44664968456622645, 'accuracy': 0.7815513146977197, 'balanced_accuracy': 0.7815504148587509, 'rows': 34951} lr 0.0002
tabular-benchmark_backprop_adam_seed33 step 52000 train {'loss': 0.4564846309524848, 'accuracy': 0.7743126090812852, 'balanced_accuracy': 0.7743121848528994, 'rows': 34951} lr 0.0002
tabular-benchmark_backprop_adam_seed22 step 73000 train {'loss': 0.44398065868807, 'accuracy': 0.7811221424279706, 'balanced_accuracy': 0.7811219556041049, 'rows': 34951} lr 0.0002
tabular-benchmark_backprop_adam_seed33 step 53000 train {'loss': 0.45681038706337634, 'accuracy': 0.7745415009584847, 'balanced_accuracy': 0.7745413681579577, 'rows': 34951} lr 0.0002
self.n_h =  [14, 256, 256, 256, 2]
adult_income_dataset_backprop_adam_seed11 step 1000 train {'loss': 0.3210540045652144, 'accuracy': 0.8496161064664733, 'balanced_accuracy': 0.7743195086370958, 'rows': 29305} lr 0.001
tabular-benchmark_backprop_adam_seed22 step 74000 train {'loss': 0.4442642424782678, 'accuracy': 0.7812651998512202, 'balanced_accuracy': 0.7812650236694936, 'rows': 34951} lr 0.0002
tabular-benchmark_backprop_adam_seed33 step 54000 train {'loss': 0.45560716894497594, 'accuracy': 0.7731681496952877, 'balanced_accuracy': 0.7731678515329914, 'rows': 34951} lr 0.0002
adult_income_dataset_backprop_adam_seed11 step 2000 train {'loss': 0.31900053802884654, 'accuracy': 0.8475345504180174, 'balanced_accuracy': 0.7758840321897631, 'rows': 29305} lr 0.001
tabular-benchmark_backprop_adam_seed22 step 75000 train {'loss': 0.4434012366350429, 'accuracy': 0.7824668822065177, 'balanced_accuracy': 0.7824664440683172, 'rows': 34951} lr 0.0002
tabular-benchmark_backprop_adam_seed33 step 55000 train {'loss': 0.45406517559788073, 'accuracy': 0.7747131698663844, 'balanced_accuracy': 0.7747128013042861, 'rows': 34951} lr 0.0002
adult_income_dataset_backprop_adam_seed11 step 3000 train {'loss': 0.3131862299227914, 'accuracy': 0.8533014843883296, 'balanced_accuracy': 0.7457044116258115, 'rows': 29305} lr 0.001
tabular-benchmark_backprop_adam_seed22 step 76000 train {'loss': 0.4429132282650354, 'accuracy': 0.7824954936911677, 'balanced_accuracy': 0.7824950956652261, 'rows': 34951} lr 0.0002
tabular-benchmark_backprop_adam_seed33 step 56000 train {'loss': 0.45260867075699635, 'accuracy': 0.7747417813510343, 'balanced_accuracy': 0.7747409551820261, 'rows': 34951} lr 0.0002
tabular-benchmark_backprop_adam_seed22 step 77000 train {'loss': 0.44233660790828916, 'accuracy': 0.783725787531115, 'balanced_accuracy': 0.7837254361673528, 'rows': 34951} lr 0.0002
adult_income_dataset_backprop_adam_seed11 step 4000 train {'loss': 0.3080652443475028, 'accuracy': 0.8559290223511347, 'balanced_accuracy': 0.7893196574358472, 'rows': 29305} lr 0.001
tabular-benchmark_backprop_adam_seed33 step 57000 train {'loss': 0.45225763528808355, 'accuracy': 0.7756001258905325, 'balanced_accuracy': 0.7755991933020098, 'rows': 34951} lr 0.0002
tabular-benchmark_backprop_adam_seed22 step 78000 train {'loss': 0.4407289005068388, 'accuracy': 0.7839832908929645, 'balanced_accuracy': 0.7839834315182629, 'rows': 34951} lr 0.0002
adult_income_dataset_backprop_adam_seed11 step 5000 train {'loss': 0.3077183774511799, 'accuracy': 0.855280668827845, 'balanced_accuracy': 0.805072055571459, 'rows': 29305} lr 0.001
tabular-benchmark_backprop_adam_seed33 step 58000 train {'loss': 0.45181401956337536, 'accuracy': 0.7760865211295814, 'balanced_accuracy': 0.7760863031941455, 'rows': 34951} lr 0.0002
tabular-benchmark_backprop_adam_seed22 step 79000 train {'loss': 0.4378554451118051, 'accuracy': 0.7863008211496094, 'balanced_accuracy': 0.7863005418262561, 'rows': 34951} lr 4e-05
adult_income_dataset_backprop_adam_seed11 step 6000 train {'loss': 0.2890813601238698, 'accuracy': 0.8641187510663709, 'balanced_accuracy': 0.7879573811972473, 'rows': 29305} lr 0.001
tabular-benchmark_backprop_adam_seed33 step 59000 train {'loss': 0.45017683917178447, 'accuracy': 0.7773740379388286, 'balanced_accuracy': 0.777373899410301, 'rows': 34951} lr 0.0002
tabular-benchmark_backprop_adam_seed22 step 80000 train {'loss': 0.43751310465100574, 'accuracy': 0.7856427570026608, 'balanced_accuracy': 0.7856425963782416, 'rows': 34951} lr 4e-05
adult_income_dataset_backprop_adam_seed11 step 7000 train {'loss': 0.28381610296525517, 'accuracy': 0.8652107148950691, 'balanced_accuracy': 0.7803169971240003, 'rows': 29305} lr 0.001
tabular-benchmark_backprop_adam_seed33 step 60000 train {'loss': 0.4477600286716092, 'accuracy': 0.778575720294126, 'balanced_accuracy': 0.7785755932272209, 'rows': 34951} lr 0.0002
tabular-benchmark_backprop_adam_seed22 step 81000 train {'loss': 0.4371064081167732, 'accuracy': 0.7873594460816572, 'balanced_accuracy': 0.7873591954107673, 'rows': 34951} lr 8.000000000000001e-06
adult_income_dataset_backprop_adam_seed11 step 8000 train {'loss': 0.27750912499069824, 'accuracy': 0.868042996075755, 'balanced_accuracy': 0.7995301752992588, 'rows': 29305} lr 0.001
tabular-benchmark_backprop_adam_seed33 step 61000 train {'loss': 0.44740189676247133, 'accuracy': 0.7772595920002289, 'balanced_accuracy': 0.7772588607928601, 'rows': 34951} lr 0.0002
tabular-benchmark_backprop_adam_seed22 step 82000 train {'loss': 0.4369624797752025, 'accuracy': 0.7871305542044577, 'balanced_accuracy': 0.7871303199057215, 'rows': 34951} lr 8.000000000000001e-06
adult_income_dataset_backprop_adam_seed11 step 9000 train {'loss': 0.2708885139246236, 'accuracy': 0.871216515952909, 'balanced_accuracy': 0.8016649096131389, 'rows': 29305} lr 0.001
tabular-benchmark_backprop_adam_seed33 step 62000 train {'loss': 0.44668016446915443, 'accuracy': 0.7788618351406255, 'balanced_accuracy': 0.778861536164373, 'rows': 34951} lr 0.0002
COMPLETE tabular-benchmark_backprop_adam_seed22 82800 {'loss': 0.4368982438890928, 'accuracy': 0.7872736116277074, 'balanced_accuracy': 0.7872733945200464, 'rows': 34951} {'loss': 0.9021107968255978, 'accuracy': 0.6099047292077934, 'balanced_accuracy': 0.6099053819713023, 'rows': 11651}
adult_income_dataset_backprop_adam_seed11 step 10000 train {'loss': 0.2722779101040802, 'accuracy': 0.8722402320423136, 'balanced_accuracy': 0.7941263017107967, 'rows': 29305} lr 0.001
tabular-benchmark_backprop_adam_seed33 step 63000 train {'loss': 0.44534340506885695, 'accuracy': 0.779977683041973, 'balanced_accuracy': 0.7799776566661133, 'rows': 34951} lr 0.0002
/home/user/anaconda3/envs/pytorchsenv/lib/python3.13/site-packages/torch/cuda/__init__.py:65: FutureWarning: The pynvml package is deprecated. Please install nvidia-ml-py instead. If you did not install pynvml directly, please report this to the maintainers of the package that installed pynvml for you.
  import pynvml  # type: ignore[import]
adult_income_dataset_backprop_adam_seed11 step 11000 train {'loss': 0.2559271712643643, 'accuracy': 0.8778706705340386, 'balanced_accuracy': 0.8034968359090615, 'rows': 29305} lr 0.001
tabular-benchmark_backprop_adam_seed33 step 64000 train {'loss': 0.44452975709848774, 'accuracy': 0.7811793653972705, 'balanced_accuracy': 0.781178643197898, 'rows': 34951} lr 0.0002
adult_income_dataset_backprop_adam_seed11 step 12000 train {'loss': 0.25061677681303457, 'accuracy': 0.8819655348916567, 'balanced_accuracy': 0.8212426159419272, 'rows': 29305} lr 0.001
tabular-benchmark_backprop_adam_seed33 step 65000 train {'loss': 0.44515219864911854, 'accuracy': 0.7808360275814712, 'balanced_accuracy': 0.7808352071477712, 'rows': 34951} lr 0.0002
self.n_h =  [14, 256, 256, 256, 2]
adult_income_dataset_backprop_adam_seed22 step 1000 train {'loss': 0.3239069008050244, 'accuracy': 0.8465108343286128, 'balanced_accuracy': 0.7924650269837515, 'rows': 29305} lr 0.001
adult_income_dataset_backprop_adam_seed11 step 13000 train {'loss': 0.24965221176699065, 'accuracy': 0.8832622419382358, 'balanced_accuracy': 0.8333856655855152, 'rows': 29305} lr 0.001
tabular-benchmark_backprop_adam_seed33 step 66000 train {'loss': 0.4433602129320591, 'accuracy': 0.7819804869674687, 'balanced_accuracy': 0.7819801315091925, 'rows': 34951} lr 0.0002
adult_income_dataset_backprop_adam_seed22 step 2000 train {'loss': 0.32536065634699163, 'accuracy': 0.8426548370585224, 'balanced_accuracy': 0.7981909417563815, 'rows': 29305} lr 0.001
adult_income_dataset_backprop_adam_seed11 step 14000 train {'loss': 0.23686365583532398, 'accuracy': 0.8868111243815049, 'balanced_accuracy': 0.8219835838257318, 'rows': 29305} lr 0.001
tabular-benchmark_backprop_adam_seed33 step 67000 train {'loss': 0.44184685787132466, 'accuracy': 0.7834110611999656, 'balanced_accuracy': 0.7834110806694716, 'rows': 34951} lr 0.0002
adult_income_dataset_backprop_adam_seed22 step 3000 train {'loss': 0.30840926914669875, 'accuracy': 0.8552124210885514, 'balanced_accuracy': 0.7835698587363764, 'rows': 29305} lr 0.001
adult_income_dataset_backprop_adam_seed11 step 15000 train {'loss': 0.2299201125009254, 'accuracy': 0.8902576352158335, 'balanced_accuracy': 0.829283278891926, 'rows': 29305} lr 0.001
tabular-benchmark_backprop_adam_seed33 step 68000 train {'loss': 0.4416214429934149, 'accuracy': 0.7829246659609167, 'balanced_accuracy': 0.7829241443241515, 'rows': 34951} lr 0.0002
adult_income_dataset_backprop_adam_seed22 step 4000 train {'loss': 0.30187044120388135, 'accuracy': 0.8602627537962805, 'balanced_accuracy': 0.7799975212149532, 'rows': 29305} lr 0.001
adult_income_dataset_backprop_adam_seed11 step 16000 train {'loss': 0.2253904964986504, 'accuracy': 0.8914860945231189, 'balanced_accuracy': 0.8219769979136701, 'rows': 29305} lr 0.001
tabular-benchmark_backprop_adam_seed33 step 69000 train {'loss': 0.43991757601082593, 'accuracy': 0.7848416354324625, 'balanced_accuracy': 0.7848413061722743, 'rows': 34951} lr 0.0002
adult_income_dataset_backprop_adam_seed22 step 5000 train {'loss': 0.2996439519941024, 'accuracy': 0.859989762839106, 'balanced_accuracy': 0.7588495306595668, 'rows': 29305} lr 0.001
adult_income_dataset_backprop_adam_seed11 step 17000 train {'loss': 0.21828472754782813, 'accuracy': 0.895034976966388, 'balanced_accuracy': 0.8342806331400946, 'rows': 29305} lr 0.001
tabular-benchmark_backprop_adam_seed33 step 70000 train {'loss': 0.4397984495403695, 'accuracy': 0.7840691253469142, 'balanced_accuracy': 0.7840687756206672, 'rows': 34951} lr 0.0002
adult_income_dataset_backprop_adam_seed22 step 6000 train {'loss': 0.2988117042376592, 'accuracy': 0.8555877836546665, 'balanced_accuracy': 0.7353298281055841, 'rows': 29305} lr 0.001
adult_income_dataset_backprop_adam_seed11 step 18000 train {'loss': 0.20803436348257648, 'accuracy': 0.8990957174543593, 'balanced_accuracy': 0.8227262021857986, 'rows': 29305} lr 0.001
tabular-benchmark_backprop_adam_seed33 step 71000 train {'loss': 0.4397885764660895, 'accuracy': 0.7844124631627135, 'balanced_accuracy': 0.7844115142090636, 'rows': 34951} lr 0.0002
adult_income_dataset_backprop_adam_seed22 step 7000 train {'loss': 0.28287650699746464, 'accuracy': 0.8651765910254223, 'balanced_accuracy': 0.7912431883629192, 'rows': 29305} lr 0.001
adult_income_dataset_backprop_adam_seed11 step 19000 train {'loss': 0.20694384924626313, 'accuracy': 0.9005971677188194, 'balanced_accuracy': 0.8342217789477991, 'rows': 29305} lr 0.001
tabular-benchmark_backprop_adam_seed33 step 72000 train {'loss': 0.438278486208801, 'accuracy': 0.7849560813710623, 'balanced_accuracy': 0.7849552707641397, 'rows': 34951} lr 0.0002
adult_income_dataset_backprop_adam_seed22 step 8000 train {'loss': 0.28302504864391503, 'accuracy': 0.867462890291759, 'balanced_accuracy': 0.8076536211487576, 'rows': 29305} lr 0.001
adult_income_dataset_backprop_adam_seed11 step 20000 train {'loss': 0.1959314117240857, 'accuracy': 0.9059546152533697, 'balanced_accuracy': 0.8578318258855528, 'rows': 29305} lr 0.001
tabular-benchmark_backprop_adam_seed33 step 73000 train {'loss': 0.4348575105612815, 'accuracy': 0.7881033446825556, 'balanced_accuracy': 0.7881029908665258, 'rows': 34951} lr 4e-05
adult_income_dataset_backprop_adam_seed22 step 9000 train {'loss': 0.269343113275828, 'accuracy': 0.8725814707387818, 'balanced_accuracy': 0.8039306296894477, 'rows': 29305} lr 0.001
adult_income_dataset_backprop_adam_seed11 step 21000 train {'loss': 0.19468927298709204, 'accuracy': 0.9075925609964169, 'balanced_accuracy': 0.8540694980753272, 'rows': 29305} lr 0.001
tabular-benchmark_backprop_adam_seed33 step 74000 train {'loss': 0.4344999553945722, 'accuracy': 0.787445280535607, 'balanced_accuracy': 0.787444858773823, 'rows': 34951} lr 4e-05
adult_income_dataset_backprop_adam_seed22 step 10000 train {'loss': 0.2671024307468771, 'accuracy': 0.8740146732639481, 'balanced_accuracy': 0.8091249951477277, 'rows': 29305} lr 0.001
adult_income_dataset_backprop_adam_seed11 step 22000 train {'loss': 0.19305449198881242, 'accuracy': 0.905715748165842, 'balanced_accuracy': 0.8440379289424677, 'rows': 29305} lr 0.001
tabular-benchmark_backprop_adam_seed33 step 75000 train {'loss': 0.43412378969351034, 'accuracy': 0.7877313953821063, 'balanced_accuracy': 0.7877309015822558, 'rows': 34951} lr 4e-05
adult_income_dataset_backprop_adam_seed22 step 11000 train {'loss': 0.2593009050104769, 'accuracy': 0.8758573622248763, 'balanced_accuracy': 0.7857017430999664, 'rows': 29305} lr 0.001
adult_income_dataset_backprop_adam_seed11 step 23000 train {'loss': 0.18741325224102856, 'accuracy': 0.9108002047432179, 'balanced_accuracy': 0.854906961245717, 'rows': 29305} lr 0.001
tabular-benchmark_backprop_adam_seed33 step 76000 train {'loss': 0.43409420883654526, 'accuracy': 0.787445280535607, 'balanced_accuracy': 0.787444948821699, 'rows': 34951} lr 4e-05
{"completed": 17, "expected": 195, "active": 3, "failures": 0, "time": "2026-10-01T15:13:47.324596+10:00"}
adult_income_dataset_backprop_adam_seed22 step 12000 train {'loss': 0.24872487865298137, 'accuracy': 0.8825115168060058, 'balanced_accuracy': 0.8224812727879274, 'rows': 29305} lr 0.001
adult_income_dataset_backprop_adam_seed11 step 24000 train {'loss': 0.18095302513497535, 'accuracy': 0.915270431666951, 'balanced_accuracy': 0.8576984699624451, 'rows': 29305} lr 0.001
tabular-benchmark_backprop_adam_seed33 step 77000 train {'loss': 0.4337558552240364, 'accuracy': 0.7886469628909044, 'balanced_accuracy': 0.788646719588622, 'rows': 34951} lr 4e-05
adult_income_dataset_backprop_adam_seed22 step 13000 train {'loss': 0.24942264151825388, 'accuracy': 0.8810441904111926, 'balanced_accuracy': 0.8116435355617118, 'rows': 29305} lr 0.001
tabular-benchmark_backprop_adam_seed33 step 78000 train {'loss': 0.43324583388289645, 'accuracy': 0.7886755743755544, 'balanced_accuracy': 0.7886752271089295, 'rows': 34951} lr 8.000000000000001e-06
adult_income_dataset_backprop_adam_seed11 step 25000 train {'loss': 0.16920701054161144, 'accuracy': 0.9192970482852756, 'balanced_accuracy': 0.8755460261662157, 'rows': 29305} lr 0.001
adult_income_dataset_backprop_adam_seed22 step 14000 train {'loss': 0.23520367396119876, 'accuracy': 0.8888926804299607, 'balanced_accuracy': 0.81455372823524, 'rows': 29305} lr 0.001
tabular-benchmark_backprop_adam_seed33 step 79000 train {'loss': 0.4331877899449263, 'accuracy': 0.7885897399216045, 'balanced_accuracy': 0.7885893427192691, 'rows': 34951} lr 8.000000000000001e-06
adult_income_dataset_backprop_adam_seed11 step 26000 train {'loss': 0.1709572449969749, 'accuracy': 0.9183415799351646, 'balanced_accuracy': 0.8846935797420186, 'rows': 29305} lr 0.001
COMPLETE tabular-benchmark_backprop_adam_seed33 79600 {'loss': 0.43314970620595783, 'accuracy': 0.7884180710137049, 'balanced_accuracy': 0.788417675448463, 'rows': 34951} {'loss': 0.9435572092312722, 'accuracy': 0.6019225817526392, 'balanced_accuracy': 0.6019227408877476, 'rows': 11651}
adult_income_dataset_backprop_adam_seed22 step 15000 train {'loss': 0.22641236131822995, 'accuracy': 0.8910766080873571, 'balanced_accuracy': 0.8319233084326363, 'rows': 29305} lr 0.001
adult_income_dataset_backprop_adam_seed11 step 27000 train {'loss': 0.16814259965861947, 'accuracy': 0.9211397372462037, 'balanced_accuracy': 0.8742644025612423, 'rows': 29305} lr 0.001
/home/user/anaconda3/envs/pytorchsenv/lib/python3.13/site-packages/torch/cuda/__init__.py:65: FutureWarning: The pynvml package is deprecated. Please install nvidia-ml-py instead. If you did not install pynvml directly, please report this to the maintainers of the package that installed pynvml for you.
  import pynvml  # type: ignore[import]
adult_income_dataset_backprop_adam_seed22 step 16000 train {'loss': 0.227201367271697, 'accuracy': 0.8948302337485071, 'balanced_accuracy': 0.8394737383509961, 'rows': 29305} lr 0.001
adult_income_dataset_backprop_adam_seed11 step 28000 train {'loss': 0.15858548297356917, 'accuracy': 0.926155946084286, 'balanced_accuracy': 0.8943753534610065, 'rows': 29305} lr 0.001
adult_income_dataset_backprop_adam_seed22 step 17000 train {'loss': 0.21561652323254302, 'accuracy': 0.898037877495308, 'balanced_accuracy': 0.8479850109375399, 'rows': 29305} lr 0.001
adult_income_dataset_backprop_adam_seed11 step 29000 train {'loss': 0.17049592513361597, 'accuracy': 0.9203207643746801, 'balanced_accuracy': 0.8770498051555198, 'rows': 29305} lr 0.001
self.n_h =  [14, 256, 256, 256, 2]
adult_income_dataset_backprop_adam_seed33 step 1000 train {'loss': 0.31892805000332675, 'accuracy': 0.8511516806005801, 'balanced_accuracy': 0.762864963482637, 'rows': 29305} lr 0.001
adult_income_dataset_backprop_adam_seed22 step 18000 train {'loss': 0.20922198881520854, 'accuracy': 0.9013820167206962, 'balanced_accuracy': 0.8415805233207306, 'rows': 29305} lr 0.001
adult_income_dataset_backprop_adam_seed11 step 30000 train {'loss': 0.1562485875051759, 'accuracy': 0.9283057498720355, 'balanced_accuracy': 0.890558431990232, 'rows': 29305} lr 0.001
adult_income_dataset_backprop_adam_seed33 step 2000 train {'loss': 0.3158664025232829, 'accuracy': 0.8495137348575329, 'balanced_accuracy': 0.7722482344957778, 'rows': 29305} lr 0.001
adult_income_dataset_backprop_adam_seed22 step 19000 train {'loss': 0.21532757319325657, 'accuracy': 0.8971847807541375, 'balanced_accuracy': 0.8598881273924068, 'rows': 29305} lr 0.001
adult_income_dataset_backprop_adam_seed11 step 31000 train {'loss': 0.15896193343631806, 'accuracy': 0.924654495819826, 'balanced_accuracy': 0.9032129277634646, 'rows': 29305} lr 0.001
adult_income_dataset_backprop_adam_seed33 step 3000 train {'loss': 0.30988199809085304, 'accuracy': 0.8544958198259682, 'balanced_accuracy': 0.7873023468313889, 'rows': 29305} lr 0.001
adult_income_dataset_backprop_adam_seed22 step 20000 train {'loss': 0.19699409204555685, 'accuracy': 0.9076608087357106, 'balanced_accuracy': 0.8712215736490232, 'rows': 29305} lr 0.001
adult_income_dataset_backprop_adam_seed11 step 32000 train {'loss': 0.15503197987420103, 'accuracy': 0.9253028493431155, 'balanced_accuracy': 0.8756321100182399, 'rows': 29305} lr 0.001
adult_income_dataset_backprop_adam_seed33 step 4000 train {'loss': 0.30243684299527895, 'accuracy': 0.8570209861798328, 'balanced_accuracy': 0.7757161857908119, 'rows': 29305} lr 0.001
adult_income_dataset_backprop_adam_seed22 step 21000 train {'loss': 0.2128143710856998, 'accuracy': 0.904214297901382, 'balanced_accuracy': 0.8483298709156117, 'rows': 29305} lr 0.001
adult_income_dataset_backprop_adam_seed11 step 33000 train {'loss': 0.14815975619326516, 'accuracy': 0.9293294659614401, 'balanced_accuracy': 0.8885918895238233, 'rows': 29305} lr 0.001
adult_income_dataset_backprop_adam_seed33 step 5000 train {'loss': 0.30018904439887584, 'accuracy': 0.8593414093158164, 'balanced_accuracy': 0.7496253898674422, 'rows': 29305} lr 0.001
adult_income_dataset_backprop_adam_seed22 step 22000 train {'loss': 0.19722623185144514, 'accuracy': 0.9084797816072343, 'balanced_accuracy': 0.8601758284348093, 'rows': 29305} lr 0.001
adult_income_dataset_backprop_adam_seed11 step 34000 train {'loss': 0.14579724416129114, 'accuracy': 0.9312745265313086, 'balanced_accuracy': 0.8914832840403883, 'rows': 29305} lr 0.001
adult_income_dataset_backprop_adam_seed33 step 6000 train {'loss': 0.2928224951196624, 'accuracy': 0.8616277085821532, 'balanced_accuracy': 0.7743450430401988, 'rows': 29305} lr 0.001
adult_income_dataset_backprop_adam_seed22 step 23000 train {'loss': 0.18006062893925665, 'accuracy': 0.9155434226241256, 'balanced_accuracy': 0.8653561968308348, 'rows': 29305} lr 0.001
adult_income_dataset_backprop_adam_seed11 step 35000 train {'loss': 0.14423455162994936, 'accuracy': 0.9328101006654155, 'balanced_accuracy': 0.9088666214052339, 'rows': 29305} lr 0.001
adult_income_dataset_backprop_adam_seed33 step 7000 train {'loss': 0.28674190732688754, 'accuracy': 0.8650742194164819, 'balanced_accuracy': 0.7906382472310574, 'rows': 29305} lr 0.001
adult_income_dataset_backprop_adam_seed22 step 24000 train {'loss': 0.18312895807353857, 'accuracy': 0.916225900017062, 'balanced_accuracy': 0.8762157324983817, 'rows': 29305} lr 0.001
adult_income_dataset_backprop_adam_seed11 step 36000 train {'loss': 0.13542177629407773, 'accuracy': 0.9366319740658591, 'balanced_accuracy': 0.8973018237967407, 'rows': 29305} lr 0.001
adult_income_dataset_backprop_adam_seed33 step 8000 train {'loss': 0.28029969587828024, 'accuracy': 0.8653130865040095, 'balanced_accuracy': 0.810737376114804, 'rows': 29305} lr 0.001
adult_income_dataset_backprop_adam_seed22 step 25000 train {'loss': 0.17030420803236607, 'accuracy': 0.9198771540692715, 'balanced_accuracy': 0.8852629652651001, 'rows': 29305} lr 0.001
adult_income_dataset_backprop_adam_seed11 step 37000 train {'loss': 0.14377257415071076, 'accuracy': 0.9324688619689473, 'balanced_accuracy': 0.8951031943010512, 'rows': 29305} lr 0.001
adult_income_dataset_backprop_adam_seed33 step 9000 train {'loss': 0.2703916123551611, 'accuracy': 0.8707729056475004, 'balanced_accuracy': 0.8033773267141303, 'rows': 29305} lr 0.001
adult_income_dataset_backprop_adam_seed22 step 26000 train {'loss': 0.1677136697224679, 'accuracy': 0.9221975772052551, 'balanced_accuracy': 0.8784300095325879, 'rows': 29305} lr 0.001
adult_income_dataset_backprop_adam_seed11 step 38000 train {'loss': 0.142231592936659, 'accuracy': 0.9314792697491896, 'balanced_accuracy': 0.8909824444597465, 'rows': 29305} lr 0.001
adult_income_dataset_backprop_adam_seed33 step 10000 train {'loss': 0.2662071440025028, 'accuracy': 0.8731957003924246, 'balanced_accuracy': 0.7967094122106431, 'rows': 29305} lr 0.001
adult_income_dataset_backprop_adam_seed22 step 27000 train {'loss': 0.16910253647009965, 'accuracy': 0.9221634533356082, 'balanced_accuracy': 0.8873033345582682, 'rows': 29305} lr 0.001
adult_income_dataset_backprop_adam_seed11 step 39000 train {'loss': 0.1330700308114997, 'accuracy': 0.9376898140249105, 'balanced_accuracy': 0.9158374942607567, 'rows': 29305} lr 0.001
adult_income_dataset_backprop_adam_seed33 step 11000 train {'loss': 0.26224997460974336, 'accuracy': 0.8750383893533527, 'balanced_accuracy': 0.8076961081181195, 'rows': 29305} lr 0.001
adult_income_dataset_backprop_adam_seed22 step 28000 train {'loss': 0.16003170073378148, 'accuracy': 0.9247227435591197, 'balanced_accuracy': 0.8874702661583609, 'rows': 29305} lr 0.001
adult_income_dataset_backprop_adam_seed11 step 40000 train {'loss': 0.14353156640777368, 'accuracy': 0.9323664903600068, 'balanced_accuracy': 0.9026119624881802, 'rows': 29305} lr 0.001
adult_income_dataset_backprop_adam_seed33 step 12000 train {'loss': 0.258504792580607, 'accuracy': 0.8778365466643917, 'balanced_accuracy': 0.8327521897661823, 'rows': 29305} lr 0.001
adult_income_dataset_backprop_adam_seed22 step 29000 train {'loss': 0.16056890520468198, 'accuracy': 0.9244497526019451, 'balanced_accuracy': 0.8724319964757086, 'rows': 29305} lr 0.001
adult_income_dataset_backprop_adam_seed11 step 41000 train {'loss': 0.1360787474942317, 'accuracy': 0.9371097082409146, 'balanced_accuracy': 0.905436266424126, 'rows': 29305} lr 0.001
adult_income_dataset_backprop_adam_seed33 step 13000 train {'loss': 0.24522311309664918, 'accuracy': 0.8822385258488312, 'balanced_accuracy': 0.8092026027166226, 'rows': 29305} lr 0.001
adult_income_dataset_backprop_adam_seed22 step 30000 train {'loss': 0.15657775231980764, 'accuracy': 0.9253369732127623, 'balanced_accuracy': 0.8942769678033535, 'rows': 29305} lr 0.001
adult_income_dataset_backprop_adam_seed11 step 42000 train {'loss': 0.12623005013044042, 'accuracy': 0.9412045725985326, 'balanced_accuracy': 0.9067102389841009, 'rows': 29305} lr 0.001
adult_income_dataset_backprop_adam_seed33 step 14000 train {'loss': 0.23755576706973994, 'accuracy': 0.8857191605528066, 'balanced_accuracy': 0.8265935463461027, 'rows': 29305} lr 0.001
adult_income_dataset_backprop_adam_seed22 step 31000 train {'loss': 0.15650286153098703, 'accuracy': 0.9254734686913496, 'balanced_accuracy': 0.8907986050737585, 'rows': 29305} lr 0.001
adult_income_dataset_backprop_adam_seed11 step 43000 train {'loss': 0.13015695400173766, 'accuracy': 0.9396689984644259, 'balanced_accuracy': 0.9042346205487263, 'rows': 29305} lr 0.001
adult_income_dataset_backprop_adam_seed33 step 15000 train {'loss': 0.22782741285716893, 'accuracy': 0.8910083603480635, 'balanced_accuracy': 0.8406764493593324, 'rows': 29305} lr 0.001
adult_income_dataset_backprop_adam_seed22 step 32000 train {'loss': 0.14979740663856964, 'accuracy': 0.9294659614400272, 'balanced_accuracy': 0.8835983160177903, 'rows': 29305} lr 0.001
adult_income_dataset_backprop_adam_seed11 step 44000 train {'loss': 0.10971177073748237, 'accuracy': 0.9512028664050504, 'balanced_accuracy': 0.9264788056201865, 'rows': 29305} lr 0.0002
adult_income_dataset_backprop_adam_seed33 step 16000 train {'loss': 0.21944695969954872, 'accuracy': 0.8951032247056816, 'balanced_accuracy': 0.8444431880353829, 'rows': 29305} lr 0.001
adult_income_dataset_backprop_adam_seed22 step 33000 train {'loss': 0.14769329701881934, 'accuracy': 0.9302508104419042, 'balanced_accuracy': 0.8904194049539211, 'rows': 29305} lr 0.001
adult_income_dataset_backprop_adam_seed11 step 45000 train {'loss': 0.10536739401515485, 'accuracy': 0.9535915372803276, 'balanced_accuracy': 0.9308837156565637, 'rows': 29305} lr 0.0002
adult_income_dataset_backprop_adam_seed33 step 17000 train {'loss': 0.216666884555322, 'accuracy': 0.8956833304896775, 'balanced_accuracy': 0.8370529086906122, 'rows': 29305} lr 0.001
adult_income_dataset_backprop_adam_seed22 step 34000 train {'loss': 0.15334595898031234, 'accuracy': 0.9291929704828528, 'balanced_accuracy': 0.8809261213815515, 'rows': 29305} lr 0.001
adult_income_dataset_backprop_adam_seed11 step 46000 train {'loss': 0.10396648955246508, 'accuracy': 0.9528749360177444, 'balanced_accuracy': 0.9333453818100474, 'rows': 29305} lr 0.0002
adult_income_dataset_backprop_adam_seed33 step 18000 train {'loss': 0.21245559770089534, 'accuracy': 0.897457771711312, 'balanced_accuracy': 0.8300077292187191, 'rows': 29305} lr 0.001
adult_income_dataset_backprop_adam_seed22 step 35000 train {'loss': 0.14880851339437595, 'accuracy': 0.9307626684866064, 'balanced_accuracy': 0.8985273983793449, 'rows': 29305} lr 0.001
adult_income_dataset_backprop_adam_seed11 step 47000 train {'loss': 0.10138187982196634, 'accuracy': 0.9546152533697321, 'balanced_accuracy': 0.9340004609562695, 'rows': 29305} lr 0.0002
adult_income_dataset_backprop_adam_seed33 step 19000 train {'loss': 0.20886844397760704, 'accuracy': 0.8996758232383553, 'balanced_accuracy': 0.8296571085667164, 'rows': 29305} lr 0.001
adult_income_dataset_backprop_adam_seed22 step 36000 train {'loss': 0.13882753488513477, 'accuracy': 0.9354035147585736, 'balanced_accuracy': 0.9035816716683774, 'rows': 29305} lr 0.001
adult_income_dataset_backprop_adam_seed11 step 48000 train {'loss': 0.09983066437294653, 'accuracy': 0.956321446852073, 'balanced_accuracy': 0.9375168997894018, 'rows': 29305} lr 0.0002
adult_income_dataset_backprop_adam_seed33 step 20000 train {'loss': 0.19741835969439384, 'accuracy': 0.9055792526872547, 'balanced_accuracy': 0.8560210231269084, 'rows': 29305} lr 0.001
adult_income_dataset_backprop_adam_seed22 step 37000 train {'loss': 0.14370868059427863, 'accuracy': 0.9326736051868282, 'balanced_accuracy': 0.8962153210308113, 'rows': 29305} lr 0.001
adult_income_dataset_backprop_adam_seed11 step 49000 train {'loss': 0.09733089749987185, 'accuracy': 0.9563555707217198, 'balanced_accuracy': 0.9339223735977636, 'rows': 29305} lr 0.0002
adult_income_dataset_backprop_adam_seed33 step 21000 train {'loss': 0.19222347132634068, 'accuracy': 0.9082750383893533, 'balanced_accuracy': 0.8521719365606055, 'rows': 29305} lr 0.001
adult_income_dataset_backprop_adam_seed22 step 38000 train {'loss': 0.13491162049843577, 'accuracy': 0.9382699198089063, 'balanced_accuracy': 0.9122108029735901, 'rows': 29305} lr 0.001
adult_income_dataset_backprop_adam_seed11 step 50000 train {'loss': 0.09676802962754005, 'accuracy': 0.9566626855485412, 'balanced_accuracy': 0.9366169967990229, 'rows': 29305} lr 0.0002
adult_income_dataset_backprop_adam_seed33 step 22000 train {'loss': 0.18380183387160648, 'accuracy': 0.911721549223682, 'balanced_accuracy': 0.8584940762871622, 'rows': 29305} lr 0.001
adult_income_dataset_backprop_adam_seed22 step 39000 train {'loss': 0.13335737611191445, 'accuracy': 0.9374168230677359, 'balanced_accuracy': 0.8975244141903189, 'rows': 29305} lr 0.001
adult_income_dataset_backprop_adam_seed11 step 51000 train {'loss': 0.09576816169643255, 'accuracy': 0.9566626855485412, 'balanced_accuracy': 0.9323646310716001, 'rows': 29305} lr 0.0002
adult_income_dataset_backprop_adam_seed33 step 23000 train {'loss': 0.19984874804919744, 'accuracy': 0.9035659443780925, 'balanced_accuracy': 0.8418917628414537, 'rows': 29305} lr 0.001
{"completed": 18, "expected": 195, "active": 3, "failures": 0, "time": "2026-10-01T15:14:47.466506+10:00"}
adult_income_dataset_backprop_adam_seed22 step 40000 train {'loss': 0.13333216068372855, 'accuracy': 0.9374850708070295, 'balanced_accuracy': 0.9139433232592868, 'rows': 29305} lr 0.001
adult_income_dataset_backprop_adam_seed11 step 52000 train {'loss': 0.0949531210476151, 'accuracy': 0.9580617642040608, 'balanced_accuracy': 0.9325021579657269, 'rows': 29305} lr 0.0002
adult_income_dataset_backprop_adam_seed33 step 24000 train {'loss': 0.17997915828020536, 'accuracy': 0.9131547517488483, 'balanced_accuracy': 0.864568241551116, 'rows': 29305} lr 0.001
adult_income_dataset_backprop_adam_seed22 step 41000 train {'loss': 0.12525301484794385, 'accuracy': 0.9433543763862822, 'balanced_accuracy': 0.9254748458589512, 'rows': 29305} lr 0.001
adult_income_dataset_backprop_adam_seed11 step 53000 train {'loss': 0.09314324511381937, 'accuracy': 0.9581641358130012, 'balanced_accuracy': 0.9367729316212291, 'rows': 29305} lr 0.0002
adult_income_dataset_backprop_adam_seed33 step 25000 train {'loss': 0.17257475233732933, 'accuracy': 0.9169766251492919, 'balanced_accuracy': 0.8721146508325348, 'rows': 29305} lr 0.001
adult_income_dataset_backprop_adam_seed22 step 42000 train {'loss': 0.12270075790590443, 'accuracy': 0.9443780924756867, 'balanced_accuracy': 0.9149546941707148, 'rows': 29305} lr 0.001
adult_income_dataset_backprop_adam_seed11 step 54000 train {'loss': 0.09228111158263824, 'accuracy': 0.9590854802934653, 'balanced_accuracy': 0.941630868604203, 'rows': 29305} lr 0.0002
adult_income_dataset_backprop_adam_seed33 step 26000 train {'loss': 0.17694940678527424, 'accuracy': 0.9138031052721378, 'balanced_accuracy': 0.8613285517628635, 'rows': 29305} lr 0.001
adult_income_dataset_backprop_adam_seed22 step 43000 train {'loss': 0.12553390249409097, 'accuracy': 0.9426718989933458, 'balanced_accuracy': 0.9175968539772985, 'rows': 29305} lr 0.001
adult_income_dataset_backprop_adam_seed11 step 55000 train {'loss': 0.09093381382259283, 'accuracy': 0.9605186828186316, 'balanced_accuracy': 0.9433060348397883, 'rows': 29305} lr 0.0002
adult_income_dataset_backprop_adam_seed33 step 27000 train {'loss': 0.17341498869959557, 'accuracy': 0.919399419894216, 'balanced_accuracy': 0.8817230327340109, 'rows': 29305} lr 0.001
adult_income_dataset_backprop_adam_seed22 step 44000 train {'loss': 0.1322533053666165, 'accuracy': 0.9384405391571404, 'balanced_accuracy': 0.9126162124005834, 'rows': 29305} lr 0.001
adult_income_dataset_backprop_adam_seed11 step 56000 train {'loss': 0.08984419070902466, 'accuracy': 0.9603480634703976, 'balanced_accuracy': 0.9416298034712663, 'rows': 29305} lr 0.0002
adult_income_dataset_backprop_adam_seed33 step 28000 train {'loss': 0.17320946780991744, 'accuracy': 0.9168742535403515, 'balanced_accuracy': 0.8643246779543379, 'rows': 29305} lr 0.001
adult_income_dataset_backprop_adam_seed22 step 45000 train {'loss': 0.12909508315985205, 'accuracy': 0.9433543763862822, 'balanced_accuracy': 0.91369530401632, 'rows': 29305} lr 0.001
adult_income_dataset_backprop_adam_seed11 step 57000 train {'loss': 0.08840710058734597, 'accuracy': 0.9615082750383893, 'balanced_accuracy': 0.9454227962348363, 'rows': 29305} lr 0.0002
adult_income_dataset_backprop_adam_seed33 step 29000 train {'loss': 0.1599786785184432, 'accuracy': 0.9236307797304214, 'balanced_accuracy': 0.8901739957664389, 'rows': 29305} lr 0.001
adult_income_dataset_backprop_adam_seed22 step 46000 train {'loss': 0.12396935191583235, 'accuracy': 0.9433543763862822, 'balanced_accuracy': 0.9097362048907884, 'rows': 29305} lr 0.001
adult_income_dataset_backprop_adam_seed11 step 58000 train {'loss': 0.08741706099003335, 'accuracy': 0.9608599215150998, 'balanced_accuracy': 0.9415263320437357, 'rows': 29305} lr 0.0002
adult_income_dataset_backprop_adam_seed33 step 30000 train {'loss': 0.154328063259534, 'accuracy': 0.9282716260023887, 'balanced_accuracy': 0.8867724153676075, 'rows': 29305} lr 0.001
adult_income_dataset_backprop_adam_seed22 step 47000 train {'loss': 0.11476306254709973, 'accuracy': 0.9453335608257977, 'balanced_accuracy': 0.9056116295269845, 'rows': 29305} lr 0.001
adult_income_dataset_backprop_adam_seed11 step 59000 train {'loss': 0.08736238892529731, 'accuracy': 0.9619177614741512, 'balanced_accuracy': 0.9440300949376976, 'rows': 29305} lr 0.0002
adult_income_dataset_backprop_adam_seed33 step 31000 train {'loss': 0.15625445169203314, 'accuracy': 0.9259170789967582, 'balanced_accuracy': 0.8852248443811992, 'rows': 29305} lr 0.001
adult_income_dataset_backprop_adam_seed22 step 48000 train {'loss': 0.09946732590770462, 'accuracy': 0.955400102371609, 'balanced_accuracy': 0.9331477404762466, 'rows': 29305} lr 0.0002
adult_income_dataset_backprop_adam_seed11 step 60000 train {'loss': 0.08518204459165107, 'accuracy': 0.9629414775635557, 'balanced_accuracy': 0.9444096852864187, 'rows': 29305} lr 0.0002
adult_income_dataset_backprop_adam_seed33 step 32000 train {'loss': 0.15464806096675027, 'accuracy': 0.9250981061252346, 'balanced_accuracy': 0.8725648726092052, 'rows': 29305} lr 0.001
adult_income_dataset_backprop_adam_seed22 step 49000 train {'loss': 0.0963460649957512, 'accuracy': 0.9562873229824262, 'balanced_accuracy': 0.9371523268555082, 'rows': 29305} lr 0.0002
adult_income_dataset_backprop_adam_seed11 step 61000 train {'loss': 0.08529756648119267, 'accuracy': 0.9624978672581471, 'balanced_accuracy': 0.9432871919024615, 'rows': 29305} lr 0.0002
adult_income_dataset_backprop_adam_seed33 step 33000 train {'loss': 0.1486432027972369, 'accuracy': 0.9284763692202695, 'balanced_accuracy': 0.9089019818995723, 'rows': 29305} lr 0.001
adult_income_dataset_backprop_adam_seed22 step 50000 train {'loss': 0.09552091036212462, 'accuracy': 0.9582323835522948, 'balanced_accuracy': 0.9380886106927986, 'rows': 29305} lr 0.0002
adult_income_dataset_backprop_adam_seed11 step 62000 train {'loss': 0.08552828332940948, 'accuracy': 0.962873229824262, 'balanced_accuracy': 0.9433872728167404, 'rows': 29305} lr 0.0002
adult_income_dataset_backprop_adam_seed33 step 34000 train {'loss': 0.17401495856893814, 'accuracy': 0.9169083774099983, 'balanced_accuracy': 0.8512478649682166, 'rows': 29305} lr 0.001
adult_income_dataset_backprop_adam_seed22 step 51000 train {'loss': 0.09321596998237665, 'accuracy': 0.9582323835522948, 'balanced_accuracy': 0.9381863662267622, 'rows': 29305} lr 0.0002
adult_income_dataset_backprop_adam_seed11 step 63000 train {'loss': 0.08411434524738835, 'accuracy': 0.9616447705169766, 'balanced_accuracy': 0.9380342121466916, 'rows': 29305} lr 0.0002
adult_income_dataset_backprop_adam_seed33 step 35000 train {'loss': 0.14223932094428343, 'accuracy': 0.9333902064494114, 'balanced_accuracy': 0.9067062631275236, 'rows': 29305} lr 0.001
adult_income_dataset_backprop_adam_seed22 step 52000 train {'loss': 0.09220302826795658, 'accuracy': 0.9581641358130012, 'balanced_accuracy': 0.9438602078336005, 'rows': 29305} lr 0.0002
adult_income_dataset_backprop_adam_seed11 step 64000 train {'loss': 0.08306828600145855, 'accuracy': 0.9641699368708412, 'balanced_accuracy': 0.9456570135299902, 'rows': 29305} lr 0.0002
adult_income_dataset_backprop_adam_seed33 step 36000 train {'loss': 0.169036856061809, 'accuracy': 0.9199112779389182, 'balanced_accuracy': 0.9063517113993074, 'rows': 29305} lr 0.001
adult_income_dataset_backprop_adam_seed22 step 53000 train {'loss': 0.09038875173828825, 'accuracy': 0.9592902235113462, 'balanced_accuracy': 0.9393704294122137, 'rows': 29305} lr 0.0002
adult_income_dataset_backprop_adam_seed11 step 65000 train {'loss': 0.08140419233508371, 'accuracy': 0.9642723084797816, 'balanced_accuracy': 0.9495856428166194, 'rows': 29305} lr 0.0002
adult_income_dataset_backprop_adam_seed33 step 37000 train {'loss': 0.12270256466140236, 'accuracy': 0.9441051015185122, 'balanced_accuracy': 0.9148730211845153, 'rows': 29305} lr 0.0002
adult_income_dataset_backprop_adam_seed22 step 54000 train {'loss': 0.08957764485161615, 'accuracy': 0.9597679576864017, 'balanced_accuracy': 0.9376804408762427, 'rows': 29305} lr 0.0002
adult_income_dataset_backprop_adam_seed11 step 66000 train {'loss': 0.08105784994895661, 'accuracy': 0.9652619006995393, 'balanced_accuracy': 0.9498450490663563, 'rows': 29305} lr 0.0002
adult_income_dataset_backprop_adam_seed33 step 38000 train {'loss': 0.11972046202511699, 'accuracy': 0.9454018085650913, 'balanced_accuracy': 0.9165073509270009, 'rows': 29305} lr 0.0002
adult_income_dataset_backprop_adam_seed22 step 55000 train {'loss': 0.08863388899573285, 'accuracy': 0.9594608428595803, 'balanced_accuracy': 0.9414865606835725, 'rows': 29305} lr 0.0002
adult_income_dataset_backprop_adam_seed11 step 67000 train {'loss': 0.08036594010115361, 'accuracy': 0.9651595290905989, 'balanced_accuracy': 0.9489468413326032, 'rows': 29305} lr 0.0002
adult_income_dataset_backprop_adam_seed33 step 39000 train {'loss': 0.11837184970095345, 'accuracy': 0.9452311892168572, 'balanced_accuracy': 0.9169817413056813, 'rows': 29305} lr 0.0002
adult_income_dataset_backprop_adam_seed22 step 56000 train {'loss': 0.08587505850973359, 'accuracy': 0.961747142125917, 'balanced_accuracy': 0.9411319193946288, 'rows': 29305} lr 0.0002
adult_income_dataset_backprop_adam_seed11 step 68000 train {'loss': 0.07913264099307037, 'accuracy': 0.9650912813513053, 'balanced_accuracy': 0.9473867734261244, 'rows': 29305} lr 0.0002
adult_income_dataset_backprop_adam_seed33 step 40000 train {'loss': 0.11587434225400912, 'accuracy': 0.9470397543081386, 'balanced_accuracy': 0.9173884109800531, 'rows': 29305} lr 0.0002
adult_income_dataset_backprop_adam_seed22 step 57000 train {'loss': 0.08427604958198925, 'accuracy': 0.9631462207814366, 'balanced_accuracy': 0.9481612114331996, 'rows': 29305} lr 0.0002
adult_income_dataset_backprop_adam_seed11 step 69000 train {'loss': 0.07883206718820412, 'accuracy': 0.9655690155263607, 'balanced_accuracy': 0.9498513950836125, 'rows': 29305} lr 0.0002
adult_income_dataset_backprop_adam_seed33 step 41000 train {'loss': 0.11388824685373275, 'accuracy': 0.9478246033100154, 'balanced_accuracy': 0.9212279561302897, 'rows': 29305} lr 0.0002
adult_income_dataset_backprop_adam_seed22 step 58000 train {'loss': 0.08390214311966736, 'accuracy': 0.9628391059546153, 'balanced_accuracy': 0.9462975102706324, 'rows': 29305} lr 0.0002
adult_income_dataset_backprop_adam_seed11 step 70000 train {'loss': 0.07852046508885471, 'accuracy': 0.9664562361371779, 'balanced_accuracy': 0.952389648453418, 'rows': 29305} lr 0.0002
adult_income_dataset_backprop_adam_seed33 step 42000 train {'loss': 0.1132153463381953, 'accuracy': 0.9494966729227095, 'balanced_accuracy': 0.9227179779521448, 'rows': 29305} lr 0.0002
adult_income_dataset_backprop_adam_seed22 step 59000 train {'loss': 0.0820165995652715, 'accuracy': 0.9635215833475516, 'balanced_accuracy': 0.9467949593380224, 'rows': 29305} lr 0.0002
adult_income_dataset_backprop_adam_seed11 step 71000 train {'loss': 0.07672568657504598, 'accuracy': 0.9670704657908207, 'balanced_accuracy': 0.952548973788876, 'rows': 29305} lr 0.0002
adult_income_dataset_backprop_adam_seed33 step 43000 train {'loss': 0.11021927368099871, 'accuracy': 0.9491554342262413, 'balanced_accuracy': 0.920880725991539, 'rows': 29305} lr 0.0002
adult_income_dataset_backprop_adam_seed22 step 60000 train {'loss': 0.08231990202902893, 'accuracy': 0.9642040607404879, 'balanced_accuracy': 0.9509093631620709, 'rows': 29305} lr 0.0002
adult_income_dataset_backprop_adam_seed11 step 72000 train {'loss': 0.07694112598906196, 'accuracy': 0.9673434567479953, 'balanced_accuracy': 0.9558077016288973, 'rows': 29305} lr 0.0002
adult_income_dataset_backprop_adam_seed33 step 44000 train {'loss': 0.10839023199571193, 'accuracy': 0.9511004947961099, 'balanced_accuracy': 0.9297352080798924, 'rows': 29305} lr 0.0002
adult_income_dataset_backprop_adam_seed22 step 61000 train {'loss': 0.08097061936820943, 'accuracy': 0.9641699368708412, 'balanced_accuracy': 0.9470744687724646, 'rows': 29305} lr 0.0002
adult_income_dataset_backprop_adam_seed11 step 73000 train {'loss': 0.07616381532446026, 'accuracy': 0.9663538645282375, 'balanced_accuracy': 0.9490475523705715, 'rows': 29305} lr 0.0002
adult_income_dataset_backprop_adam_seed33 step 45000 train {'loss': 0.1068640852814505, 'accuracy': 0.9525336973212762, 'balanced_accuracy': 0.9275490307239098, 'rows': 29305} lr 0.0002
adult_income_dataset_backprop_adam_seed22 step 62000 train {'loss': 0.0804526169645646, 'accuracy': 0.9643064323494285, 'balanced_accuracy': 0.9463821387608362, 'rows': 29305} lr 0.0002
adult_income_dataset_backprop_adam_seed11 step 74000 train {'loss': 0.07602968527389618, 'accuracy': 0.9668315987032929, 'balanced_accuracy': 0.9515121740280594, 'rows': 29305} lr 0.0002
adult_income_dataset_backprop_adam_seed33 step 46000 train {'loss': 0.10675742815550104, 'accuracy': 0.9515099812318717, 'balanced_accuracy': 0.9234547300845666, 'rows': 29305} lr 0.0002
adult_income_dataset_backprop_adam_seed22 step 63000 train {'loss': 0.07880427613638302, 'accuracy': 0.9652619006995393, 'balanced_accuracy': 0.9513602598427944, 'rows': 29305} lr 0.0002
adult_income_dataset_backprop_adam_seed11 step 75000 train {'loss': 0.07521415723049484, 'accuracy': 0.9668657225729398, 'balanced_accuracy': 0.9561779904563577, 'rows': 29305} lr 0.0002
adult_income_dataset_backprop_adam_seed33 step 47000 train {'loss': 0.10483756097886286, 'accuracy': 0.9526360689302167, 'balanced_accuracy': 0.9301579603020285, 'rows': 29305} lr 0.0002
adult_income_dataset_backprop_adam_seed22 step 64000 train {'loss': 0.07722505381760836, 'accuracy': 0.9653301484388329, 'balanced_accuracy': 0.9513562392058532, 'rows': 29305} lr 0.0002
adult_income_dataset_backprop_adam_seed11 step 76000 train {'loss': 0.07531511656402261, 'accuracy': 0.967752943183757, 'balanced_accuracy': 0.9540728559628854, 'rows': 29305} lr 0.0002
adult_income_dataset_backprop_adam_seed33 step 48000 train {'loss': 0.10344438460515518, 'accuracy': 0.9518512199283399, 'balanced_accuracy': 0.928860059034849, 'rows': 29305} lr 0.0002
adult_income_dataset_backprop_adam_seed22 step 65000 train {'loss': 0.0772530387337654, 'accuracy': 0.9663879883978843, 'balanced_accuracy': 0.9500475362752292, 'rows': 29305} lr 0.0002
adult_income_dataset_backprop_adam_seed11 step 77000 train {'loss': 0.07524624156948853, 'accuracy': 0.9668315987032929, 'balanced_accuracy': 0.9455490864562711, 'rows': 29305} lr 0.0002
adult_income_dataset_backprop_adam_seed33 step 49000 train {'loss': 0.10362984135408813, 'accuracy': 0.9525678211909231, 'balanced_accuracy': 0.919702138804849, 'rows': 29305} lr 0.0002
adult_income_dataset_backprop_adam_seed22 step 66000 train {'loss': 0.07605506054697296, 'accuracy': 0.9661491213103566, 'balanced_accuracy': 0.9527743245720168, 'rows': 29305} lr 0.0002
adult_income_dataset_backprop_adam_seed11 step 78000 train {'loss': 0.07378651516960456, 'accuracy': 0.9681624296195188, 'balanced_accuracy': 0.952973421267638, 'rows': 29305} lr 0.0002
adult_income_dataset_backprop_adam_seed33 step 50000 train {'loss': 0.10112548422546969, 'accuracy': 0.9545470056304385, 'balanced_accuracy': 0.9399675691649989, 'rows': 29305} lr 0.0002
adult_income_dataset_backprop_adam_seed22 step 67000 train {'loss': 0.07610594472077047, 'accuracy': 0.966080873571063, 'balanced_accuracy': 0.9473529130739701, 'rows': 29305} lr 0.0002
adult_income_dataset_backprop_adam_seed11 step 79000 train {'loss': 0.0726669753870039, 'accuracy': 0.9690496502303361, 'balanced_accuracy': 0.9577111741516278, 'rows': 29305} lr 0.0002
{"completed": 18, "expected": 195, "active": 3, "failures": 0, "time": "2026-10-01T15:15:47.535725+10:00"}
adult_income_dataset_backprop_adam_seed33 step 51000 train {'loss': 0.09975954161642599, 'accuracy': 0.9547176249786726, 'balanced_accuracy': 0.9297176253899442, 'rows': 29305} lr 0.0002
adult_income_dataset_backprop_adam_seed22 step 68000 train {'loss': 0.07436780584227651, 'accuracy': 0.9680259341409316, 'balanced_accuracy': 0.955278717589668, 'rows': 29305} lr 0.0002
adult_income_dataset_backprop_adam_seed11 step 80000 train {'loss': 0.0719443460817407, 'accuracy': 0.9684354205766934, 'balanced_accuracy': 0.9541304051274386, 'rows': 29305} lr 0.0002
adult_income_dataset_backprop_adam_seed33 step 52000 train {'loss': 0.09824793323953289, 'accuracy': 0.955024739805494, 'balanced_accuracy': 0.9341229704355689, 'rows': 29305} lr 0.0002
adult_income_dataset_backprop_adam_seed22 step 69000 train {'loss': 0.0733603198126383, 'accuracy': 0.9680259341409316, 'balanced_accuracy': 0.9531769736094475, 'rows': 29305} lr 0.0002
adult_income_dataset_backprop_adam_seed11 step 81000 train {'loss': 0.0705925560499942, 'accuracy': 0.9692202695785702, 'balanced_accuracy': 0.9588986278503309, 'rows': 29305} lr 0.0002
adult_income_dataset_backprop_adam_seed33 step 53000 train {'loss': 0.09662662614832923, 'accuracy': 0.9566285616788944, 'balanced_accuracy': 0.9386474344472411, 'rows': 29305} lr 0.0002
adult_income_dataset_backprop_adam_seed22 step 70000 train {'loss': 0.07315124302843166, 'accuracy': 0.9686060399249274, 'balanced_accuracy': 0.957957258243163, 'rows': 29305} lr 0.0002
adult_income_dataset_backprop_adam_seed11 step 82000 train {'loss': 0.07063520133261428, 'accuracy': 0.968879030882102, 'balanced_accuracy': 0.9533466655991027, 'rows': 29305} lr 0.0002
adult_income_dataset_backprop_adam_seed33 step 54000 train {'loss': 0.09603482888580243, 'accuracy': 0.9574816584200648, 'balanced_accuracy': 0.9388171264368963, 'rows': 29305} lr 0.0002
adult_income_dataset_backprop_adam_seed22 step 71000 train {'loss': 0.07286192783620288, 'accuracy': 0.9684354205766934, 'balanced_accuracy': 0.9510022280405989, 'rows': 29305} lr 0.0002
adult_income_dataset_backprop_adam_seed11 step 83000 train {'loss': 0.07015668976364883, 'accuracy': 0.969459136666098, 'balanced_accuracy': 0.9523593737289574, 'rows': 29305} lr 0.0002
adult_income_dataset_backprop_adam_seed33 step 55000 train {'loss': 0.09444572734936495, 'accuracy': 0.9577887732468862, 'balanced_accuracy': 0.9392144945900075, 'rows': 29305} lr 0.0002
adult_income_dataset_backprop_adam_seed22 step 72000 train {'loss': 0.0720555188051366, 'accuracy': 0.9691520218392766, 'balanced_accuracy': 0.952010883342828, 'rows': 29305} lr 0.0002
adult_income_dataset_backprop_adam_seed11 step 84000 train {'loss': 0.06915367990274557, 'accuracy': 0.9704828527555025, 'balanced_accuracy': 0.9573823519409563, 'rows': 29305} lr 0.0002
adult_income_dataset_backprop_adam_seed33 step 56000 train {'loss': 0.09325462324213318, 'accuracy': 0.9586418699880567, 'balanced_accuracy': 0.9409971528900645, 'rows': 29305} lr 0.0002
adult_income_dataset_backprop_adam_seed22 step 73000 train {'loss': 0.070656425045316, 'accuracy': 0.9697321276232724, 'balanced_accuracy': 0.9540051352585768, 'rows': 29305} lr 0.0002
adult_income_dataset_backprop_adam_seed11 step 85000 train {'loss': 0.06901103927401263, 'accuracy': 0.9701757379286811, 'balanced_accuracy': 0.9560563062151894, 'rows': 29305} lr 0.0002
adult_income_dataset_backprop_adam_seed33 step 57000 train {'loss': 0.09265446194613311, 'accuracy': 0.9586077461184098, 'balanced_accuracy': 0.9432719793731921, 'rows': 29305} lr 0.0002
adult_income_dataset_backprop_adam_seed22 step 74000 train {'loss': 0.0712023706708502, 'accuracy': 0.9686742876642211, 'balanced_accuracy': 0.9532609719759622, 'rows': 29305} lr 0.0002
adult_income_dataset_backprop_adam_seed11 step 86000 train {'loss': 0.07078955292732231, 'accuracy': 0.9694250127964511, 'balanced_accuracy': 0.9633833205018401, 'rows': 29305} lr 0.0002
adult_income_dataset_backprop_adam_seed33 step 58000 train {'loss': 0.09169307377324783, 'accuracy': 0.9571404197235966, 'balanced_accuracy': 0.9388372296216015, 'rows': 29305} lr 0.0002
adult_income_dataset_backprop_adam_seed22 step 75000 train {'loss': 0.0695496023921628, 'accuracy': 0.9699368708411534, 'balanced_accuracy': 0.9544329732505905, 'rows': 29305} lr 0.0002
adult_income_dataset_backprop_adam_seed11 step 87000 train {'loss': 0.06857934414811599, 'accuracy': 0.9702781095376216, 'balanced_accuracy': 0.9567101251140332, 'rows': 29305} lr 0.0002
adult_income_dataset_backprop_adam_seed33 step 59000 train {'loss': 0.09116437462150714, 'accuracy': 0.9594949667292271, 'balanced_accuracy': 0.9390162231325174, 'rows': 29305} lr 0.0002
adult_income_dataset_backprop_adam_seed22 step 76000 train {'loss': 0.06846400233787434, 'accuracy': 0.9697321276232724, 'balanced_accuracy': 0.9538096241906493, 'rows': 29305} lr 0.0002
adult_income_dataset_backprop_adam_seed11 step 88000 train {'loss': 0.06761038561558647, 'accuracy': 0.970960586930558, 'balanced_accuracy': 0.9550080746672391, 'rows': 29305} lr 0.0002
adult_income_dataset_backprop_adam_seed33 step 60000 train {'loss': 0.08910847759337337, 'accuracy': 0.960075072513223, 'balanced_accuracy': 0.9425256858247042, 'rows': 29305} lr 0.0002
adult_income_dataset_backprop_adam_seed22 step 77000 train {'loss': 0.06789038820852296, 'accuracy': 0.9708240914519707, 'balanced_accuracy': 0.955847037979813, 'rows': 29305} lr 0.0002
adult_income_dataset_backprop_adam_seed11 step 89000 train {'loss': 0.06804004110226837, 'accuracy': 0.9704828527555025, 'balanced_accuracy': 0.9534721305824065, 'rows': 29305} lr 0.0002
adult_income_dataset_backprop_adam_seed33 step 61000 train {'loss': 0.08972044207347658, 'accuracy': 0.9603139396007507, 'balanced_accuracy': 0.9439535077213758, 'rows': 29305} lr 0.0002
adult_income_dataset_backprop_adam_seed22 step 78000 train {'loss': 0.06858265068425881, 'accuracy': 0.9708923391912643, 'balanced_accuracy': 0.9580425168570561, 'rows': 29305} lr 0.0002
adult_income_dataset_backprop_adam_seed11 step 90000 train {'loss': 0.0665140855133869, 'accuracy': 0.9706875959733834, 'balanced_accuracy': 0.9549752794480213, 'rows': 29305} lr 0.0002
adult_income_dataset_backprop_adam_seed33 step 62000 train {'loss': 0.08687460989222716, 'accuracy': 0.9612694079508616, 'balanced_accuracy': 0.9449725296778022, 'rows': 29305} lr 0.0002
adult_income_dataset_backprop_adam_seed22 step 79000 train {'loss': 0.06688869471965725, 'accuracy': 0.9713359494966729, 'balanced_accuracy': 0.9587251103381764, 'rows': 29305} lr 0.0002
adult_income_dataset_backprop_adam_seed11 step 91000 train {'loss': 0.06675457080320538, 'accuracy': 0.9714383211056133, 'balanced_accuracy': 0.956788407586981, 'rows': 29305} lr 0.0002
adult_income_dataset_backprop_adam_seed33 step 63000 train {'loss': 0.0867742418253855, 'accuracy': 0.9617130182562703, 'balanced_accuracy': 0.9406207131597897, 'rows': 29305} lr 0.0002
adult_income_dataset_backprop_adam_seed22 step 80000 train {'loss': 0.06717011622373938, 'accuracy': 0.9699709947108002, 'balanced_accuracy': 0.9546997906505202, 'rows': 29305} lr 0.0002
adult_income_dataset_backprop_adam_seed11 step 92000 train {'loss': 0.06484136178395464, 'accuracy': 0.9717454359324348, 'balanced_accuracy': 0.9610959970986419, 'rows': 29305} lr 0.0002
adult_income_dataset_backprop_adam_seed33 step 64000 train {'loss': 0.08686379252989694, 'accuracy': 0.9606551782972189, 'balanced_accuracy': 0.9405608386149213, 'rows': 29305} lr 0.0002
adult_income_dataset_backprop_adam_seed22 step 81000 train {'loss': 0.0681103448842577, 'accuracy': 0.9699027469715066, 'balanced_accuracy': 0.9489851125505824, 'rows': 29305} lr 0.0002
adult_income_dataset_backprop_adam_seed11 step 93000 train {'loss': 0.06579168346494238, 'accuracy': 0.9719160552806688, 'balanced_accuracy': 0.9615991620595989, 'rows': 29305} lr 0.0002
adult_income_dataset_backprop_adam_seed33 step 65000 train {'loss': 0.08536091064368473, 'accuracy': 0.9616788943866235, 'balanced_accuracy': 0.9394740959541863, 'rows': 29305} lr 0.0002
adult_income_dataset_backprop_adam_seed22 step 82000 train {'loss': 0.06557533988324556, 'accuracy': 0.9708582153216174, 'balanced_accuracy': 0.9563093664476703, 'rows': 29305} lr 0.0002
adult_income_dataset_backprop_adam_seed11 step 94000 train {'loss': 0.0653426796482643, 'accuracy': 0.9713700733663198, 'balanced_accuracy': 0.954495173175774, 'rows': 29305} lr 0.0002
adult_income_dataset_backprop_adam_seed33 step 66000 train {'loss': 0.08495773208352857, 'accuracy': 0.9606210544275721, 'balanced_accuracy': 0.9451817979131788, 'rows': 29305} lr 0.0002
adult_income_dataset_backprop_adam_seed22 step 83000 train {'loss': 0.064047840859495, 'accuracy': 0.9716771881931411, 'balanced_accuracy': 0.9566032631732507, 'rows': 29305} lr 0.0002
adult_income_dataset_backprop_adam_seed11 step 95000 train {'loss': 0.06485899956132585, 'accuracy': 0.972257293977137, 'balanced_accuracy': 0.962214469845658, 'rows': 29305} lr 0.0002
adult_income_dataset_backprop_adam_seed33 step 67000 train {'loss': 0.08295954952689898, 'accuracy': 0.9634192117386111, 'balanced_accuracy': 0.9458967516042693, 'rows': 29305} lr 0.0002
adult_income_dataset_backprop_adam_seed11 step 96000 train {'loss': 0.06326862878994494, 'accuracy': 0.9729738952397202, 'balanced_accuracy': 0.9627343474780684, 'rows': 29305} lr 0.0002
adult_income_dataset_backprop_adam_seed22 step 84000 train {'loss': 0.06586973011529276, 'accuracy': 0.9713359494966729, 'balanced_accuracy': 0.9559390776202097, 'rows': 29305} lr 0.0002
adult_income_dataset_backprop_adam_seed33 step 68000 train {'loss': 0.08364403505508168, 'accuracy': 0.9620542569527385, 'balanced_accuracy': 0.9390853991986464, 'rows': 29305} lr 0.0002
adult_income_dataset_backprop_adam_seed11 step 97000 train {'loss': 0.06337719849023045, 'accuracy': 0.9728032758914861, 'balanced_accuracy': 0.959347394265181, 'rows': 29305} lr 0.0002
adult_income_dataset_backprop_adam_seed22 step 85000 train {'loss': 0.06505534434517869, 'accuracy': 0.9711653301484389, 'balanced_accuracy': 0.9611057336291499, 'rows': 29305} lr 0.0002
adult_income_dataset_backprop_adam_seed33 step 69000 train {'loss': 0.08188191945973648, 'accuracy': 0.9636922026957857, 'balanced_accuracy': 0.9515993677933842, 'rows': 29305} lr 0.0002
adult_income_dataset_backprop_adam_seed11 step 98000 train {'loss': 0.06333748956519657, 'accuracy': 0.9728373997611329, 'balanced_accuracy': 0.9608361558396575, 'rows': 29305} lr 0.0002
adult_income_dataset_backprop_adam_seed22 step 86000 train {'loss': 0.06490738476310202, 'accuracy': 0.9724961610646647, 'balanced_accuracy': 0.9594876815488704, 'rows': 29305} lr 0.0002
adult_income_dataset_backprop_adam_seed33 step 70000 train {'loss': 0.08118598893490735, 'accuracy': 0.9639651936529603, 'balanced_accuracy': 0.9449847867030672, 'rows': 29305} lr 0.0002
adult_income_dataset_backprop_adam_seed11 step 99000 train {'loss': 0.06372049038924978, 'accuracy': 0.9716771881931411, 'balanced_accuracy': 0.9590471515223443, 'rows': 29305} lr 0.0002
adult_income_dataset_backprop_adam_seed22 step 87000 train {'loss': 0.06306566517953274, 'accuracy': 0.9724279133253712, 'balanced_accuracy': 0.9616423239330139, 'rows': 29305} lr 0.0002
adult_income_dataset_backprop_adam_seed33 step 71000 train {'loss': 0.08023450619972844, 'accuracy': 0.9645111755673094, 'balanced_accuracy': 0.9473476321896506, 'rows': 29305} lr 0.0002
adult_income_dataset_backprop_adam_seed11 step 100000 train {'loss': 0.06301469142664579, 'accuracy': 0.9735881248933629, 'balanced_accuracy': 0.9588368181540311, 'rows': 29305} lr 0.0002
adult_income_dataset_backprop_adam_seed22 step 88000 train {'loss': 0.06273389629939578, 'accuracy': 0.972632656543252, 'balanced_accuracy': 0.9563025854211666, 'rows': 29305} lr 0.0002
adult_income_dataset_backprop_adam_seed33 step 72000 train {'loss': 0.079981589284016, 'accuracy': 0.9642381846101348, 'balanced_accuracy': 0.9487322922129071, 'rows': 29305} lr 0.0002
adult_income_dataset_backprop_adam_seed11 step 101000 train {'loss': 0.06324881312917716, 'accuracy': 0.9729738952397202, 'balanced_accuracy': 0.9601927035950111, 'rows': 29305} lr 0.0002
adult_income_dataset_backprop_adam_seed22 step 89000 train {'loss': 0.06326246298411015, 'accuracy': 0.9718136836717284, 'balanced_accuracy': 0.9619228985003927, 'rows': 29305} lr 0.0002
adult_income_dataset_backprop_adam_seed33 step 73000 train {'loss': 0.07988208881306823, 'accuracy': 0.9643405562190752, 'balanced_accuracy': 0.9441073122777086, 'rows': 29305} lr 0.0002
adult_income_dataset_backprop_adam_seed11 step 102000 train {'loss': 0.058041028592483196, 'accuracy': 0.9764886538133424, 'balanced_accuracy': 0.9650444896751706, 'rows': 29305} lr 4e-05
adult_income_dataset_backprop_adam_seed22 step 90000 train {'loss': 0.06181964180439411, 'accuracy': 0.9728715236307798, 'balanced_accuracy': 0.9579747961527475, 'rows': 29305} lr 0.0002
adult_income_dataset_backprop_adam_seed33 step 74000 train {'loss': 0.07796702890637344, 'accuracy': 0.9655690155263607, 'balanced_accuracy': 0.9481895510062288, 'rows': 29305} lr 0.0002
adult_income_dataset_backprop_adam_seed11 step 103000 train {'loss': 0.057686436016889914, 'accuracy': 0.9762156628561679, 'balanced_accuracy': 0.9663313941644636, 'rows': 29305} lr 4e-05
adult_income_dataset_backprop_adam_seed22 step 91000 train {'loss': 0.06063812358339499, 'accuracy': 0.9734516294147756, 'balanced_accuracy': 0.9592847593307501, 'rows': 29305} lr 0.0002
adult_income_dataset_backprop_adam_seed33 step 75000 train {'loss': 0.07801280762403415, 'accuracy': 0.9655690155263607, 'balanced_accuracy': 0.948140673239247, 'rows': 29305} lr 0.0002
adult_income_dataset_backprop_adam_seed11 step 104000 train {'loss': 0.05770701766242917, 'accuracy': 0.9765569015526361, 'balanced_accuracy': 0.965284857873139, 'rows': 29305} lr 4e-05
adult_income_dataset_backprop_adam_seed22 step 92000 train {'loss': 0.06142770314893916, 'accuracy': 0.9725985326736052, 'balanced_accuracy': 0.9584307786033486, 'rows': 29305} lr 0.0002
adult_income_dataset_backprop_adam_seed33 step 76000 train {'loss': 0.07467051033522362, 'accuracy': 0.9676846954444634, 'balanced_accuracy': 0.9524639102894247, 'rows': 29305} lr 4e-05
adult_income_dataset_backprop_adam_seed11 step 105000 train {'loss': 0.05753125670882261, 'accuracy': 0.9765227776829892, 'balanced_accuracy': 0.964675896104336, 'rows': 29305} lr 4e-05
adult_income_dataset_backprop_adam_seed22 step 93000 train {'loss': 0.05767049517007721, 'accuracy': 0.9752601945060569, 'balanced_accuracy': 0.9642859391014178, 'rows': 29305} lr 4e-05
adult_income_dataset_backprop_adam_seed33 step 77000 train {'loss': 0.07434292335271063, 'accuracy': 0.9679918102712848, 'balanced_accuracy': 0.9524702563066809, 'rows': 29305} lr 4e-05
{"completed": 18, "expected": 195, "active": 3, "failures": 0, "time": "2026-10-01T15:16:47.601743+10:00"}
adult_income_dataset_backprop_adam_seed22 step 94000 train {'loss': 0.05650596823038003, 'accuracy': 0.9764886538133424, 'balanced_accuracy': 0.9670484781214275, 'rows': 29305} lr 4e-05
adult_income_dataset_backprop_adam_seed11 step 106000 train {'loss': 0.05714233362813021, 'accuracy': 0.9768298925098106, 'balanced_accuracy': 0.9678592969754141, 'rows': 29305} lr 4e-05
adult_income_dataset_backprop_adam_seed33 step 78000 train {'loss': 0.07415472353746451, 'accuracy': 0.9674458283569357, 'balanced_accuracy': 0.9524535436352275, 'rows': 29305} lr 4e-05
adult_income_dataset_backprop_adam_seed22 step 95000 train {'loss': 0.05623151965412624, 'accuracy': 0.9765227776829892, 'balanced_accuracy': 0.965506818143028, 'rows': 29305} lr 4e-05
adult_income_dataset_backprop_adam_seed11 step 107000 train {'loss': 0.057167044031022046, 'accuracy': 0.9768981402491043, 'balanced_accuracy': 0.9653625102223975, 'rows': 29305} lr 4e-05
adult_income_dataset_backprop_adam_seed33 step 79000 train {'loss': 0.07370337098887747, 'accuracy': 0.9680259341409316, 'balanced_accuracy': 0.9524926848717012, 'rows': 29305} lr 4e-05
adult_income_dataset_backprop_adam_seed22 step 96000 train {'loss': 0.05646684659008401, 'accuracy': 0.9764204060740488, 'balanced_accuracy': 0.9671991320593141, 'rows': 29305} lr 4e-05
adult_income_dataset_backprop_adam_seed11 step 108000 train {'loss': 0.05698486396633222, 'accuracy': 0.9769663879883979, 'balanced_accuracy': 0.9659939005562207, 'rows': 29305} lr 4e-05
adult_income_dataset_backprop_adam_seed33 step 80000 train {'loss': 0.07370499661861274, 'accuracy': 0.9674799522265825, 'balanced_accuracy': 0.9507163725889005, 'rows': 29305} lr 4e-05
adult_income_dataset_backprop_adam_seed22 step 97000 train {'loss': 0.055864805039326663, 'accuracy': 0.9764886538133424, 'balanced_accuracy': 0.9649956119081888, 'rows': 29305} lr 4e-05
adult_income_dataset_backprop_adam_seed11 step 109000 train {'loss': 0.0566621384440561, 'accuracy': 0.9770346357276916, 'balanced_accuracy': 0.9676517239966633, 'rows': 29305} lr 4e-05
adult_income_dataset_backprop_adam_seed33 step 81000 train {'loss': 0.07346368610930105, 'accuracy': 0.9678553147926975, 'balanced_accuracy': 0.9547266748617291, 'rows': 29305} lr 4e-05
adult_income_dataset_backprop_adam_seed22 step 98000 train {'loss': 0.05569678617050534, 'accuracy': 0.9771711312062787, 'balanced_accuracy': 0.9656396942765244, 'rows': 29305} lr 4e-05
adult_income_dataset_backprop_adam_seed11 step 110000 train {'loss': 0.05662005030570879, 'accuracy': 0.9770346357276916, 'balanced_accuracy': 0.9667230464240077, 'rows': 29305} lr 4e-05
adult_income_dataset_backprop_adam_seed33 step 82000 train {'loss': 0.07349755633047184, 'accuracy': 0.9674458283569357, 'balanced_accuracy': 0.9552395763531941, 'rows': 29305} lr 4e-05
adult_income_dataset_backprop_adam_seed22 step 99000 train {'loss': 0.05568153235671708, 'accuracy': 0.9765910254222829, 'balanced_accuracy': 0.9658938196419418, 'rows': 29305} lr 4e-05
adult_income_dataset_backprop_adam_seed11 step 111000 train {'loss': 0.05644776548842606, 'accuracy': 0.9768640163794574, 'balanced_accuracy': 0.9671485590357063, 'rows': 29305} lr 4e-05
adult_income_dataset_backprop_adam_seed33 step 83000 train {'loss': 0.07340512191414365, 'accuracy': 0.968333048967753, 'balanced_accuracy': 0.9497129981709909, 'rows': 29305} lr 4e-05
adult_income_dataset_backprop_adam_seed22 step 100000 train {'loss': 0.05556973711029903, 'accuracy': 0.9766592731615765, 'balanced_accuracy': 0.9673561320144569, 'rows': 29305} lr 4e-05
adult_income_dataset_backprop_adam_seed11 step 112000 train {'loss': 0.05635830062055238, 'accuracy': 0.9776488653813342, 'balanced_accuracy': 0.9681043159340126, 'rows': 29305} lr 4e-05
adult_income_dataset_backprop_adam_seed33 step 84000 train {'loss': 0.07277634226636175, 'accuracy': 0.9685377921856339, 'balanced_accuracy': 0.9513139025705695, 'rows': 29305} lr 4e-05
adult_income_dataset_backprop_adam_seed22 step 101000 train {'loss': 0.05537638479970539, 'accuracy': 0.9770005118580447, 'balanced_accuracy': 0.9664073512570961, 'rows': 29305} lr 4e-05
adult_income_dataset_backprop_adam_seed11 step 113000 train {'loss': 0.056352090809130055, 'accuracy': 0.977137007336632, 'balanced_accuracy': 0.9649329769737579, 'rows': 29305} lr 4e-05
adult_income_dataset_backprop_adam_seed33 step 85000 train {'loss': 0.07273683130202124, 'accuracy': 0.968503668315987, 'balanced_accuracy': 0.9536376068206789, 'rows': 29305} lr 4e-05
adult_income_dataset_backprop_adam_seed22 step 102000 train {'loss': 0.055243601051639564, 'accuracy': 0.9769322641187511, 'balanced_accuracy': 0.9664113718940371, 'rows': 29305} lr 4e-05
adult_income_dataset_backprop_adam_seed11 step 114000 train {'loss': 0.056149778704892614, 'accuracy': 0.9773417505545129, 'balanced_accuracy': 0.967462558945992, 'rows': 29305} lr 4e-05
adult_income_dataset_backprop_adam_seed33 step 86000 train {'loss': 0.0725175950179794, 'accuracy': 0.968503668315987, 'balanced_accuracy': 0.9533932179857696, 'rows': 29305} lr 4e-05
adult_income_dataset_backprop_adam_seed22 step 103000 train {'loss': 0.05504299157223305, 'accuracy': 0.9773417505545129, 'balanced_accuracy': 0.9687333808875207, 'rows': 29305} lr 4e-05
adult_income_dataset_backprop_adam_seed11 step 115000 train {'loss': 0.05606730771596634, 'accuracy': 0.9763862822044019, 'balanced_accuracy': 0.9671767034942936, 'rows': 29305} lr 4e-05
adult_income_dataset_backprop_adam_seed33 step 87000 train {'loss': 0.07215083265361516, 'accuracy': 0.9687084115338679, 'balanced_accuracy': 0.9526479895702182, 'rows': 29305} lr 4e-05
adult_income_dataset_backprop_adam_seed22 step 104000 train {'loss': 0.05503863286842891, 'accuracy': 0.976761644770517, 'balanced_accuracy': 0.9642463628556965, 'rows': 29305} lr 4e-05
adult_income_dataset_backprop_adam_seed11 step 116000 train {'loss': 0.05593911448861934, 'accuracy': 0.9775464937723938, 'balanced_accuracy': 0.9687701967436795, 'rows': 29305} lr 4e-05
adult_income_dataset_backprop_adam_seed33 step 88000 train {'loss': 0.07221078106774707, 'accuracy': 0.9682989250981061, 'balanced_accuracy': 0.953649668731502, 'rows': 29305} lr 4e-05
adult_income_dataset_backprop_adam_seed22 step 105000 train {'loss': 0.054824344845095546, 'accuracy': 0.9773417505545129, 'balanced_accuracy': 0.9682934809846839, 'rows': 29305} lr 4e-05
adult_income_dataset_backprop_adam_seed11 step 117000 train {'loss': 0.05579964032002916, 'accuracy': 0.9777171131206279, 'balanced_accuracy': 0.9681980508310353, 'rows': 29305} lr 4e-05
adult_income_dataset_backprop_adam_seed33 step 89000 train {'loss': 0.07174117329090737, 'accuracy': 0.9688107831428084, 'balanced_accuracy': 0.9537905861388807, 'rows': 29305} lr 4e-05
adult_income_dataset_backprop_adam_seed22 step 106000 train {'loss': 0.054390348507019265, 'accuracy': 0.9770346357276916, 'balanced_accuracy': 0.9664786575890985, 'rows': 29305} lr 4e-05
adult_income_dataset_backprop_adam_seed11 step 118000 train {'loss': 0.05562480824801361, 'accuracy': 0.9776488653813342, 'balanced_accuracy': 0.967175638361357, 'rows': 29305} lr 4e-05
adult_income_dataset_backprop_adam_seed33 step 90000 train {'loss': 0.07169881618291399, 'accuracy': 0.9686060399249274, 'balanced_accuracy': 0.9531672370789395, 'rows': 29305} lr 4e-05
adult_income_dataset_backprop_adam_seed22 step 107000 train {'loss': 0.05442866784652495, 'accuracy': 0.9775464937723938, 'balanced_accuracy': 0.966228552860622, 'rows': 29305} lr 4e-05
adult_income_dataset_backprop_adam_seed11 step 119000 train {'loss': 0.05544969089516111, 'accuracy': 0.9780242279474493, 'balanced_accuracy': 0.9687909300520738, 'rows': 29305} lr 4e-05
adult_income_dataset_backprop_adam_seed33 step 91000 train {'loss': 0.07166404941549401, 'accuracy': 0.9686742876642211, 'balanced_accuracy': 0.9569268044996027, 'rows': 29305} lr 4e-05
adult_income_dataset_backprop_adam_seed22 step 108000 train {'loss': 0.054448316915564884, 'accuracy': 0.9772735028152193, 'balanced_accuracy': 0.9679064794857699, 'rows': 29305} lr 4e-05
adult_income_dataset_backprop_adam_seed11 step 120000 train {'loss': 0.05539466506933275, 'accuracy': 0.9773758744241597, 'balanced_accuracy': 0.96768049857894, 'rows': 29305} lr 4e-05
adult_income_dataset_backprop_adam_seed33 step 92000 train {'loss': 0.07112219132974965, 'accuracy': 0.9691178979696298, 'balanced_accuracy': 0.9531126434183907, 'rows': 29305} lr 4e-05
adult_income_dataset_backprop_adam_seed22 step 109000 train {'loss': 0.0541681126121103, 'accuracy': 0.9775123699027469, 'balanced_accuracy': 0.9677213350720397, 'rows': 29305} lr 4e-05
adult_income_dataset_backprop_adam_seed11 step 121000 train {'loss': 0.0552233425990914, 'accuracy': 0.9774441221634533, 'balanced_accuracy': 0.9685073999806907, 'rows': 29305} lr 4e-05
adult_income_dataset_backprop_adam_seed33 step 93000 train {'loss': 0.07114317682904608, 'accuracy': 0.9693226411875107, 'balanced_accuracy': 0.9528561926726582, 'rows': 29305} lr 4e-05
adult_income_dataset_backprop_adam_seed22 step 110000 train {'loss': 0.05400953327194861, 'accuracy': 0.9776488653813342, 'balanced_accuracy': 0.9678110493321213, 'rows': 29305} lr 4e-05
adult_income_dataset_backprop_adam_seed11 step 122000 train {'loss': 0.05494948171182127, 'accuracy': 0.9779559802081556, 'balanced_accuracy': 0.9680617841842869, 'rows': 29305} lr 4e-05
adult_income_dataset_backprop_adam_seed33 step 94000 train {'loss': 0.07099683656487688, 'accuracy': 0.9690496502303361, 'balanced_accuracy': 0.9554139191034797, 'rows': 29305} lr 4e-05
adult_income_dataset_backprop_adam_seed22 step 111000 train {'loss': 0.05409655977238203, 'accuracy': 0.9774099982938065, 'balanced_accuracy': 0.9686316047166159, 'rows': 29305} lr 4e-05
adult_income_dataset_backprop_adam_seed11 step 123000 train {'loss': 0.0550266781498641, 'accuracy': 0.9775123699027469, 'balanced_accuracy': 0.9678679683729854, 'rows': 29305} lr 4e-05
adult_income_dataset_backprop_adam_seed33 step 95000 train {'loss': 0.07056959399645533, 'accuracy': 0.969459136666098, 'balanced_accuracy': 0.956660617223362, 'rows': 29305} lr 4e-05
adult_income_dataset_backprop_adam_seed22 step 112000 train {'loss': 0.054202795396575625, 'accuracy': 0.9772735028152193, 'balanced_accuracy': 0.9703992456018453, 'rows': 29305} lr 4e-05
adult_income_dataset_backprop_adam_seed11 step 124000 train {'loss': 0.05448779526489665, 'accuracy': 0.9779901040778024, 'balanced_accuracy': 0.9681330905162892, 'rows': 29305} lr 8.000000000000001e-06
adult_income_dataset_backprop_adam_seed33 step 96000 train {'loss': 0.07048389016819212, 'accuracy': 0.9693567650571575, 'balanced_accuracy': 0.953905054344298, 'rows': 29305} lr 4e-05
adult_income_dataset_backprop_adam_seed22 step 113000 train {'loss': 0.05371911146955632, 'accuracy': 0.9774441221634533, 'balanced_accuracy': 0.9682141333787995, 'rows': 29305} lr 4e-05
adult_income_dataset_backprop_adam_seed11 step 125000 train {'loss': 0.05440804435010453, 'accuracy': 0.9779901040778024, 'balanced_accuracy': 0.9682797238172348, 'rows': 29305} lr 8.000000000000001e-06
adult_income_dataset_backprop_adam_seed33 step 97000 train {'loss': 0.07024805890992118, 'accuracy': 0.9691861457089234, 'balanced_accuracy': 0.9540373003541052, 'rows': 29305} lr 4e-05
adult_income_dataset_backprop_adam_seed22 step 114000 train {'loss': 0.05360361185141583, 'accuracy': 0.9777512369902747, 'balanced_accuracy': 0.9655322022120527, 'rows': 29305} lr 4e-05
adult_income_dataset_backprop_adam_seed11 step 126000 train {'loss': 0.05446073032446515, 'accuracy': 0.9783995905135643, 'balanced_accuracy': 0.9675224334908604, 'rows': 29305} lr 8.000000000000001e-06
adult_income_dataset_backprop_adam_seed33 step 98000 train {'loss': 0.07009906538226177, 'accuracy': 0.9692543934482171, 'balanced_accuracy': 0.9539355241832004, 'rows': 29305} lr 4e-05
adult_income_dataset_backprop_adam_seed22 step 115000 train {'loss': 0.05355728226190255, 'accuracy': 0.9778194847295684, 'balanced_accuracy': 0.9667012479826766, 'rows': 29305} lr 4e-05
adult_income_dataset_backprop_adam_seed11 step 127000 train {'loss': 0.054360190791047244, 'accuracy': 0.9780924756867428, 'balanced_accuracy': 0.9681026206773866, 'rows': 29305} lr 8.000000000000001e-06
adult_income_dataset_backprop_adam_seed33 step 99000 train {'loss': 0.07007975518103449, 'accuracy': 0.9690837740999829, 'balanced_accuracy': 0.9543121590279171, 'rows': 29305} lr 4e-05
COMPLETE adult_income_dataset_backprop_adam_seed11 127400 {'loss': 0.054338137289349324, 'accuracy': 0.9781948472956833, 'balanced_accuracy': 0.9679743953045203, 'rows': 29305} {'loss': 2.541337603177467, 'accuracy': 0.8245470365441704, 'balanced_accuracy': 0.7492395104824666, 'rows': 9769}
/home/user/anaconda3/envs/pytorchsenv/lib/python3.13/site-packages/torch/cuda/__init__.py:65: FutureWarning: The pynvml package is deprecated. Please install nvidia-ml-py instead. If you did not install pynvml directly, please report this to the maintainers of the package that installed pynvml for you.
  import pynvml  # type: ignore[import]
adult_income_dataset_backprop_adam_seed22 step 116000 train {'loss': 0.05316398710424309, 'accuracy': 0.9778536085992151, 'balanced_accuracy': 0.9671146986835519, 'rows': 29305} lr 4e-05
adult_income_dataset_backprop_adam_seed33 step 100000 train {'loss': 0.06999578995319015, 'accuracy': 0.9696980037536257, 'balanced_accuracy': 0.9525652514510821, 'rows': 29305} lr 4e-05
adult_income_dataset_backprop_adam_seed22 step 117000 train {'loss': 0.053348787321387, 'accuracy': 0.9773758744241597, 'balanced_accuracy': 0.9649433436279551, 'rows': 29305} lr 4e-05
adult_income_dataset_backprop_adam_seed33 step 101000 train {'loss': 0.06979605114270834, 'accuracy': 0.9691520218392766, 'balanced_accuracy': 0.956263249070251, 'rows': 29305} lr 4e-05
adult_income_dataset_backprop_adam_seed22 step 118000 train {'loss': 0.053003097932313496, 'accuracy': 0.977887732468862, 'balanced_accuracy': 0.968065804821228, 'rows': 29305} lr 4e-05
adult_income_dataset_backprop_adam_seed33 step 102000 train {'loss': 0.06955639959561338, 'accuracy': 0.9692543934482171, 'balanced_accuracy': 0.9565749236002214, 'rows': 29305} lr 4e-05
self.n_h =  [150, 304, 304, 304, 2]
diabetes-readmission_backprop_adam_seed11 step 1000 train {'loss': 0.6367699846985914, 'accuracy': 0.6346886131924825, 'balanced_accuracy': 0.6267037617557476, 'rows': 65128} lr 0.005
adult_income_dataset_backprop_adam_seed22 step 119000 train {'loss': 0.05283754847116223, 'accuracy': 0.9780583518170961, 'balanced_accuracy': 0.9679824365784024, 'rows': 29305} lr 4e-05
adult_income_dataset_backprop_adam_seed33 step 103000 train {'loss': 0.06921463524994234, 'accuracy': 0.9697662514929193, 'balanced_accuracy': 0.9551028746971983, 'rows': 29305} lr 4e-05
diabetes-readmission_backprop_adam_seed11 step 2000 train {'loss': 0.632917522388365, 'accuracy': 0.6396787863898784, 'balanced_accuracy': 0.6309671837754385, 'rows': 65128} lr 0.005
adult_income_dataset_backprop_adam_seed22 step 120000 train {'loss': 0.052979400333457584, 'accuracy': 0.978263095034977, 'balanced_accuracy': 0.967334963696815, 'rows': 29305} lr 4e-05
adult_income_dataset_backprop_adam_seed33 step 104000 train {'loss': 0.06895753950150098, 'accuracy': 0.9702098617983279, 'balanced_accuracy': 0.9548079128386813, 'rows': 29305} lr 4e-05
diabetes-readmission_backprop_adam_seed11 step 3000 train {'loss': 0.6238419926513575, 'accuracy': 0.6481390492568481, 'balanced_accuracy': 0.6425653548825705, 'rows': 65128} lr 0.005
adult_income_dataset_backprop_adam_seed22 step 121000 train {'loss': 0.052611660339272566, 'accuracy': 0.9780924756867428, 'balanced_accuracy': 0.9678093540754955, 'rows': 29305} lr 4e-05
adult_income_dataset_backprop_adam_seed33 step 105000 train {'loss': 0.0690168803341965, 'accuracy': 0.970005118580447, 'balanced_accuracy': 0.95496660805045, 'rows': 29305} lr 4e-05
{"completed": 19, "expected": 195, "active": 3, "failures": 0, "time": "2026-10-01T15:17:47.671993+10:00"}
diabetes-readmission_backprop_adam_seed11 step 4000 train {'loss': 0.6295907872268776, 'accuracy': 0.6369764156737502, 'balanced_accuracy': 0.6423492414721541, 'rows': 65128} lr 0.005
adult_income_dataset_backprop_adam_seed22 step 122000 train {'loss': 0.052474682760958666, 'accuracy': 0.9781948472956833, 'balanced_accuracy': 0.9672412287997924, 'rows': 29305} lr 4e-05
adult_income_dataset_backprop_adam_seed33 step 106000 train {'loss': 0.06882612270857161, 'accuracy': 0.970005118580447, 'balanced_accuracy': 0.9565306965938699, 'rows': 29305} lr 4e-05
diabetes-readmission_backprop_adam_seed11 step 5000 train {'loss': 0.6193386441351316, 'accuracy': 0.6532981206240019, 'balanced_accuracy': 0.6491660852818812, 'rows': 65128} lr 0.005
adult_income_dataset_backprop_adam_seed22 step 123000 train {'loss': 0.052383660270205294, 'accuracy': 0.9783654666439174, 'balanced_accuracy': 0.9679399048286769, 'rows': 29305} lr 4e-05
adult_income_dataset_backprop_adam_seed33 step 107000 train {'loss': 0.06874868466120453, 'accuracy': 0.9700733663197406, 'balanced_accuracy': 0.9573087202286388, 'rows': 29305} lr 4e-05
diabetes-readmission_backprop_adam_seed11 step 6000 train {'loss': 0.6148389334863739, 'accuracy': 0.6576434099005036, 'balanced_accuracy': 0.6551209344104612, 'rows': 65128} lr 0.005
adult_income_dataset_backprop_adam_seed22 step 124000 train {'loss': 0.052344755186926405, 'accuracy': 0.9780924756867428, 'balanced_accuracy': 0.9672228208717131, 'rows': 29305} lr 4e-05
adult_income_dataset_backprop_adam_seed33 step 108000 train {'loss': 0.06848136219371607, 'accuracy': 0.9703804811465621, 'balanced_accuracy': 0.9559953665373845, 'rows': 29305} lr 4e-05
diabetes-readmission_backprop_adam_seed11 step 7000 train {'loss': 0.6057790998246362, 'accuracy': 0.6642765016582729, 'balanced_accuracy': 0.655895643582598, 'rows': 65128} lr 0.005
adult_income_dataset_backprop_adam_seed22 step 125000 train {'loss': 0.05230164205157458, 'accuracy': 0.9783654666439174, 'balanced_accuracy': 0.9674511271588582, 'rows': 29305} lr 4e-05
adult_income_dataset_backprop_adam_seed33 step 109000 train {'loss': 0.06861374043926122, 'accuracy': 0.9701757379286811, 'balanced_accuracy': 0.9577181502925731, 'rows': 29305} lr 4e-05
diabetes-readmission_backprop_adam_seed11 step 8000 train {'loss': 0.6027526357384487, 'accuracy': 0.6613284608770421, 'balanced_accuracy': 0.6480375191686978, 'rows': 65128} lr 0.005
adult_income_dataset_backprop_adam_seed22 step 126000 train {'loss': 0.052243451100631576, 'accuracy': 0.9781265995563897, 'balanced_accuracy': 0.9664143273980417, 'rows': 29305} lr 4e-05
adult_income_dataset_backprop_adam_seed33 step 110000 train {'loss': 0.06828941647468666, 'accuracy': 0.9701757379286811, 'balanced_accuracy': 0.9547366065066789, 'rows': 29305} lr 4e-05
diabetes-readmission_backprop_adam_seed11 step 9000 train {'loss': 0.5900402388530521, 'accuracy': 0.6748249600786144, 'balanced_accuracy': 0.6688366955292471, 'rows': 65128} lr 0.005
adult_income_dataset_backprop_adam_seed22 step 127000 train {'loss': 0.051910505237493514, 'accuracy': 0.9787408292100325, 'balanced_accuracy': 0.9693108076844844, 'rows': 29305} lr 4e-05
adult_income_dataset_backprop_adam_seed33 step 111000 train {'loss': 0.06792282789559154, 'accuracy': 0.9704828527555025, 'balanced_accuracy': 0.9580177629117206, 'rows': 29305} lr 4e-05
diabetes-readmission_backprop_adam_seed11 step 10000 train {'loss': 0.5863923106318302, 'accuracy': 0.6770820538017442, 'balanced_accuracy': 0.6720069084799333, 'rows': 65128} lr 0.005
adult_income_dataset_backprop_adam_seed22 step 128000 train {'loss': 0.051797308335123644, 'accuracy': 0.9784678382528579, 'balanced_accuracy': 0.9689358680963936, 'rows': 29305} lr 4e-05
adult_income_dataset_backprop_adam_seed33 step 112000 train {'loss': 0.06781264616806054, 'accuracy': 0.970755843712677, 'balanced_accuracy': 0.956584225121482, 'rows': 29305} lr 4e-05
diabetes-readmission_backprop_adam_seed11 step 11000 train {'loss': 0.5828756673185791, 'accuracy': 0.6794773369364943, 'balanced_accuracy': 0.6761347214833324, 'rows': 65128} lr 0.005
adult_income_dataset_backprop_adam_seed22 step 129000 train {'loss': 0.0517133151441482, 'accuracy': 0.9785702098617983, 'balanced_accuracy': 0.9683677428206905, 'rows': 29305} lr 4e-05
adult_income_dataset_backprop_adam_seed33 step 113000 train {'loss': 0.06752146726006678, 'accuracy': 0.9705852243644429, 'balanced_accuracy': 0.9566675933643075, 'rows': 29305} lr 4e-05
diabetes-readmission_backprop_adam_seed11 step 12000 train {'loss': 0.5759333475496212, 'accuracy': 0.6842064856897188, 'balanced_accuracy': 0.6796529854960642, 'rows': 65128} lr 0.005
adult_income_dataset_backprop_adam_seed22 step 130000 train {'loss': 0.05157739807824758, 'accuracy': 0.9781265995563897, 'balanced_accuracy': 0.9685160713782621, 'rows': 29305} lr 4e-05
adult_income_dataset_backprop_adam_seed33 step 114000 train {'loss': 0.06728392153052905, 'accuracy': 0.9705852243644429, 'balanced_accuracy': 0.9568631044322351, 'rows': 29305} lr 4e-05
diabetes-readmission_backprop_adam_seed11 step 13000 train {'loss': 0.5698525395078252, 'accuracy': 0.6852505834664047, 'balanced_accuracy': 0.6787539849769959, 'rows': 65128} lr 0.005
adult_income_dataset_backprop_adam_seed22 step 131000 train {'loss': 0.05173171086917251, 'accuracy': 0.9779218563385088, 'balanced_accuracy': 0.965546589503191, 'rows': 29305} lr 4e-05
adult_income_dataset_backprop_adam_seed33 step 115000 train {'loss': 0.06740106936125315, 'accuracy': 0.9704146050162088, 'balanced_accuracy': 0.9571908615099698, 'rows': 29305} lr 4e-05
diabetes-readmission_backprop_adam_seed11 step 14000 train {'loss': 0.5597861012506362, 'accuracy': 0.6928510011055153, 'balanced_accuracy': 0.6864725842522976, 'rows': 65128} lr 0.005
adult_income_dataset_backprop_adam_seed22 step 132000 train {'loss': 0.05155377111155676, 'accuracy': 0.9786725814707388, 'balanced_accuracy': 0.9677018620110237, 'rows': 29305} lr 4e-05
adult_income_dataset_backprop_adam_seed33 step 116000 train {'loss': 0.06708363754831469, 'accuracy': 0.9712677017573793, 'balanced_accuracy': 0.9582403533052988, 'rows': 29305} lr 4e-05
diabetes-readmission_backprop_adam_seed11 step 15000 train {'loss': 0.5574827681389037, 'accuracy': 0.693588011300823, 'balanced_accuracy': 0.687604829319528, 'rows': 65128} lr 0.005
adult_income_dataset_backprop_adam_seed22 step 133000 train {'loss': 0.051201244129029745, 'accuracy': 0.9789455724279134, 'balanced_accuracy': 0.9676369016962776, 'rows': 29305} lr 4e-05
adult_income_dataset_backprop_adam_seed33 step 117000 train {'loss': 0.06695711903199057, 'accuracy': 0.9709264630609111, 'balanced_accuracy': 0.9592868895966233, 'rows': 29305} lr 4e-05
diabetes-readmission_backprop_adam_seed11 step 16000 train {'loss': 0.5588259776838435, 'accuracy': 0.6963210907750891, 'balanced_accuracy': 0.6946914510761648, 'rows': 65128} lr 0.005
adult_income_dataset_backprop_adam_seed22 step 134000 train {'loss': 0.05193668603973368, 'accuracy': 0.9785360859921515, 'balanced_accuracy': 0.9726954355170567, 'rows': 29305} lr 4e-05
adult_income_dataset_backprop_adam_seed33 step 118000 train {'loss': 0.06689875236633104, 'accuracy': 0.9710970824091452, 'balanced_accuracy': 0.9576883105773599, 'rows': 29305} lr 4e-05
diabetes-readmission_backprop_adam_seed11 step 17000 train {'loss': 0.5450078762949663, 'accuracy': 0.7025549686770667, 'balanced_accuracy': 0.6946236892583058, 'rows': 65128} lr 0.005
adult_income_dataset_backprop_adam_seed22 step 135000 train {'loss': 0.05094591729028948, 'accuracy': 0.9788773246886197, 'balanced_accuracy': 0.9705247105851491, 'rows': 29305} lr 4e-05
adult_income_dataset_backprop_adam_seed33 step 119000 train {'loss': 0.06674282208143537, 'accuracy': 0.9714724449752602, 'balanced_accuracy': 0.9588148245982581, 'rows': 29305} lr 4e-05
diabetes-readmission_backprop_adam_seed11 step 18000 train {'loss': 0.5402842498999997, 'accuracy': 0.7053648200466773, 'balanced_accuracy': 0.6995438852125658, 'rows': 65128} lr 0.005
adult_income_dataset_backprop_adam_seed22 step 136000 train {'loss': 0.05095283601740037, 'accuracy': 0.9787408292100325, 'balanced_accuracy': 0.969066418849575, 'rows': 29305} lr 4e-05
adult_income_dataset_backprop_adam_seed33 step 120000 train {'loss': 0.06693637987042303, 'accuracy': 0.9703804811465621, 'balanced_accuracy': 0.9590746658572424, 'rows': 29305} lr 4e-05
diabetes-readmission_backprop_adam_seed11 step 19000 train {'loss': 0.5335652249302505, 'accuracy': 0.711076649060312, 'balanced_accuracy': 0.7099345036892528, 'rows': 65128} lr 0.005
adult_income_dataset_backprop_adam_seed22 step 137000 train {'loss': 0.05124195342665137, 'accuracy': 0.9786384576010919, 'balanced_accuracy': 0.9682659666497857, 'rows': 29305} lr 4e-05
adult_income_dataset_backprop_adam_seed33 step 121000 train {'loss': 0.06685299238126811, 'accuracy': 0.9707217198430302, 'balanced_accuracy': 0.9531403528677307, 'rows': 29305} lr 4e-05
diabetes-readmission_backprop_adam_seed11 step 20000 train {'loss': 0.5201105513204859, 'accuracy': 0.7182317897064243, 'balanced_accuracy': 0.7136674979471095, 'rows': 65128} lr 0.005
adult_income_dataset_backprop_adam_seed22 step 138000 train {'loss': 0.050737667488494516, 'accuracy': 0.9787067053403856, 'balanced_accuracy': 0.9697771567892828, 'rows': 29305} lr 4e-05
adult_income_dataset_backprop_adam_seed33 step 122000 train {'loss': 0.0660493666346499, 'accuracy': 0.9717454359324348, 'balanced_accuracy': 0.9585543532155845, 'rows': 29305} lr 4e-05
diabetes-readmission_backprop_adam_seed11 step 21000 train {'loss': 0.5232163114975893, 'accuracy': 0.7166656430413954, 'balanced_accuracy': 0.7115796165803578, 'rows': 65128} lr 0.005
adult_income_dataset_backprop_adam_seed22 step 139000 train {'loss': 0.05055709320913909, 'accuracy': 0.9788432008189729, 'balanced_accuracy': 0.9704534042531469, 'rows': 29305} lr 4e-05
adult_income_dataset_backprop_adam_seed33 step 123000 train {'loss': 0.06604488882808388, 'accuracy': 0.9711994540180856, 'balanced_accuracy': 0.9584887627771492, 'rows': 29305} lr 4e-05
diabetes-readmission_backprop_adam_seed11 step 22000 train {'loss': 0.5163646821907764, 'accuracy': 0.7208420341481391, 'balanced_accuracy': 0.7198274558788487, 'rows': 65128} lr 0.005
adult_income_dataset_backprop_adam_seed22 step 140000 train {'loss': 0.05028591332068889, 'accuracy': 0.9790820679065007, 'balanced_accuracy': 0.9694862155677066, 'rows': 29305} lr 8.000000000000001e-06
adult_income_dataset_backprop_adam_seed33 step 124000 train {'loss': 0.06595150939236727, 'accuracy': 0.9714041972359666, 'balanced_accuracy': 0.9597475228078547, 'rows': 29305} lr 4e-05
diabetes-readmission_backprop_adam_seed11 step 23000 train {'loss': 0.5128039851658409, 'accuracy': 0.722745977152684, 'balanced_accuracy': 0.7148366691637258, 'rows': 65128} lr 0.005
adult_income_dataset_backprop_adam_seed22 step 141000 train {'loss': 0.050165684267209874, 'accuracy': 0.9793550588636751, 'balanced_accuracy': 0.9696656440878699, 'rows': 29305} lr 8.000000000000001e-06
adult_income_dataset_backprop_adam_seed33 step 125000 train {'loss': 0.06580899968918752, 'accuracy': 0.9716089404538475, 'balanced_accuracy': 0.9591000499262672, 'rows': 29305} lr 4e-05
diabetes-readmission_backprop_adam_seed11 step 24000 train {'loss': 0.495833911842744, 'accuracy': 0.7346763296892274, 'balanced_accuracy': 0.7327115077545976, 'rows': 65128} lr 0.005
adult_income_dataset_backprop_adam_seed22 step 142000 train {'loss': 0.05016415096543547, 'accuracy': 0.9791503156457942, 'balanced_accuracy': 0.9700198503675662, 'rows': 29305} lr 8.000000000000001e-06
adult_income_dataset_backprop_adam_seed33 step 126000 train {'loss': 0.06575116261171209, 'accuracy': 0.9715406927145538, 'balanced_accuracy': 0.9562202823112779, 'rows': 29305} lr 4e-05
diabetes-readmission_backprop_adam_seed11 step 25000 train {'loss': 0.4926552899843527, 'accuracy': 0.7356590099496376, 'balanced_accuracy': 0.7316387179240933, 'rows': 65128} lr 0.005
adult_income_dataset_backprop_adam_seed22 step 143000 train {'loss': 0.050132197862170984, 'accuracy': 0.9793209349940283, 'balanced_accuracy': 0.9693499489209583, 'rows': 29305} lr 8.000000000000001e-06
adult_income_dataset_backprop_adam_seed33 step 127000 train {'loss': 0.06559936103077801, 'accuracy': 0.9719501791503157, 'balanced_accuracy': 0.9565871806254865, 'rows': 29305} lr 4e-05
diabetes-readmission_backprop_adam_seed11 step 26000 train {'loss': 0.49341774712746944, 'accuracy': 0.7360889325635671, 'balanced_accuracy': 0.7349475756447974, 'rows': 65128} lr 0.005
COMPLETE adult_income_dataset_backprop_adam_seed22 143500 {'loss': 0.05007817453872098, 'accuracy': 0.9795256782119093, 'balanced_accuracy': 0.9699244202139177, 'rows': 29305} {'loss': 2.8371862548316975, 'accuracy': 0.8232162964479476, 'balanced_accuracy': 0.7452867780788845, 'rows': 9769}
adult_income_dataset_backprop_adam_seed33 step 128000 train {'loss': 0.06537806076760219, 'accuracy': 0.9716430643234942, 'balanced_accuracy': 0.9577050232488133, 'rows': 29305} lr 4e-05
/home/user/anaconda3/envs/pytorchsenv/lib/python3.13/site-packages/torch/cuda/__init__.py:65: FutureWarning: The pynvml package is deprecated. Please install nvidia-ml-py instead. If you did not install pynvml directly, please report this to the maintainers of the package that installed pynvml for you.
  import pynvml  # type: ignore[import]
diabetes-readmission_backprop_adam_seed11 step 27000 train {'loss': 0.48226178125848407, 'accuracy': 0.7400810711214838, 'balanced_accuracy': 0.7342236925794203, 'rows': 65128} lr 0.005
adult_income_dataset_backprop_adam_seed33 step 129000 train {'loss': 0.06535723363680962, 'accuracy': 0.9719843030199624, 'balanced_accuracy': 0.9560719537537063, 'rows': 29305} lr 4e-05
diabetes-readmission_backprop_adam_seed11 step 28000 train {'loss': 0.48390403660461573, 'accuracy': 0.741585800270237, 'balanced_accuracy': 0.7372244630385372, 'rows': 65128} lr 0.005
adult_income_dataset_backprop_adam_seed33 step 130000 train {'loss': 0.06533739430122135, 'accuracy': 0.9719843030199624, 'balanced_accuracy': 0.9557298093848332, 'rows': 29305} lr 4e-05
diabetes-readmission_backprop_adam_seed11 step 29000 train {'loss': 0.4841496624805728, 'accuracy': 0.7419235966097532, 'balanced_accuracy': 0.7375476000492217, 'rows': 65128} lr 0.005
self.n_h =  [150, 304, 304, 304, 2]
diabetes-readmission_backprop_adam_seed22 step 1000 train {'loss': 0.6366912861696816, 'accuracy': 0.6336752241739344, 'balanced_accuracy': 0.6288085067344478, 'rows': 65128} lr 0.005
adult_income_dataset_backprop_adam_seed33 step 131000 train {'loss': 0.06498400693388445, 'accuracy': 0.971506568844907, 'balanced_accuracy': 0.9576641867557136, 'rows': 29305} lr 4e-05
diabetes-readmission_backprop_adam_seed11 step 30000 train {'loss': 0.47943020213618204, 'accuracy': 0.7445031322933301, 'balanced_accuracy': 0.7380121159056237, 'rows': 65128} lr 0.005
diabetes-readmission_backprop_adam_seed22 step 2000 train {'loss': 0.6341582252255618, 'accuracy': 0.6351953077017566, 'balanced_accuracy': 0.6177634385721381, 'rows': 65128} lr 0.005
adult_income_dataset_backprop_adam_seed33 step 132000 train {'loss': 0.06473524382198412, 'accuracy': 0.972257293977137, 'balanced_accuracy': 0.9601127258654374, 'rows': 29305} lr 4e-05
{"completed": 20, "expected": 195, "active": 3, "failures": 0, "time": "2026-10-01T15:18:47.751964+10:00"}
diabetes-readmission_backprop_adam_seed11 step 31000 train {'loss': 0.46428121804473527, 'accuracy': 0.7547905662695, 'balanced_accuracy': 0.7511850671820648, 'rows': 65128} lr 0.005
diabetes-readmission_backprop_adam_seed22 step 3000 train {'loss': 0.6269307323527737, 'accuracy': 0.6430413954059698, 'balanced_accuracy': 0.6420198223486027, 'rows': 65128} lr 0.005
adult_income_dataset_backprop_adam_seed33 step 133000 train {'loss': 0.06455578609469645, 'accuracy': 0.9715748165842006, 'balanced_accuracy': 0.9580023104876456, 'rows': 29305} lr 4e-05
diabetes-readmission_backprop_adam_seed11 step 32000 train {'loss': 0.4703953966119485, 'accuracy': 0.7513511853580641, 'balanced_accuracy': 0.7511495640422379, 'rows': 65128} lr 0.005
diabetes-readmission_backprop_adam_seed22 step 4000 train {'loss': 0.6264077405088467, 'accuracy': 0.6484000737010195, 'balanced_accuracy': 0.6476143313045846, 'rows': 65128} lr 0.005
adult_income_dataset_backprop_adam_seed33 step 134000 train {'loss': 0.06464272338952287, 'accuracy': 0.9722914178467839, 'balanced_accuracy': 0.9592553546247842, 'rows': 29305} lr 4e-05
diabetes-readmission_backprop_adam_seed11 step 33000 train {'loss': 0.45472581331142115, 'accuracy': 0.7603949146296524, 'balanced_accuracy': 0.7576820601845158, 'rows': 65128} lr 0.005
diabetes-readmission_backprop_adam_seed22 step 5000 train {'loss': 0.6155422988035743, 'accuracy': 0.6534977275518978, 'balanced_accuracy': 0.6460579990311999, 'rows': 65128} lr 0.005
adult_income_dataset_backprop_adam_seed33 step 135000 train {'loss': 0.06409318970064726, 'accuracy': 0.972257293977137, 'balanced_accuracy': 0.9591840482927819, 'rows': 29305} lr 4e-05
diabetes-readmission_backprop_adam_seed11 step 34000 train {'loss': 0.4627607314259513, 'accuracy': 0.7544834786881218, 'balanced_accuracy': 0.7516506379628867, 'rows': 65128} lr 0.005
diabetes-readmission_backprop_adam_seed22 step 6000 train {'loss': 0.6186085518784963, 'accuracy': 0.6460969168406829, 'balanced_accuracy': 0.651276501428011, 'rows': 65128} lr 0.005
adult_income_dataset_backprop_adam_seed33 step 136000 train {'loss': 0.06398431902894021, 'accuracy': 0.9724961610646647, 'balanced_accuracy': 0.9602208480535984, 'rows': 29305} lr 4e-05
diabetes-readmission_backprop_adam_seed11 step 35000 train {'loss': 0.44872817520851616, 'accuracy': 0.7636039798550547, 'balanced_accuracy': 0.7602943129844181, 'rows': 65128} lr 0.005
diabetes-readmission_backprop_adam_seed22 step 7000 train {'loss': 0.6077132183669929, 'accuracy': 0.6613284608770421, 'balanced_accuracy': 0.6511760179796764, 'rows': 65128} lr 0.005
adult_income_dataset_backprop_adam_seed33 step 137000 train {'loss': 0.06397118567759379, 'accuracy': 0.9724279133253712, 'balanced_accuracy': 0.9591984355839203, 'rows': 29305} lr 4e-05
diabetes-readmission_backprop_adam_seed11 step 36000 train {'loss': 0.4554747200769254, 'accuracy': 0.7594275887483111, 'balanced_accuracy': 0.7564932761014826, 'rows': 65128} lr 0.005
diabetes-readmission_backprop_adam_seed22 step 8000 train {'loss': 0.6035309808067689, 'accuracy': 0.6655662695000614, 'balanced_accuracy': 0.658675399786377, 'rows': 65128} lr 0.005
adult_income_dataset_backprop_adam_seed33 step 138000 train {'loss': 0.06384972627456635, 'accuracy': 0.9722231701074902, 'balanced_accuracy': 0.9597970306985258, 'rows': 29305} lr 4e-05
diabetes-readmission_backprop_adam_seed11 step 37000 train {'loss': 0.44382449279120245, 'accuracy': 0.7675807640339025, 'balanced_accuracy': 0.7660262011805834, 'rows': 65128} lr 0.005
diabetes-readmission_backprop_adam_seed22 step 9000 train {'loss': 0.5999783295449366, 'accuracy': 0.6668099742046432, 'balanced_accuracy': 0.6637120510482633, 'rows': 65128} lr 0.005
adult_income_dataset_backprop_adam_seed33 step 139000 train {'loss': 0.06370460946895302, 'accuracy': 0.972632656543252, 'balanced_accuracy': 0.9587464737702602, 'rows': 29305} lr 4e-05
diabetes-readmission_backprop_adam_seed22 step 10000 train {'loss': 0.5943704365571086, 'accuracy': 0.6717080211276256, 'balanced_accuracy': 0.6658309748942104, 'rows': 65128} lr 0.005
diabetes-readmission_backprop_adam_seed11 step 38000 train {'loss': 0.4463385143820066, 'accuracy': 0.7657075297874953, 'balanced_accuracy': 0.7661602107341308, 'rows': 65128} lr 0.005
adult_income_dataset_backprop_adam_seed33 step 140000 train {'loss': 0.06355828442501953, 'accuracy': 0.9725985326736052, 'balanced_accuracy': 0.9598482338458229, 'rows': 29305} lr 4e-05
diabetes-readmission_backprop_adam_seed22 step 11000 train {'loss': 0.5868118613200579, 'accuracy': 0.6771434713180199, 'balanced_accuracy': 0.6705220833855673, 'rows': 65128} lr 0.005
diabetes-readmission_backprop_adam_seed11 step 39000 train {'loss': 0.43679063376316113, 'accuracy': 0.7698378577570323, 'balanced_accuracy': 0.766098427453766, 'rows': 65128} lr 0.005
adult_income_dataset_backprop_adam_seed33 step 141000 train {'loss': 0.06346255675240438, 'accuracy': 0.9729738952397202, 'balanced_accuracy': 0.9630764918469416, 'rows': 29305} lr 4e-05
diabetes-readmission_backprop_adam_seed22 step 12000 train {'loss': 0.5876307678579947, 'accuracy': 0.6734737747205503, 'balanced_accuracy': 0.6673439698858088, 'rows': 65128} lr 0.005
diabetes-readmission_backprop_adam_seed11 step 40000 train {'loss': 0.43582259537898094, 'accuracy': 0.7689780125291733, 'balanced_accuracy': 0.7662462383026907, 'rows': 65128} lr 0.005
adult_income_dataset_backprop_adam_seed33 step 142000 train {'loss': 0.06326429148396419, 'accuracy': 0.9723596655860774, 'balanced_accuracy': 0.9604244003954081, 'rows': 29305} lr 4e-05
diabetes-readmission_backprop_adam_seed22 step 13000 train {'loss': 0.5763534180085089, 'accuracy': 0.6831316791548949, 'balanced_accuracy': 0.6746301526056702, 'rows': 65128} lr 0.005
adult_income_dataset_backprop_adam_seed33 step 143000 train {'loss': 0.06310095814582818, 'accuracy': 0.9727350281521925, 'balanced_accuracy': 0.9594002926691039, 'rows': 29305} lr 4e-05
diabetes-readmission_backprop_adam_seed11 step 41000 train {'loss': 0.43144083244547826, 'accuracy': 0.773998894484707, 'balanced_accuracy': 0.7711339365133126, 'rows': 65128} lr 0.005
diabetes-readmission_backprop_adam_seed22 step 14000 train {'loss': 0.5721293069589726, 'accuracy': 0.6830856160176882, 'balanced_accuracy': 0.6804687968763066, 'rows': 65128} lr 0.005
adult_income_dataset_backprop_adam_seed33 step 144000 train {'loss': 0.06295277801588765, 'accuracy': 0.9726667804128988, 'balanced_accuracy': 0.9576935914616794, 'rows': 29305} lr 4e-05
diabetes-readmission_backprop_adam_seed11 step 42000 train {'loss': 0.4398242065946354, 'accuracy': 0.7679185603734185, 'balanced_accuracy': 0.7686442313992956, 'rows': 65128} lr 0.005
diabetes-readmission_backprop_adam_seed22 step 15000 train {'loss': 0.5676350087941447, 'accuracy': 0.6857419235966098, 'balanced_accuracy': 0.6823462530761861, 'rows': 65128} lr 0.005
adult_income_dataset_backprop_adam_seed33 step 145000 train {'loss': 0.06297156642451869, 'accuracy': 0.9727009042825456, 'balanced_accuracy': 0.9592801085701197, 'rows': 29305} lr 4e-05
diabetes-readmission_backprop_adam_seed11 step 43000 train {'loss': 0.43675814722199624, 'accuracy': 0.7723099127871269, 'balanced_accuracy': 0.7704476474631413, 'rows': 65128} lr 0.005
adult_income_dataset_backprop_adam_seed33 step 146000 train {'loss': 0.06299491348760443, 'accuracy': 0.9728032758914861, 'balanced_accuracy': 0.9572456502849604, 'rows': 29305} lr 4e-05
diabetes-readmission_backprop_adam_seed22 step 16000 train {'loss': 0.5563068518605224, 'accuracy': 0.6931734430659624, 'balanced_accuracy': 0.6933206014580998, 'rows': 65128} lr 0.005
diabetes-readmission_backprop_adam_seed11 step 44000 train {'loss': 0.4235798122548688, 'accuracy': 0.7773000859845228, 'balanced_accuracy': 0.7782952017620364, 'rows': 65128} lr 0.005
diabetes-readmission_backprop_adam_seed22 step 17000 train {'loss': 0.554263147217184, 'accuracy': 0.6925899766613438, 'balanced_accuracy': 0.6891638083906928, 'rows': 65128} lr 0.005
adult_income_dataset_backprop_adam_seed33 step 147000 train {'loss': 0.06288686158398357, 'accuracy': 0.9727350281521925, 'balanced_accuracy': 0.9587648816983396, 'rows': 29305} lr 4e-05
diabetes-readmission_backprop_adam_seed11 step 45000 train {'loss': 0.437651530792256, 'accuracy': 0.7692390369733448, 'balanced_accuracy': 0.7628448602951448, 'rows': 65128} lr 0.005
diabetes-readmission_backprop_adam_seed22 step 18000 train {'loss': 0.5486375685113608, 'accuracy': 0.6986242476354256, 'balanced_accuracy': 0.698128436577572, 'rows': 65128} lr 0.005
adult_income_dataset_backprop_adam_seed33 step 148000 train {'loss': 0.06236916060126127, 'accuracy': 0.9734175055451288, 'balanced_accuracy': 0.9604353971732946, 'rows': 29305} lr 4e-05
diabetes-readmission_backprop_adam_seed11 step 46000 train {'loss': 0.41456125038742886, 'accuracy': 0.7824898661098145, 'balanced_accuracy': 0.7827915970094, 'rows': 65128} lr 0.005
diabetes-readmission_backprop_adam_seed22 step 19000 train {'loss': 0.5507936156977747, 'accuracy': 0.69856283011915, 'balanced_accuracy': 0.6931932800494803, 'rows': 65128} lr 0.005
diabetes-readmission_backprop_adam_seed11 step 47000 train {'loss': 0.4221577646874075, 'accuracy': 0.778989067682103, 'balanced_accuracy': 0.7776422073408562, 'rows': 65128} lr 0.005
adult_income_dataset_backprop_adam_seed33 step 149000 train {'loss': 0.06219915670632421, 'accuracy': 0.9734857532844224, 'balanced_accuracy': 0.9590627990608611, 'rows': 29305} lr 4e-05
diabetes-readmission_backprop_adam_seed22 step 20000 train {'loss': 0.5366638407720686, 'accuracy': 0.705764033902469, 'balanced_accuracy': 0.7036440083472906, 'rows': 65128} lr 0.005
diabetes-readmission_backprop_adam_seed11 step 48000 train {'loss': 0.4053692166949648, 'accuracy': 0.7882016951234492, 'balanced_accuracy': 0.7893716918727576, 'rows': 65128} lr 0.005
adult_income_dataset_backprop_adam_seed33 step 150000 train {'loss': 0.0626514719863675, 'accuracy': 0.9727009042825456, 'balanced_accuracy': 0.9570317312889536, 'rows': 29305} lr 4e-05
diabetes-readmission_backprop_adam_seed22 step 21000 train {'loss': 0.5411150249593192, 'accuracy': 0.7049348974327478, 'balanced_accuracy': 0.7050952693895223, 'rows': 65128} lr 0.005
adult_income_dataset_backprop_adam_seed33 step 151000 train {'loss': 0.061910706455441916, 'accuracy': 0.9736904965023033, 'balanced_accuracy': 0.9607125812274215, 'rows': 29305} lr 4e-05
diabetes-readmission_backprop_adam_seed11 step 49000 train {'loss': 0.42864616010775075, 'accuracy': 0.7782213487286574, 'balanced_accuracy': 0.7763289364842454, 'rows': 65128} lr 0.005
diabetes-readmission_backprop_adam_seed22 step 22000 train {'loss': 0.5365603483656, 'accuracy': 0.7067006510256725, 'balanced_accuracy': 0.7071563697163712, 'rows': 65128} lr 0.005
adult_income_dataset_backprop_adam_seed33 step 152000 train {'loss': 0.061854453681577416, 'accuracy': 0.9732810100665416, 'balanced_accuracy': 0.9602968051462311, 'rows': 29305} lr 4e-05
diabetes-readmission_backprop_adam_seed11 step 50000 train {'loss': 0.4119307133866212, 'accuracy': 0.7840560127748434, 'balanced_accuracy': 0.7864713669150536, 'rows': 65128} lr 0.005
adult_income_dataset_backprop_adam_seed33 step 153000 train {'loss': 0.061353952186320386, 'accuracy': 0.973758744241597, 'balanced_accuracy': 0.9600731496197161, 'rows': 29305} lr 8.000000000000001e-06
diabetes-readmission_backprop_adam_seed22 step 23000 train {'loss': 0.5268098383816113, 'accuracy': 0.7132723252671662, 'balanced_accuracy': 0.7157739258717816, 'rows': 65128} lr 0.005
diabetes-readmission_backprop_adam_seed11 step 51000 train {'loss': 0.37531647564239956, 'accuracy': 0.8057517503992139, 'balanced_accuracy': 0.8048451088626598, 'rows': 65128} lr 0.001
adult_income_dataset_backprop_adam_seed33 step 154000 train {'loss': 0.06124984098795717, 'accuracy': 0.9740658590684184, 'balanced_accuracy': 0.9619368507822835, 'rows': 29305} lr 8.000000000000001e-06
diabetes-readmission_backprop_adam_seed22 step 24000 train {'loss': 0.5146937108701723, 'accuracy': 0.7186463579412848, 'balanced_accuracy': 0.7179820534436248, 'rows': 65128} lr 0.005
diabetes-readmission_backprop_adam_seed11 step 52000 train {'loss': 0.3574288411693072, 'accuracy': 0.8141505957499079, 'balanced_accuracy': 0.8148420337200292, 'rows': 65128} lr 0.001
adult_income_dataset_backprop_adam_seed33 step 155000 train {'loss': 0.061186195872603294, 'accuracy': 0.9738269919808906, 'balanced_accuracy': 0.9608022954875033, 'rows': 29305} lr 8.000000000000001e-06
diabetes-readmission_backprop_adam_seed22 step 25000 train {'loss': 0.517041574852895, 'accuracy': 0.7183085616017688, 'balanced_accuracy': 0.7195868173730176, 'rows': 65128} lr 0.005
diabetes-readmission_backprop_adam_seed11 step 53000 train {'loss': 0.3461882885485547, 'accuracy': 0.8205073086844368, 'balanced_accuracy': 0.821017557478999, 'rows': 65128} lr 0.001
COMPLETE adult_income_dataset_backprop_adam_seed33 155800 {'loss': 0.061169516307525394, 'accuracy': 0.9740999829380652, 'balanced_accuracy': 0.9616171349784308, 'rows': 29305} {'loss': 2.4088486093912973, 'accuracy': 0.8239328488074521, 'balanced_accuracy': 0.7481029347959598, 'rows': 9769}
diabetes-readmission_backprop_adam_seed22 step 26000 train {'loss': 0.5149585398273494, 'accuracy': 0.7192298243459034, 'balanced_accuracy': 0.7184879883649274, 'rows': 65128} lr 0.005
/home/user/anaconda3/envs/pytorchsenv/lib/python3.13/site-packages/torch/cuda/__init__.py:65: FutureWarning: The pynvml package is deprecated. Please install nvidia-ml-py instead. If you did not install pynvml directly, please report this to the maintainers of the package that installed pynvml for you.
  import pynvml  # type: ignore[import]
diabetes-readmission_backprop_adam_seed11 step 54000 train {'loss': 0.3376515656361898, 'accuracy': 0.8247297629283872, 'balanced_accuracy': 0.8241988661095543, 'rows': 65128} lr 0.001
diabetes-readmission_backprop_adam_seed22 step 27000 train {'loss': 0.5071110257483308, 'accuracy': 0.7252948040781231, 'balanced_accuracy': 0.7259249835352102, 'rows': 65128} lr 0.005
diabetes-readmission_backprop_adam_seed11 step 55000 train {'loss': 0.3324339766896865, 'accuracy': 0.8278159931212382, 'balanced_accuracy': 0.8263777498862845, 'rows': 65128} lr 0.001
diabetes-readmission_backprop_adam_seed22 step 28000 train {'loss': 0.5162211283171972, 'accuracy': 0.7184621053924579, 'balanced_accuracy': 0.7140552832307379, 'rows': 65128} lr 0.005
diabetes-readmission_backprop_adam_seed11 step 56000 train {'loss': 0.32485828211055373, 'accuracy': 0.8319002579535684, 'balanced_accuracy': 0.8311775535398049, 'rows': 65128} lr 0.001
{"completed": 21, "expected": 195, "active": 3, "failures": 0, "time": "2026-10-01T15:19:47.837942+10:00"}
self.n_h =  [150, 304, 304, 304, 2]
diabetes-readmission_backprop_adam_seed33 step 1000 train {'loss': 0.641279560366334, 'accuracy': 0.6305429308438767, 'balanced_accuracy': 0.6274328473440729, 'rows': 65128} lr 0.005
diabetes-readmission_backprop_adam_seed22 step 29000 train {'loss': 0.5017453979514562, 'accuracy': 0.7266306350571183, 'balanced_accuracy': 0.7240123505390292, 'rows': 65128} lr 0.005
diabetes-readmission_backprop_adam_seed11 step 57000 train {'loss': 0.3189665851941816, 'accuracy': 0.835047905662695, 'balanced_accuracy': 0.8346073727650725, 'rows': 65128} lr 0.001
diabetes-readmission_backprop_adam_seed33 step 2000 train {'loss': 0.6396156755188966, 'accuracy': 0.6281015845719199, 'balanced_accuracy': 0.609747898943462, 'rows': 65128} lr 0.005
diabetes-readmission_backprop_adam_seed22 step 30000 train {'loss': 0.5158234852974867, 'accuracy': 0.7207806166318634, 'balanced_accuracy': 0.7262523781904956, 'rows': 65128} lr 0.005
diabetes-readmission_backprop_adam_seed11 step 58000 train {'loss': 0.3165090205100959, 'accuracy': 0.8361534209556566, 'balanced_accuracy': 0.834656658226816, 'rows': 65128} lr 0.001
diabetes-readmission_backprop_adam_seed33 step 3000 train {'loss': 0.6284485803586437, 'accuracy': 0.644039430045449, 'balanced_accuracy': 0.6368695617982086, 'rows': 65128} lr 0.005
diabetes-readmission_backprop_adam_seed22 step 31000 train {'loss': 0.49409931377921756, 'accuracy': 0.7324806534823731, 'balanced_accuracy': 0.7317955013226247, 'rows': 65128} lr 0.005
diabetes-readmission_backprop_adam_seed11 step 59000 train {'loss': 0.3131027930587651, 'accuracy': 0.8374431887974451, 'balanced_accuracy': 0.8370360592291946, 'rows': 65128} lr 0.001
diabetes-readmission_backprop_adam_seed33 step 4000 train {'loss': 0.6211637590122141, 'accuracy': 0.651593784547353, 'balanced_accuracy': 0.6430941091851632, 'rows': 65128} lr 0.005
diabetes-readmission_backprop_adam_seed22 step 32000 train {'loss': 0.5075693561402311, 'accuracy': 0.7241739344060926, 'balanced_accuracy': 0.7191936227557185, 'rows': 65128} lr 0.005
diabetes-readmission_backprop_adam_seed11 step 60000 train {'loss': 0.30628955347387754, 'accuracy': 0.8414046185972239, 'balanced_accuracy': 0.8418099982609685, 'rows': 65128} lr 0.001
diabetes-readmission_backprop_adam_seed33 step 5000 train {'loss': 0.6217715293223933, 'accuracy': 0.6475709372312983, 'balanced_accuracy': 0.633682896959673, 'rows': 65128} lr 0.005
diabetes-readmission_backprop_adam_seed22 step 33000 train {'loss': 0.49246889859815, 'accuracy': 0.7328338042009581, 'balanced_accuracy': 0.7320185058939993, 'rows': 65128} lr 0.005
diabetes-readmission_backprop_adam_seed11 step 61000 train {'loss': 0.30633604786068314, 'accuracy': 0.8417731236948778, 'balanced_accuracy': 0.8422522013274835, 'rows': 65128} lr 0.001
diabetes-readmission_backprop_adam_seed33 step 6000 train {'loss': 0.615578064819238, 'accuracy': 0.6577355361749171, 'balanced_accuracy': 0.6542770669737514, 'rows': 65128} lr 0.005
diabetes-readmission_backprop_adam_seed22 step 34000 train {'loss': 0.48639073846762193, 'accuracy': 0.7384535069401793, 'balanced_accuracy': 0.7384868584573905, 'rows': 65128} lr 0.005
diabetes-readmission_backprop_adam_seed11 step 62000 train {'loss': 0.3039605428298031, 'accuracy': 0.8430014740203906, 'balanced_accuracy': 0.8430112915466994, 'rows': 65128} lr 0.001
diabetes-readmission_backprop_adam_seed33 step 7000 train {'loss': 0.6113003334429762, 'accuracy': 0.6588103427097408, 'balanced_accuracy': 0.6467077755534305, 'rows': 65128} lr 0.005
diabetes-readmission_backprop_adam_seed22 step 35000 train {'loss': 0.4952316135735495, 'accuracy': 0.7313597838103427, 'balanced_accuracy': 0.7281287642871868, 'rows': 65128} lr 0.005
diabetes-readmission_backprop_adam_seed11 step 63000 train {'loss': 0.3011759567972396, 'accuracy': 0.8437691929738361, 'balanced_accuracy': 0.8430496217321838, 'rows': 65128} lr 0.001
diabetes-readmission_backprop_adam_seed33 step 8000 train {'loss': 0.6047201756103782, 'accuracy': 0.665965483355853, 'balanced_accuracy': 0.662144010252226, 'rows': 65128} lr 0.005
diabetes-readmission_backprop_adam_seed22 step 36000 train {'loss': 0.44953928218838507, 'accuracy': 0.7588901854808991, 'balanced_accuracy': 0.7594569553421047, 'rows': 65128} lr 0.001
diabetes-readmission_backprop_adam_seed11 step 64000 train {'loss': 0.2984761908282491, 'accuracy': 0.8455963640830365, 'balanced_accuracy': 0.8461876936402948, 'rows': 65128} lr 0.001
diabetes-readmission_backprop_adam_seed33 step 9000 train {'loss': 0.6055112412148356, 'accuracy': 0.6625875199606928, 'balanced_accuracy': 0.6500762289144705, 'rows': 65128} lr 0.005
diabetes-readmission_backprop_adam_seed22 step 37000 train {'loss': 0.4379797935405303, 'accuracy': 0.7652929615526348, 'balanced_accuracy': 0.7669811639222466, 'rows': 65128} lr 0.001
diabetes-readmission_backprop_adam_seed11 step 65000 train {'loss': 0.29435438311242046, 'accuracy': 0.8475924333619949, 'balanced_accuracy': 0.8467682549775698, 'rows': 65128} lr 0.001
diabetes-readmission_backprop_adam_seed33 step 10000 train {'loss': 0.5955646134480082, 'accuracy': 0.6698654956393564, 'balanced_accuracy': 0.6612106791532075, 'rows': 65128} lr 0.005
diabetes-readmission_backprop_adam_seed22 step 38000 train {'loss': 0.42984765279338455, 'accuracy': 0.7701602997174795, 'balanced_accuracy': 0.7723220811907173, 'rows': 65128} lr 0.001
diabetes-readmission_backprop_adam_seed11 step 66000 train {'loss': 0.2978197247935753, 'accuracy': 0.8452125046063137, 'balanced_accuracy': 0.8465796075489906, 'rows': 65128} lr 0.001
diabetes-readmission_backprop_adam_seed33 step 11000 train {'loss': 0.5943166596885688, 'accuracy': 0.6712320353764893, 'balanced_accuracy': 0.6624674375568607, 'rows': 65128} lr 0.005
diabetes-readmission_backprop_adam_seed22 step 39000 train {'loss': 0.42248093548138504, 'accuracy': 0.7727244810219874, 'balanced_accuracy': 0.7739805570902556, 'rows': 65128} lr 0.001
diabetes-readmission_backprop_adam_seed11 step 67000 train {'loss': 0.2917442530001898, 'accuracy': 0.848406215452647, 'balanced_accuracy': 0.8494778719888529, 'rows': 65128} lr 0.001
diabetes-readmission_backprop_adam_seed33 step 12000 train {'loss': 0.5899454771762193, 'accuracy': 0.6760226016459895, 'balanced_accuracy': 0.6711162695650343, 'rows': 65128} lr 0.005
diabetes-readmission_backprop_adam_seed22 step 40000 train {'loss': 0.416029224896838, 'accuracy': 0.776409531998526, 'balanced_accuracy': 0.7780212970874053, 'rows': 65128} lr 0.001
diabetes-readmission_backprop_adam_seed11 step 68000 train {'loss': 0.28872813880919473, 'accuracy': 0.8501719690455718, 'balanced_accuracy': 0.8494251921749745, 'rows': 65128} lr 0.001
diabetes-readmission_backprop_adam_seed33 step 13000 train {'loss': 0.5850370409095951, 'accuracy': 0.6772663063505712, 'balanced_accuracy': 0.6681029215987608, 'rows': 65128} lr 0.005
diabetes-readmission_backprop_adam_seed22 step 41000 train {'loss': 0.4091585485637371, 'accuracy': 0.780002456700651, 'balanced_accuracy': 0.7814260201160881, 'rows': 65128} lr 0.001
diabetes-readmission_backprop_adam_seed11 step 69000 train {'loss': 0.28613936379432914, 'accuracy': 0.8512160668222577, 'balanced_accuracy': 0.8512691013988343, 'rows': 65128} lr 0.001
diabetes-readmission_backprop_adam_seed33 step 14000 train {'loss': 0.5824058503662979, 'accuracy': 0.6777422921017074, 'balanced_accuracy': 0.6681492301245067, 'rows': 65128} lr 0.005
diabetes-readmission_backprop_adam_seed22 step 42000 train {'loss': 0.40597344648119066, 'accuracy': 0.7819217540842648, 'balanced_accuracy': 0.78441131392324, 'rows': 65128} lr 0.001
diabetes-readmission_backprop_adam_seed11 step 70000 train {'loss': 0.2838286544412407, 'accuracy': 0.8526593784547353, 'balanced_accuracy': 0.8528974000089888, 'rows': 65128} lr 0.001
diabetes-readmission_backprop_adam_seed33 step 15000 train {'loss': 0.5795845125351472, 'accuracy': 0.6802604102690087, 'balanced_accuracy': 0.6735849976208039, 'rows': 65128} lr 0.005
diabetes-readmission_backprop_adam_seed22 step 43000 train {'loss': 0.39871712856131064, 'accuracy': 0.7851615280678049, 'balanced_accuracy': 0.7875000927802233, 'rows': 65128} lr 0.001
diabetes-readmission_backprop_adam_seed33 step 16000 train {'loss': 0.5734374610508796, 'accuracy': 0.6849742046431643, 'balanced_accuracy': 0.683427964227953, 'rows': 65128} lr 0.005
diabetes-readmission_backprop_adam_seed11 step 71000 train {'loss': 0.28287554127682984, 'accuracy': 0.8535959955779389, 'balanced_accuracy': 0.8537788557688664, 'rows': 65128} lr 0.001
diabetes-readmission_backprop_adam_seed22 step 44000 train {'loss': 0.398226860750953, 'accuracy': 0.7858217663677681, 'balanced_accuracy': 0.7877937165726516, 'rows': 65128} lr 0.001
diabetes-readmission_backprop_adam_seed33 step 17000 train {'loss': 0.5701510980972391, 'accuracy': 0.6882907505220489, 'balanced_accuracy': 0.6859970163549866, 'rows': 65128} lr 0.005
diabetes-readmission_backprop_adam_seed11 step 72000 train {'loss': 0.2868581326327648, 'accuracy': 0.8508014985873972, 'balanced_accuracy': 0.8519971149866252, 'rows': 65128} lr 0.001
diabetes-readmission_backprop_adam_seed22 step 45000 train {'loss': 0.3944697957662089, 'accuracy': 0.7874339761700037, 'balanced_accuracy': 0.789955342089449, 'rows': 65128} lr 0.001
diabetes-readmission_backprop_adam_seed33 step 18000 train {'loss': 0.5658530997140535, 'accuracy': 0.6890277607173566, 'balanced_accuracy': 0.6874247616899173, 'rows': 65128} lr 0.005
diabetes-readmission_backprop_adam_seed11 step 73000 train {'loss': 0.2769735502627101, 'accuracy': 0.8555306473406216, 'balanced_accuracy': 0.856366133802333, 'rows': 65128} lr 0.001
diabetes-readmission_backprop_adam_seed22 step 46000 train {'loss': 0.3893506434512598, 'accuracy': 0.7903359538140278, 'balanced_accuracy': 0.7926971532689975, 'rows': 65128} lr 0.001
diabetes-readmission_backprop_adam_seed33 step 19000 train {'loss': 0.567973729558431, 'accuracy': 0.6870777545756049, 'balanced_accuracy': 0.6847231400950102, 'rows': 65128} lr 0.005
diabetes-readmission_backprop_adam_seed11 step 74000 train {'loss': 0.27791663435076247, 'accuracy': 0.8552235597592434, 'balanced_accuracy': 0.8556425543123285, 'rows': 65128} lr 0.001
diabetes-readmission_backprop_adam_seed22 step 47000 train {'loss': 0.38491477879255503, 'accuracy': 0.7928080088441224, 'balanced_accuracy': 0.7951303876716705, 'rows': 65128} lr 0.001
diabetes-readmission_backprop_adam_seed33 step 20000 train {'loss': 0.5564772340402367, 'accuracy': 0.6949852597960938, 'balanced_accuracy': 0.6940827995301928, 'rows': 65128} lr 0.005
diabetes-readmission_backprop_adam_seed11 step 75000 train {'loss': 0.2762169116853335, 'accuracy': 0.8559145068173443, 'balanced_accuracy': 0.8563435952282626, 'rows': 65128} lr 0.001
diabetes-readmission_backprop_adam_seed22 step 48000 train {'loss': 0.38202609794831893, 'accuracy': 0.7936832084510502, 'balanced_accuracy': 0.7959572074538621, 'rows': 65128} lr 0.001
diabetes-readmission_backprop_adam_seed33 step 21000 train {'loss': 0.5569873221338476, 'accuracy': 0.6973805429308438, 'balanced_accuracy': 0.69233635317971, 'rows': 65128} lr 0.005
diabetes-readmission_backprop_adam_seed11 step 76000 train {'loss': 0.2778081620168575, 'accuracy': 0.8551774966220366, 'balanced_accuracy': 0.8559763145637083, 'rows': 65128} lr 0.001
diabetes-readmission_backprop_adam_seed22 step 49000 train {'loss': 0.3791626651220306, 'accuracy': 0.7976139294926913, 'balanced_accuracy': 0.800945709764306, 'rows': 65128} lr 0.001
diabetes-readmission_backprop_adam_seed33 step 22000 train {'loss': 0.5495351746325088, 'accuracy': 0.7019715022724481, 'balanced_accuracy': 0.7013146156955116, 'rows': 65128} lr 0.005
diabetes-readmission_backprop_adam_seed11 step 77000 train {'loss': 0.275040576552718, 'accuracy': 0.8563597838103427, 'balanced_accuracy': 0.8562017287646029, 'rows': 65128} lr 0.001
diabetes-readmission_backprop_adam_seed22 step 50000 train {'loss': 0.3765127767166156, 'accuracy': 0.7975525119764156, 'balanced_accuracy': 0.8005908073855699, 'rows': 65128} lr 0.001
diabetes-readmission_backprop_adam_seed33 step 23000 train {'loss': 0.5429346276404392, 'accuracy': 0.7057486795234, 'balanced_accuracy': 0.701599380779098, 'rows': 65128} lr 0.005
diabetes-readmission_backprop_adam_seed11 step 78000 train {'loss': 0.2682679182129225, 'accuracy': 0.8603519223682594, 'balanced_accuracy': 0.8609755805184574, 'rows': 65128} lr 0.0002
diabetes-readmission_backprop_adam_seed22 step 51000 train {'loss': 0.3731930802808817, 'accuracy': 0.7988883429554109, 'balanced_accuracy': 0.8023743108023182, 'rows': 65128} lr 0.001
diabetes-readmission_backprop_adam_seed33 step 24000 train {'loss': 0.541447416465913, 'accuracy': 0.707806166318634, 'balanced_accuracy': 0.7069411347771895, 'rows': 65128} lr 0.005
diabetes-readmission_backprop_adam_seed11 step 79000 train {'loss': 0.265779040256892, 'accuracy': 0.8623172828890799, 'balanced_accuracy': 0.8628573835382034, 'rows': 65128} lr 0.0002
diabetes-readmission_backprop_adam_seed22 step 52000 train {'loss': 0.37138870391780104, 'accuracy': 0.80059267903206, 'balanced_accuracy': 0.8037730931493557, 'rows': 65128} lr 0.001
diabetes-readmission_backprop_adam_seed33 step 25000 train {'loss': 0.5462412143746401, 'accuracy': 0.7035069401793391, 'balanced_accuracy': 0.7037099999412582, 'rows': 65128} lr 0.005
diabetes-readmission_backprop_adam_seed11 step 80000 train {'loss': 0.2642526766647945, 'accuracy': 0.8629775211890431, 'balanced_accuracy': 0.8635608947987323, 'rows': 65128} lr 0.0002
diabetes-readmission_backprop_adam_seed22 step 53000 train {'loss': 0.36824030370461003, 'accuracy': 0.8012989804692299, 'balanced_accuracy': 0.8041857393586549, 'rows': 65128} lr 0.001
diabetes-readmission_backprop_adam_seed33 step 26000 train {'loss': 0.530436924203522, 'accuracy': 0.7130420095811325, 'balanced_accuracy': 0.7088684532320205, 'rows': 65128} lr 0.005
{"completed": 21, "expected": 195, "active": 3, "failures": 0, "time": "2026-10-01T15:20:47.919404+10:00"}
diabetes-readmission_backprop_adam_seed11 step 81000 train {'loss': 0.26318916254145497, 'accuracy': 0.8634842156983171, 'balanced_accuracy': 0.8642076488486593, 'rows': 65128} lr 0.0002
diabetes-readmission_backprop_adam_seed22 step 54000 train {'loss': 0.36582422878800497, 'accuracy': 0.801452524259919, 'balanced_accuracy': 0.8040518512352566, 'rows': 65128} lr 0.001
diabetes-readmission_backprop_adam_seed33 step 27000 train {'loss': 0.5271045517941948, 'accuracy': 0.7145467387298857, 'balanced_accuracy': 0.7123291555594129, 'rows': 65128} lr 0.005
diabetes-readmission_backprop_adam_seed11 step 82000 train {'loss': 0.2620412782960289, 'accuracy': 0.8632539000122835, 'balanced_accuracy': 0.8644680577006318, 'rows': 65128} lr 0.0002
diabetes-readmission_backprop_adam_seed22 step 55000 train {'loss': 0.3655464827699548, 'accuracy': 0.8023891413831225, 'balanced_accuracy': 0.8050739079289592, 'rows': 65128} lr 0.001
diabetes-readmission_backprop_adam_seed33 step 28000 train {'loss': 0.5304456365853822, 'accuracy': 0.7148691806903329, 'balanced_accuracy': 0.7119707791400065, 'rows': 65128} lr 0.005
diabetes-readmission_backprop_adam_seed11 step 83000 train {'loss': 0.2610917389356245, 'accuracy': 0.8647432747819678, 'balanced_accuracy': 0.8656434427256563, 'rows': 65128} lr 0.0002
diabetes-readmission_backprop_adam_seed22 step 56000 train {'loss': 0.3619660230529878, 'accuracy': 0.8050608033411129, 'balanced_accuracy': 0.8086313824957561, 'rows': 65128} lr 0.001
diabetes-readmission_backprop_adam_seed33 step 29000 train {'loss': 0.526822824221017, 'accuracy': 0.7155908365065716, 'balanced_accuracy': 0.7103649242366183, 'rows': 65128} lr 0.005
diabetes-readmission_backprop_adam_seed11 step 84000 train {'loss': 0.25986821203234156, 'accuracy': 0.8649582360889325, 'balanced_accuracy': 0.8660598684483445, 'rows': 65128} lr 0.0002
diabetes-readmission_backprop_adam_seed22 step 57000 train {'loss': 0.3661495768171668, 'accuracy': 0.8028958358923965, 'balanced_accuracy': 0.8059136903795614, 'rows': 65128} lr 0.001
diabetes-readmission_backprop_adam_seed33 step 30000 train {'loss': 0.5268812021786276, 'accuracy': 0.7143624861810588, 'balanced_accuracy': 0.7132614582968568, 'rows': 65128} lr 0.005
diabetes-readmission_backprop_adam_seed11 step 85000 train {'loss': 0.2589454940079676, 'accuracy': 0.865725955042378, 'balanced_accuracy': 0.8664985538352293, 'rows': 65128} lr 0.0002
diabetes-readmission_backprop_adam_seed22 step 58000 train {'loss': 0.3579049543518206, 'accuracy': 0.8068879744503132, 'balanced_accuracy': 0.8098749163972397, 'rows': 65128} lr 0.001
diabetes-readmission_backprop_adam_seed33 step 31000 train {'loss': 0.5253384649248385, 'accuracy': 0.7154065839577447, 'balanced_accuracy': 0.7095146931011601, 'rows': 65128} lr 0.005
diabetes-readmission_backprop_adam_seed11 step 86000 train {'loss': 0.2582361463788188, 'accuracy': 0.8660176882446874, 'balanced_accuracy': 0.8668647169629433, 'rows': 65128} lr 0.0002
diabetes-readmission_backprop_adam_seed22 step 59000 train {'loss': 0.35674859305342416, 'accuracy': 0.8076864021618966, 'balanced_accuracy': 0.8108091923746056, 'rows': 65128} lr 0.001
diabetes-readmission_backprop_adam_seed33 step 32000 train {'loss': 0.5303974686010422, 'accuracy': 0.7135487040904066, 'balanced_accuracy': 0.7127800086267013, 'rows': 65128} lr 0.005
diabetes-readmission_backprop_adam_seed11 step 87000 train {'loss': 0.2572567277466573, 'accuracy': 0.8664783196167547, 'balanced_accuracy': 0.8671732064618993, 'rows': 65128} lr 0.0002
diabetes-readmission_backprop_adam_seed22 step 60000 train {'loss': 0.3592731136645165, 'accuracy': 0.8061663186340744, 'balanced_accuracy': 0.8092025595593251, 'rows': 65128} lr 0.001
diabetes-readmission_backprop_adam_seed33 step 33000 train {'loss': 0.5213542867682077, 'accuracy': 0.7182317897064243, 'balanced_accuracy': 0.7145539987502105, 'rows': 65128} lr 0.005
diabetes-readmission_backprop_adam_seed11 step 88000 train {'loss': 0.2564951219044451, 'accuracy': 0.866770052819064, 'balanced_accuracy': 0.8678444021240137, 'rows': 65128} lr 0.0002
diabetes-readmission_backprop_adam_seed22 step 61000 train {'loss': 0.3582774198490167, 'accuracy': 0.8066883675224173, 'balanced_accuracy': 0.809556152769267, 'rows': 65128} lr 0.001
diabetes-readmission_backprop_adam_seed33 step 34000 train {'loss': 0.5168657351837538, 'accuracy': 0.72068849035745, 'balanced_accuracy': 0.7165654739903679, 'rows': 65128} lr 0.005
diabetes-readmission_backprop_adam_seed11 step 89000 train {'loss': 0.2560040270860475, 'accuracy': 0.8664169021004791, 'balanced_accuracy': 0.8677262524863392, 'rows': 65128} lr 0.0002
diabetes-readmission_backprop_adam_seed22 step 62000 train {'loss': 0.35548958623091514, 'accuracy': 0.8070722269991402, 'balanced_accuracy': 0.8101460623306722, 'rows': 65128} lr 0.001
diabetes-readmission_backprop_adam_seed33 step 35000 train {'loss': 0.5154087975238673, 'accuracy': 0.7228073946689596, 'balanced_accuracy': 0.7177414528847151, 'rows': 65128} lr 0.005
diabetes-readmission_backprop_adam_seed11 step 90000 train {'loss': 0.25541945219318135, 'accuracy': 0.8672613929492692, 'balanced_accuracy': 0.8678573040773496, 'rows': 65128} lr 0.0002
diabetes-readmission_backprop_adam_seed22 step 63000 train {'loss': 0.35059726721472273, 'accuracy': 0.8104655447733694, 'balanced_accuracy': 0.813746764133183, 'rows': 65128} lr 0.001
diabetes-readmission_backprop_adam_seed33 step 36000 train {'loss': 0.5123636081271141, 'accuracy': 0.7245424395037464, 'balanced_accuracy': 0.7207916131596099, 'rows': 65128} lr 0.005
diabetes-readmission_backprop_adam_seed11 step 91000 train {'loss': 0.2544891866327372, 'accuracy': 0.8677220243213365, 'balanced_accuracy': 0.8688640321120815, 'rows': 65128} lr 0.0002
diabetes-readmission_backprop_adam_seed22 step 64000 train {'loss': 0.35416473843090485, 'accuracy': 0.8086230192851002, 'balanced_accuracy': 0.8118383982683333, 'rows': 65128} lr 0.001
diabetes-readmission_backprop_adam_seed33 step 37000 train {'loss': 0.5089158846154405, 'accuracy': 0.7258936248618106, 'balanced_accuracy': 0.7271600932201039, 'rows': 65128} lr 0.005
diabetes-readmission_backprop_adam_seed11 step 92000 train {'loss': 0.2537900791306151, 'accuracy': 0.8686125783073333, 'balanced_accuracy': 0.8694453523877881, 'rows': 65128} lr 0.0002
diabetes-readmission_backprop_adam_seed22 step 65000 train {'loss': 0.3496599469565888, 'accuracy': 0.8100970396757156, 'balanced_accuracy': 0.8130972342659426, 'rows': 65128} lr 0.001
diabetes-readmission_backprop_adam_seed33 step 38000 train {'loss': 0.5065950353086148, 'accuracy': 0.7275826065593908, 'balanced_accuracy': 0.7238142334561706, 'rows': 65128} lr 0.005
diabetes-readmission_backprop_adam_seed11 step 93000 train {'loss': 0.2531057340831403, 'accuracy': 0.8687814764770913, 'balanced_accuracy': 0.86945440462593, 'rows': 65128} lr 0.0002
diabetes-readmission_backprop_adam_seed22 step 66000 train {'loss': 0.34815756632309114, 'accuracy': 0.811217909347746, 'balanced_accuracy': 0.8143832876930529, 'rows': 65128} lr 0.001
diabetes-readmission_backprop_adam_seed33 step 39000 train {'loss': 0.5160948153049351, 'accuracy': 0.7209188060434836, 'balanced_accuracy': 0.7173345499419965, 'rows': 65128} lr 0.005
diabetes-readmission_backprop_adam_seed11 step 94000 train {'loss': 0.25302036531418726, 'accuracy': 0.8685511607910577, 'balanced_accuracy': 0.8693168413431771, 'rows': 65128} lr 0.0002
diabetes-readmission_backprop_adam_seed22 step 67000 train {'loss': 0.34217347042330093, 'accuracy': 0.8137667362731851, 'balanced_accuracy': 0.8172619373691523, 'rows': 65128} lr 0.001
diabetes-readmission_backprop_adam_seed33 step 40000 train {'loss': 0.5080394783677201, 'accuracy': 0.7274290627687017, 'balanced_accuracy': 0.724107787046794, 'rows': 65128} lr 0.005
diabetes-readmission_backprop_adam_seed11 step 95000 train {'loss': 0.25225875815409815, 'accuracy': 0.8687661220980224, 'balanced_accuracy': 0.8697261178658402, 'rows': 65128} lr 0.0002
diabetes-readmission_backprop_adam_seed22 step 68000 train {'loss': 0.3439159192370923, 'accuracy': 0.8134750030708758, 'balanced_accuracy': 0.8171650607757137, 'rows': 65128} lr 0.001
diabetes-readmission_backprop_adam_seed33 step 41000 train {'loss': 0.4790743688058976, 'accuracy': 0.7425991892887852, 'balanced_accuracy': 0.7403767631448933, 'rows': 65128} lr 0.001
diabetes-readmission_backprop_adam_seed11 step 96000 train {'loss': 0.25187074996054193, 'accuracy': 0.8688582483724359, 'balanced_accuracy': 0.8697925818989815, 'rows': 65128} lr 0.0002
diabetes-readmission_backprop_adam_seed22 step 69000 train {'loss': 0.3548430212554995, 'accuracy': 0.8077017565409654, 'balanced_accuracy': 0.8119387223395971, 'rows': 65128} lr 0.001
diabetes-readmission_backprop_adam_seed33 step 42000 train {'loss': 0.4650352864216534, 'accuracy': 0.7509059083650658, 'balanced_accuracy': 0.7488082750305446, 'rows': 65128} lr 0.001
diabetes-readmission_backprop_adam_seed11 step 97000 train {'loss': 0.25120057696983367, 'accuracy': 0.8691192728166073, 'balanced_accuracy': 0.8703327961718903, 'rows': 65128} lr 0.0002
diabetes-readmission_backprop_adam_seed22 step 70000 train {'loss': 0.33314735729312767, 'accuracy': 0.8191714777054416, 'balanced_accuracy': 0.8224440448734794, 'rows': 65128} lr 0.0002
diabetes-readmission_backprop_adam_seed33 step 43000 train {'loss': 0.4576550492482138, 'accuracy': 0.7548519837857757, 'balanced_accuracy': 0.7539730806359789, 'rows': 65128} lr 0.001
diabetes-readmission_backprop_adam_seed11 step 98000 train {'loss': 0.250356795014364, 'accuracy': 0.8699177005281906, 'balanced_accuracy': 0.8705950473469053, 'rows': 65128} lr 0.0002
diabetes-readmission_backprop_adam_seed22 step 71000 train {'loss': 0.33069165193570393, 'accuracy': 0.8207376243704705, 'balanced_accuracy': 0.8244056237064559, 'rows': 65128} lr 0.0002
diabetes-readmission_backprop_adam_seed33 step 44000 train {'loss': 0.4505533240795018, 'accuracy': 0.7595043606436556, 'balanced_accuracy': 0.7584281080467858, 'rows': 65128} lr 0.001
diabetes-readmission_backprop_adam_seed11 step 99000 train {'loss': 0.250238038232499, 'accuracy': 0.8696566760840192, 'balanced_accuracy': 0.8702716921414217, 'rows': 65128} lr 0.0002
diabetes-readmission_backprop_adam_seed22 step 72000 train {'loss': 0.329059249539001, 'accuracy': 0.8207069156123327, 'balanced_accuracy': 0.8244319247178005, 'rows': 65128} lr 0.0002
diabetes-readmission_backprop_adam_seed33 step 45000 train {'loss': 0.4452765990593644, 'accuracy': 0.7629590959341604, 'balanced_accuracy': 0.761792711692632, 'rows': 65128} lr 0.001
diabetes-readmission_backprop_adam_seed11 step 100000 train {'loss': 0.24983601323906054, 'accuracy': 0.8705011669328092, 'balanced_accuracy': 0.8712987768022332, 'rows': 65128} lr 0.0002
diabetes-readmission_backprop_adam_seed22 step 73000 train {'loss': 0.3276537828913427, 'accuracy': 0.8218892028006387, 'balanced_accuracy': 0.8256653761222215, 'rows': 65128} lr 0.0002
diabetes-readmission_backprop_adam_seed33 step 46000 train {'loss': 0.4404561838439196, 'accuracy': 0.7658764279572534, 'balanced_accuracy': 0.7651898225688466, 'rows': 65128} lr 0.001
diabetes-readmission_backprop_adam_seed11 step 101000 train {'loss': 0.2489425875223645, 'accuracy': 0.8703322687630513, 'balanced_accuracy': 0.8713731318977163, 'rows': 65128} lr 0.0002
diabetes-readmission_backprop_adam_seed22 step 74000 train {'loss': 0.3261097205415901, 'accuracy': 0.8225955042378086, 'balanced_accuracy': 0.8261995587319456, 'rows': 65128} lr 0.0002
diabetes-readmission_backprop_adam_seed33 step 47000 train {'loss': 0.4368929217728888, 'accuracy': 0.767150841419973, 'balanced_accuracy': 0.7660989150717082, 'rows': 65128} lr 0.001
diabetes-readmission_backprop_adam_seed11 step 102000 train {'loss': 0.248917207749671, 'accuracy': 0.8704090406583957, 'balanced_accuracy': 0.8709415786347416, 'rows': 65128} lr 0.0002
diabetes-readmission_backprop_adam_seed22 step 75000 train {'loss': 0.3254774953484052, 'accuracy': 0.8227644024075667, 'balanced_accuracy': 0.8264755144376881, 'rows': 65128} lr 0.0002
diabetes-readmission_backprop_adam_seed33 step 48000 train {'loss': 0.4329030524526089, 'accuracy': 0.7695154157965852, 'balanced_accuracy': 0.7708630941552528, 'rows': 65128} lr 0.001
diabetes-readmission_backprop_adam_seed11 step 103000 train {'loss': 0.248270006902299, 'accuracy': 0.8709617983048765, 'balanced_accuracy': 0.8717073551015393, 'rows': 65128} lr 0.0002
diabetes-readmission_backprop_adam_seed22 step 76000 train {'loss': 0.3235917553248884, 'accuracy': 0.8233478688121852, 'balanced_accuracy': 0.8269957477590408, 'rows': 65128} lr 0.0002
diabetes-readmission_backprop_adam_seed33 step 49000 train {'loss': 0.4291988525705744, 'accuracy': 0.7718799901731974, 'balanced_accuracy': 0.7719335198925428, 'rows': 65128} lr 0.001
diabetes-readmission_backprop_adam_seed11 step 104000 train {'loss': 0.24758607118739762, 'accuracy': 0.8703936862793269, 'balanced_accuracy': 0.871358658941827, 'rows': 65128} lr 0.0002
diabetes-readmission_backprop_adam_seed22 step 77000 train {'loss': 0.3229317797253867, 'accuracy': 0.8238545633214592, 'balanced_accuracy': 0.8276234372755678, 'rows': 65128} lr 0.0002
diabetes-readmission_backprop_adam_seed33 step 50000 train {'loss': 0.42597865037727145, 'accuracy': 0.7743213364451541, 'balanced_accuracy': 0.7742476882393854, 'rows': 65128} lr 0.001
diabetes-readmission_backprop_adam_seed11 step 105000 train {'loss': 0.247602514052271, 'accuracy': 0.8712535315071859, 'balanced_accuracy': 0.871737505828078, 'rows': 65128} lr 0.0002
diabetes-readmission_backprop_adam_seed22 step 78000 train {'loss': 0.32143582381878244, 'accuracy': 0.8246683454121115, 'balanced_accuracy': 0.8286935044144488, 'rows': 65128} lr 0.0002
diabetes-readmission_backprop_adam_seed33 step 51000 train {'loss': 0.4236215301724708, 'accuracy': 0.7743213364451541, 'balanced_accuracy': 0.7744764626401857, 'rows': 65128} lr 0.001
{"completed": 21, "expected": 195, "active": 3, "failures": 0, "time": "2026-10-01T15:21:48.009458+10:00"}
diabetes-readmission_backprop_adam_seed11 step 106000 train {'loss': 0.24649580829545623, 'accuracy': 0.8716988085001842, 'balanced_accuracy': 0.872179490699794, 'rows': 65128} lr 0.0002
diabetes-readmission_backprop_adam_seed22 step 79000 train {'loss': 0.3204652712548955, 'accuracy': 0.825282520574868, 'balanced_accuracy': 0.8291969689911569, 'rows': 65128} lr 0.0002
diabetes-readmission_backprop_adam_seed33 step 52000 train {'loss': 0.42241201154679925, 'accuracy': 0.774689841542808, 'balanced_accuracy': 0.7747018066392753, 'rows': 65128} lr 0.001
diabetes-readmission_backprop_adam_seed11 step 107000 train {'loss': 0.2460654446613348, 'accuracy': 0.8719444785652868, 'balanced_accuracy': 0.8727030671449375, 'rows': 65128} lr 0.0002
diabetes-readmission_backprop_adam_seed22 step 80000 train {'loss': 0.31953398123550086, 'accuracy': 0.8254053556074192, 'balanced_accuracy': 0.8293205393465786, 'rows': 65128} lr 0.0002
diabetes-readmission_backprop_adam_seed33 step 53000 train {'loss': 0.4176624114522769, 'accuracy': 0.7779603242844859, 'balanced_accuracy': 0.7780812323526892, 'rows': 65128} lr 0.001
diabetes-readmission_backprop_adam_seed11 step 108000 train {'loss': 0.24618175999931702, 'accuracy': 0.8715759734676329, 'balanced_accuracy': 0.8722203519449474, 'rows': 65128} lr 0.0002
diabetes-readmission_backprop_adam_seed22 step 81000 train {'loss': 0.3187408634513972, 'accuracy': 0.8256970888097286, 'balanced_accuracy': 0.8295484846071424, 'rows': 65128} lr 0.0002
diabetes-readmission_backprop_adam_seed33 step 54000 train {'loss': 0.4160355683143858, 'accuracy': 0.778804815133276, 'balanced_accuracy': 0.7788485627459254, 'rows': 65128} lr 0.001
diabetes-readmission_backprop_adam_seed11 step 109000 train {'loss': 0.24529770046688534, 'accuracy': 0.8724204643164231, 'balanced_accuracy': 0.8727589079373834, 'rows': 65128} lr 0.0002
diabetes-readmission_backprop_adam_seed22 step 82000 train {'loss': 0.31790706703109656, 'accuracy': 0.8259581132539, 'balanced_accuracy': 0.8299719286129761, 'rows': 65128} lr 0.0002
diabetes-readmission_backprop_adam_seed33 step 55000 train {'loss': 0.4125550012889563, 'accuracy': 0.7806166318634075, 'balanced_accuracy': 0.7804615156209944, 'rows': 65128} lr 0.001
diabetes-readmission_backprop_adam_seed11 step 110000 train {'loss': 0.24480466358844105, 'accuracy': 0.8719444785652868, 'balanced_accuracy': 0.8732869184803131, 'rows': 65128} lr 0.0002
diabetes-readmission_backprop_adam_seed22 step 83000 train {'loss': 0.3170873354546137, 'accuracy': 0.8264648077631741, 'balanced_accuracy': 0.8301921137280776, 'rows': 65128} lr 0.0002
diabetes-readmission_backprop_adam_seed33 step 56000 train {'loss': 0.4117141793948868, 'accuracy': 0.7802327723866846, 'balanced_accuracy': 0.7795999364586388, 'rows': 65128} lr 0.001
diabetes-readmission_backprop_adam_seed11 step 111000 train {'loss': 0.24501018953358508, 'accuracy': 0.8718984154280801, 'balanced_accuracy': 0.8728962264624922, 'rows': 65128} lr 0.0002
diabetes-readmission_backprop_adam_seed22 step 84000 train {'loss': 0.3166197260413646, 'accuracy': 0.8260502395283135, 'balanced_accuracy': 0.829795319845267, 'rows': 65128} lr 0.0002
diabetes-readmission_backprop_adam_seed33 step 57000 train {'loss': 0.4106546600347303, 'accuracy': 0.7823363223191254, 'balanced_accuracy': 0.7821462223300725, 'rows': 65128} lr 0.001
diabetes-readmission_backprop_adam_seed11 step 112000 train {'loss': 0.24421522507443796, 'accuracy': 0.8727889694140769, 'balanced_accuracy': 0.872924675269598, 'rows': 65128} lr 0.0002
diabetes-readmission_backprop_adam_seed33 step 58000 train {'loss': 0.40923061524309057, 'accuracy': 0.7822902591819186, 'balanced_accuracy': 0.7833688664512284, 'rows': 65128} lr 0.001
diabetes-readmission_backprop_adam_seed22 step 85000 train {'loss': 0.31540796608043936, 'accuracy': 0.8274014248863776, 'balanced_accuracy': 0.8315620981563305, 'rows': 65128} lr 0.0002
diabetes-readmission_backprop_adam_seed11 step 113000 train {'loss': 0.24381800465392856, 'accuracy': 0.8728196781722147, 'balanced_accuracy': 0.8730747211922036, 'rows': 65128} lr 0.0002
diabetes-readmission_backprop_adam_seed33 step 59000 train {'loss': 0.4047462249282478, 'accuracy': 0.7848544404864267, 'balanced_accuracy': 0.7848176324833662, 'rows': 65128} lr 0.001
diabetes-readmission_backprop_adam_seed22 step 86000 train {'loss': 0.31468096910669857, 'accuracy': 0.8277238668468248, 'balanced_accuracy': 0.8316350568050996, 'rows': 65128} lr 0.0002
diabetes-readmission_backprop_adam_seed11 step 114000 train {'loss': 0.2431262753791297, 'accuracy': 0.873111411374524, 'balanced_accuracy': 0.8738674532547432, 'rows': 65128} lr 0.0002
diabetes-readmission_backprop_adam_seed33 step 60000 train {'loss': 0.40464243706841535, 'accuracy': 0.7845473529050485, 'balanced_accuracy': 0.7847660777957125, 'rows': 65128} lr 0.001
diabetes-readmission_backprop_adam_seed22 step 87000 train {'loss': 0.31430233841650523, 'accuracy': 0.8275703230561356, 'balanced_accuracy': 0.8317856263952229, 'rows': 65128} lr 0.0002
diabetes-readmission_backprop_adam_seed11 step 115000 train {'loss': 0.2428262406156362, 'accuracy': 0.8730653482373173, 'balanced_accuracy': 0.8735125072370471, 'rows': 65128} lr 0.0002
diabetes-readmission_backprop_adam_seed22 step 88000 train {'loss': 0.31367200766042, 'accuracy': 0.8278927650165827, 'balanced_accuracy': 0.8315011250427415, 'rows': 65128} lr 0.0002
diabetes-readmission_backprop_adam_seed33 step 61000 train {'loss': 0.40504998789784247, 'accuracy': 0.7837335708143963, 'balanced_accuracy': 0.7849733343946328, 'rows': 65128} lr 0.001
diabetes-readmission_backprop_adam_seed11 step 116000 train {'loss': 0.24278425960037928, 'accuracy': 0.8724511730745609, 'balanced_accuracy': 0.8736643859959649, 'rows': 65128} lr 0.0002
diabetes-readmission_backprop_adam_seed22 step 89000 train {'loss': 0.31269624228560067, 'accuracy': 0.8286451295909594, 'balanced_accuracy': 0.8326571571377621, 'rows': 65128} lr 0.0002
diabetes-readmission_backprop_adam_seed33 step 62000 train {'loss': 0.40077255315005145, 'accuracy': 0.7870961798304876, 'balanced_accuracy': 0.7873396949374116, 'rows': 65128} lr 0.001
diabetes-readmission_backprop_adam_seed11 step 117000 train {'loss': 0.24222717910159383, 'accuracy': 0.8729118044466282, 'balanced_accuracy': 0.8739704924282459, 'rows': 65128} lr 0.0002
diabetes-readmission_backprop_adam_seed33 step 63000 train {'loss': 0.40114552559057187, 'accuracy': 0.7857296400933547, 'balanced_accuracy': 0.785727859599183, 'rows': 65128} lr 0.001
diabetes-readmission_backprop_adam_seed22 step 90000 train {'loss': 0.31202233004974156, 'accuracy': 0.8285222945584081, 'balanced_accuracy': 0.8327289982496906, 'rows': 65128} lr 0.0002
diabetes-readmission_backprop_adam_seed11 step 118000 train {'loss': 0.24155994905635922, 'accuracy': 0.8735106252303156, 'balanced_accuracy': 0.8744644683772137, 'rows': 65128} lr 0.0002
diabetes-readmission_backprop_adam_seed33 step 64000 train {'loss': 0.396959385038989, 'accuracy': 0.7884320108094829, 'balanced_accuracy': 0.7885512623521593, 'rows': 65128} lr 0.001
diabetes-readmission_backprop_adam_seed22 step 91000 train {'loss': 0.3115060543628864, 'accuracy': 0.828875445276993, 'balanced_accuracy': 0.8327184622869149, 'rows': 65128} lr 0.0002
diabetes-readmission_backprop_adam_seed11 step 119000 train {'loss': 0.2412488222810417, 'accuracy': 0.873787004053556, 'balanced_accuracy': 0.8747758646103625, 'rows': 65128} lr 0.0002
diabetes-readmission_backprop_adam_seed33 step 65000 train {'loss': 0.3970431386911961, 'accuracy': 0.787372558653728, 'balanced_accuracy': 0.7874723611699351, 'rows': 65128} lr 0.001
diabetes-readmission_backprop_adam_seed22 step 92000 train {'loss': 0.3108396857131276, 'accuracy': 0.8287833190025795, 'balanced_accuracy': 0.8326567643871238, 'rows': 65128} lr 0.0002
diabetes-readmission_backprop_adam_seed11 step 120000 train {'loss': 0.2407151495534714, 'accuracy': 0.8741555091512099, 'balanced_accuracy': 0.8747891156753769, 'rows': 65128} lr 0.0002
diabetes-readmission_backprop_adam_seed33 step 66000 train {'loss': 0.39844885226506127, 'accuracy': 0.7876028743397617, 'balanced_accuracy': 0.788396336455439, 'rows': 65128} lr 0.001
diabetes-readmission_backprop_adam_seed22 step 93000 train {'loss': 0.30980488282722507, 'accuracy': 0.8294435573025427, 'balanced_accuracy': 0.8335747516484029, 'rows': 65128} lr 0.0002
diabetes-readmission_backprop_adam_seed11 step 121000 train {'loss': 0.24049772088071694, 'accuracy': 0.874324407320968, 'balanced_accuracy': 0.8753272087153696, 'rows': 65128} lr 0.0002
diabetes-readmission_backprop_adam_seed33 step 67000 train {'loss': 0.3967036102806785, 'accuracy': 0.7888772878024812, 'balanced_accuracy': 0.7901943128280767, 'rows': 65128} lr 0.001
diabetes-readmission_backprop_adam_seed22 step 94000 train {'loss': 0.3095157837497267, 'accuracy': 0.8293053678909225, 'balanced_accuracy': 0.833410712798466, 'rows': 65128} lr 0.0002
diabetes-readmission_backprop_adam_seed33 step 68000 train {'loss': 0.3941509496988499, 'accuracy': 0.7887851615280678, 'balanced_accuracy': 0.7894272271924847, 'rows': 65128} lr 0.001
diabetes-readmission_backprop_adam_seed11 step 122000 train {'loss': 0.24095018091431386, 'accuracy': 0.873787004053556, 'balanced_accuracy': 0.8746519451432624, 'rows': 65128} lr 0.0002
diabetes-readmission_backprop_adam_seed22 step 95000 train {'loss': 0.30919671911980096, 'accuracy': 0.8293974941653359, 'balanced_accuracy': 0.8335296042984572, 'rows': 65128} lr 0.0002
diabetes-readmission_backprop_adam_seed33 step 69000 train {'loss': 0.39305134011257953, 'accuracy': 0.790458788846579, 'balanced_accuracy': 0.7908380121508167, 'rows': 65128} lr 0.001
diabetes-readmission_backprop_adam_seed11 step 123000 train {'loss': 0.2398481063124677, 'accuracy': 0.8742783441837612, 'balanced_accuracy': 0.8753583194990242, 'rows': 65128} lr 0.0002
diabetes-readmission_backprop_adam_seed22 step 96000 train {'loss': 0.3081365789041635, 'accuracy': 0.8297967080211276, 'balanced_accuracy': 0.8335332358188521, 'rows': 65128} lr 0.0002
diabetes-readmission_backprop_adam_seed33 step 70000 train {'loss': 0.3923595272313024, 'accuracy': 0.7903513081930966, 'balanced_accuracy': 0.7921776010948871, 'rows': 65128} lr 0.001
diabetes-readmission_backprop_adam_seed11 step 124000 train {'loss': 0.23933937287553203, 'accuracy': 0.8743551160791058, 'balanced_accuracy': 0.8746598627684492, 'rows': 65128} lr 0.0002
diabetes-readmission_backprop_adam_seed22 step 97000 train {'loss': 0.3073650559392378, 'accuracy': 0.8313167915489498, 'balanced_accuracy': 0.8303427554173519, 'rows': 65128} lr 0.0002
diabetes-readmission_backprop_adam_seed33 step 71000 train {'loss': 0.3900373684856233, 'accuracy': 0.7916564304139541, 'balanced_accuracy': 0.7924550936509533, 'rows': 65128} lr 0.001
diabetes-readmission_backprop_adam_seed22 step 98000 train {'loss': 0.30727651170190085, 'accuracy': 0.8309943495885026, 'balanced_accuracy': 0.8307773899703584, 'rows': 65128} lr 0.0002
diabetes-readmission_backprop_adam_seed11 step 125000 train {'loss': 0.23907288727018203, 'accuracy': 0.8740633828767964, 'balanced_accuracy': 0.8750896439101862, 'rows': 65128} lr 0.0002
diabetes-readmission_backprop_adam_seed33 step 72000 train {'loss': 0.3889925384342839, 'accuracy': 0.7919788723744012, 'balanced_accuracy': 0.7927997219006726, 'rows': 65128} lr 0.001
diabetes-readmission_backprop_adam_seed22 step 99000 train {'loss': 0.30700386361984433, 'accuracy': 0.8314703353396389, 'balanced_accuracy': 0.8310620051636046, 'rows': 65128} lr 0.0002
diabetes-readmission_backprop_adam_seed11 step 126000 train {'loss': 0.23927940668220413, 'accuracy': 0.8744472423535192, 'balanced_accuracy': 0.8749336536023157, 'rows': 65128} lr 0.0002
diabetes-readmission_backprop_adam_seed33 step 73000 train {'loss': 0.3902563973135597, 'accuracy': 0.7912265078000246, 'balanced_accuracy': 0.7928614368765785, 'rows': 65128} lr 0.001
diabetes-readmission_backprop_adam_seed22 step 100000 train {'loss': 0.3060425851682146, 'accuracy': 0.8327140400442206, 'balanced_accuracy': 0.8310846841412848, 'rows': 65128} lr 0.0002
diabetes-readmission_backprop_adam_seed11 step 127000 train {'loss': 0.23838065744742262, 'accuracy': 0.8748003930721041, 'balanced_accuracy': 0.8760074129766663, 'rows': 65128} lr 0.0002
diabetes-readmission_backprop_adam_seed33 step 74000 train {'loss': 0.3939710455508362, 'accuracy': 0.789783196167547, 'balanced_accuracy': 0.7902918269297979, 'rows': 65128} lr 0.001
diabetes-readmission_backprop_adam_seed22 step 101000 train {'loss': 0.30515888648878925, 'accuracy': 0.8327908119395652, 'balanced_accuracy': 0.8316754664818864, 'rows': 65128} lr 0.0002
diabetes-readmission_backprop_adam_seed11 step 128000 train {'loss': 0.23848432030113745, 'accuracy': 0.8749078737255865, 'balanced_accuracy': 0.875530494168947, 'rows': 65128} lr 0.0002
diabetes-readmission_backprop_adam_seed33 step 75000 train {'loss': 0.3843587808418063, 'accuracy': 0.7951572288416656, 'balanced_accuracy': 0.7960697883807952, 'rows': 65128} lr 0.001
diabetes-readmission_backprop_adam_seed22 step 102000 train {'loss': 0.304382347808747, 'accuracy': 0.83385026409532, 'balanced_accuracy': 0.8326852587305356, 'rows': 65128} lr 0.0002
diabetes-readmission_backprop_adam_seed11 step 129000 train {'loss': 0.23810779029395243, 'accuracy': 0.8751996069278959, 'balanced_accuracy': 0.8757107780960107, 'rows': 65128} lr 0.0002
diabetes-readmission_backprop_adam_seed33 step 76000 train {'loss': 0.3839732257114144, 'accuracy': 0.7942513204766, 'balanced_accuracy': 0.7949380233421228, 'rows': 65128} lr 0.001
diabetes-readmission_backprop_adam_seed22 step 103000 train {'loss': 0.3039815429936257, 'accuracy': 0.83314396265815, 'balanced_accuracy': 0.8325156853220868, 'rows': 65128} lr 0.0002
diabetes-readmission_backprop_adam_seed11 step 130000 train {'loss': 0.237569348156972, 'accuracy': 0.8750767718953446, 'balanced_accuracy': 0.8762187204094649, 'rows': 65128} lr 0.0002
{"completed": 21, "expected": 195, "active": 3, "failures": 0, "time": "2026-10-01T15:22:48.096624+10:00"}
diabetes-readmission_backprop_adam_seed33 step 77000 train {'loss': 0.3862348104625878, 'accuracy': 0.7937599803463948, 'balanced_accuracy': 0.794977548855637, 'rows': 65128} lr 0.001
diabetes-readmission_backprop_adam_seed22 step 104000 train {'loss': 0.3037662256146192, 'accuracy': 0.8337274290627688, 'balanced_accuracy': 0.8329048499763143, 'rows': 65128} lr 0.0002
diabetes-readmission_backprop_adam_seed11 step 131000 train {'loss': 0.23705274065250173, 'accuracy': 0.8759519715022724, 'balanced_accuracy': 0.8766856971237311, 'rows': 65128} lr 0.0002
diabetes-readmission_backprop_adam_seed33 step 78000 train {'loss': 0.3879652635579085, 'accuracy': 0.7924087949883307, 'balanced_accuracy': 0.7932965609448734, 'rows': 65128} lr 0.001
diabetes-readmission_backprop_adam_seed22 step 105000 train {'loss': 0.30295911286712174, 'accuracy': 0.8352782213487286, 'balanced_accuracy': 0.8340991249788996, 'rows': 65128} lr 0.0002
diabetes-readmission_backprop_adam_seed11 step 132000 train {'loss': 0.23674154841713904, 'accuracy': 0.8754913401302051, 'balanced_accuracy': 0.8766345788256754, 'rows': 65128} lr 0.0002
diabetes-readmission_backprop_adam_seed33 step 79000 train {'loss': 0.3771463792705665, 'accuracy': 0.7987655079228596, 'balanced_accuracy': 0.7995745565708685, 'rows': 65128} lr 0.0002
diabetes-readmission_backprop_adam_seed11 step 133000 train {'loss': 0.23627730856991974, 'accuracy': 0.8759366171232036, 'balanced_accuracy': 0.8764784139619657, 'rows': 65128} lr 0.0002
diabetes-readmission_backprop_adam_seed22 step 106000 train {'loss': 0.3023757944747251, 'accuracy': 0.8352935757277976, 'balanced_accuracy': 0.8337726012054645, 'rows': 65128} lr 0.0002
diabetes-readmission_backprop_adam_seed33 step 80000 train {'loss': 0.3746288017878997, 'accuracy': 0.8004391352413709, 'balanced_accuracy': 0.8014428903308011, 'rows': 65128} lr 0.0002
diabetes-readmission_backprop_adam_seed22 step 107000 train {'loss': 0.3018891582865634, 'accuracy': 0.8356160176882447, 'balanced_accuracy': 0.8345199677232593, 'rows': 65128} lr 0.0002
diabetes-readmission_backprop_adam_seed11 step 134000 train {'loss': 0.2363404837038751, 'accuracy': 0.8752763788232404, 'balanced_accuracy': 0.8764636089705127, 'rows': 65128} lr 0.0002
diabetes-readmission_backprop_adam_seed33 step 81000 train {'loss': 0.3730504123756918, 'accuracy': 0.8013450436064365, 'balanced_accuracy': 0.8025293771026484, 'rows': 65128} lr 0.0002
diabetes-readmission_backprop_adam_seed22 step 108000 train {'loss': 0.3015667731119687, 'accuracy': 0.8365372804323793, 'balanced_accuracy': 0.8345387969857454, 'rows': 65128} lr 0.0002
diabetes-readmission_backprop_adam_seed11 step 135000 train {'loss': 0.2360470240626577, 'accuracy': 0.8756295295418254, 'balanced_accuracy': 0.8768438959424374, 'rows': 65128} lr 0.0002
diabetes-readmission_backprop_adam_seed33 step 82000 train {'loss': 0.37207747448019307, 'accuracy': 0.8015753592924703, 'balanced_accuracy': 0.8021879439837258, 'rows': 65128} lr 0.0002
diabetes-readmission_backprop_adam_seed22 step 109000 train {'loss': 0.3009927306951608, 'accuracy': 0.8354164107603489, 'balanced_accuracy': 0.8340129418279612, 'rows': 65128} lr 0.0002
diabetes-readmission_backprop_adam_seed11 step 136000 train {'loss': 0.23535465719717139, 'accuracy': 0.8763051222208574, 'balanced_accuracy': 0.8774091456968562, 'rows': 65128} lr 0.0002
diabetes-readmission_backprop_adam_seed33 step 83000 train {'loss': 0.3710686540979965, 'accuracy': 0.8018670924947795, 'balanced_accuracy': 0.8024754659111647, 'rows': 65128} lr 0.0002
diabetes-readmission_backprop_adam_seed22 step 110000 train {'loss': 0.3001520762007472, 'accuracy': 0.8373510625230316, 'balanced_accuracy': 0.8359544087925022, 'rows': 65128} lr 0.0002
diabetes-readmission_backprop_adam_seed11 step 137000 train {'loss': 0.234937325099838, 'accuracy': 0.87655079228596, 'balanced_accuracy': 0.8773321893398992, 'rows': 65128} lr 0.0002
diabetes-readmission_backprop_adam_seed33 step 84000 train {'loss': 0.37058791021811055, 'accuracy': 0.8024352045203292, 'balanced_accuracy': 0.8029290170045772, 'rows': 65128} lr 0.0002
diabetes-readmission_backprop_adam_seed22 step 111000 train {'loss': 0.29926838502955955, 'accuracy': 0.8374124800393072, 'balanced_accuracy': 0.836075770637088, 'rows': 65128} lr 0.0002
diabetes-readmission_backprop_adam_seed11 step 138000 train {'loss': 0.23466057636501778, 'accuracy': 0.8767964623510626, 'balanced_accuracy': 0.8771170151157919, 'rows': 65128} lr 0.0002
diabetes-readmission_backprop_adam_seed33 step 85000 train {'loss': 0.3693009990466167, 'accuracy': 0.8034793022970151, 'balanced_accuracy': 0.8043749540937116, 'rows': 65128} lr 0.0002
diabetes-readmission_backprop_adam_seed22 step 112000 train {'loss': 0.2988441074426044, 'accuracy': 0.8385026409531998, 'balanced_accuracy': 0.8369115117405422, 'rows': 65128} lr 0.0002
diabetes-readmission_backprop_adam_seed11 step 139000 train {'loss': 0.23489732497989832, 'accuracy': 0.8764586660115465, 'balanced_accuracy': 0.8772990882402081, 'rows': 65128} lr 0.0002
diabetes-readmission_backprop_adam_seed33 step 86000 train {'loss': 0.36908204532668276, 'accuracy': 0.8035714285714286, 'balanced_accuracy': 0.8049752250620534, 'rows': 65128} lr 0.0002
diabetes-readmission_backprop_adam_seed22 step 113000 train {'loss': 0.29882031446328516, 'accuracy': 0.8375506694509274, 'balanced_accuracy': 0.8360396318863246, 'rows': 65128} lr 0.0002
diabetes-readmission_backprop_adam_seed11 step 140000 train {'loss': 0.23417721678131176, 'accuracy': 0.8770267780370962, 'balanced_accuracy': 0.8776906796000704, 'rows': 65128} lr 0.0002
diabetes-readmission_backprop_adam_seed33 step 87000 train {'loss': 0.36816739677255356, 'accuracy': 0.8045848175899767, 'balanced_accuracy': 0.8057825875602067, 'rows': 65128} lr 0.0002
diabetes-readmission_backprop_adam_seed22 step 114000 train {'loss': 0.2982449751311153, 'accuracy': 0.8373971256602383, 'balanced_accuracy': 0.836283141076773, 'rows': 65128} lr 0.0002
diabetes-readmission_backprop_adam_seed11 step 141000 train {'loss': 0.2343276351646363, 'accuracy': 0.8764740203906154, 'balanced_accuracy': 0.8768105159328726, 'rows': 65128} lr 0.0002
diabetes-readmission_backprop_adam_seed33 step 88000 train {'loss': 0.36761982714261515, 'accuracy': 0.8040781230807026, 'balanced_accuracy': 0.8052335392439549, 'rows': 65128} lr 0.0002
diabetes-readmission_backprop_adam_seed22 step 115000 train {'loss': 0.2973148446091269, 'accuracy': 0.840007370101953, 'balanced_accuracy': 0.8382727323272572, 'rows': 65128} lr 0.0002
diabetes-readmission_backprop_adam_seed11 step 142000 train {'loss': 0.23374999290293988, 'accuracy': 0.8763051222208574, 'balanced_accuracy': 0.8765750723606053, 'rows': 65128} lr 0.0002
diabetes-readmission_backprop_adam_seed33 step 89000 train {'loss': 0.36706127872295424, 'accuracy': 0.8048919051713549, 'balanced_accuracy': 0.8058198438478106, 'rows': 65128} lr 0.0002
diabetes-readmission_backprop_adam_seed22 step 116000 train {'loss': 0.29700877312550217, 'accuracy': 0.8393164230438521, 'balanced_accuracy': 0.837690844745073, 'rows': 65128} lr 0.0002
diabetes-readmission_backprop_adam_seed11 step 143000 train {'loss': 0.23360254455112062, 'accuracy': 0.8767043360766491, 'balanced_accuracy': 0.8777178097516516, 'rows': 65128} lr 0.0002
diabetes-readmission_backprop_adam_seed33 step 90000 train {'loss': 0.3666474219329702, 'accuracy': 0.8048458420341481, 'balanced_accuracy': 0.8062560759662155, 'rows': 65128} lr 0.0002
diabetes-readmission_backprop_adam_seed22 step 117000 train {'loss': 0.2963286724983511, 'accuracy': 0.8404526470949515, 'balanced_accuracy': 0.8388171890659983, 'rows': 65128} lr 0.0002
diabetes-readmission_backprop_adam_seed11 step 144000 train {'loss': 0.23444225380929093, 'accuracy': 0.8761669328092372, 'balanced_accuracy': 0.8765301868444185, 'rows': 65128} lr 0.0002
diabetes-readmission_backprop_adam_seed33 step 91000 train {'loss': 0.36599112210454143, 'accuracy': 0.8049840314457684, 'balanced_accuracy': 0.806005461214702, 'rows': 65128} lr 0.0002
diabetes-readmission_backprop_adam_seed22 step 118000 train {'loss': 0.2961432570073341, 'accuracy': 0.8397770544159194, 'balanced_accuracy': 0.8380851246443292, 'rows': 65128} lr 0.0002
diabetes-readmission_backprop_adam_seed11 step 145000 train {'loss': 0.2326526014426463, 'accuracy': 0.8770267780370962, 'balanced_accuracy': 0.8782816801354711, 'rows': 65128} lr 0.0002
diabetes-readmission_backprop_adam_seed33 step 92000 train {'loss': 0.36592485310257894, 'accuracy': 0.8054907259550423, 'balanced_accuracy': 0.8063233520634785, 'rows': 65128} lr 0.0002
diabetes-readmission_backprop_adam_seed22 step 119000 train {'loss': 0.29557971028317515, 'accuracy': 0.8398538263112639, 'balanced_accuracy': 0.8383613421838305, 'rows': 65128} lr 0.0002
diabetes-readmission_backprop_adam_seed11 step 146000 train {'loss': 0.23230425873445273, 'accuracy': 0.877410637513819, 'balanced_accuracy': 0.8787095411629763, 'rows': 65128} lr 0.0002
diabetes-readmission_backprop_adam_seed33 step 93000 train {'loss': 0.3654830641893537, 'accuracy': 0.8060588379805921, 'balanced_accuracy': 0.8071510446248664, 'rows': 65128} lr 0.0002
diabetes-readmission_backprop_adam_seed22 step 120000 train {'loss': 0.2954923259752152, 'accuracy': 0.840544773369365, 'balanced_accuracy': 0.8390480846997147, 'rows': 65128} lr 0.0002
diabetes-readmission_backprop_adam_seed11 step 147000 train {'loss': 0.2322757683914924, 'accuracy': 0.8772724481021987, 'balanced_accuracy': 0.8784239659126143, 'rows': 65128} lr 0.0002
diabetes-readmission_backprop_adam_seed33 step 94000 train {'loss': 0.36437130717867466, 'accuracy': 0.8060127748433853, 'balanced_accuracy': 0.8070725343414706, 'rows': 65128} lr 0.0002
diabetes-readmission_backprop_adam_seed22 step 121000 train {'loss': 0.29487090733622084, 'accuracy': 0.8402683945461246, 'balanced_accuracy': 0.8388963539337911, 'rows': 65128} lr 0.0002
diabetes-readmission_backprop_adam_seed11 step 148000 train {'loss': 0.2322236237556251, 'accuracy': 0.8775334725463703, 'balanced_accuracy': 0.8782135141828972, 'rows': 65128} lr 0.0002
diabetes-readmission_backprop_adam_seed33 step 95000 train {'loss': 0.3640042668133663, 'accuracy': 0.8068726200712443, 'balanced_accuracy': 0.8078874824292472, 'rows': 65128} lr 0.0002
diabetes-readmission_backprop_adam_seed22 step 122000 train {'loss': 0.29399431076144694, 'accuracy': 0.8413432010809483, 'balanced_accuracy': 0.8397655016096552, 'rows': 65128} lr 0.0002
diabetes-readmission_backprop_adam_seed11 step 149000 train {'loss': 0.23191262451235603, 'accuracy': 0.8774567006510257, 'balanced_accuracy': 0.8782161154443713, 'rows': 65128} lr 0.0002
diabetes-readmission_backprop_adam_seed33 step 96000 train {'loss': 0.36393769416523836, 'accuracy': 0.8064887605945216, 'balanced_accuracy': 0.807431024601642, 'rows': 65128} lr 0.0002
diabetes-readmission_backprop_adam_seed22 step 123000 train {'loss': 0.29403936310169404, 'accuracy': 0.8424487163739098, 'balanced_accuracy': 0.8404772796070497, 'rows': 65128} lr 0.0002
diabetes-readmission_backprop_adam_seed11 step 150000 train {'loss': 0.23157883329783036, 'accuracy': 0.8775488269254391, 'balanced_accuracy': 0.8778202645425619, 'rows': 65128} lr 0.0002
diabetes-readmission_backprop_adam_seed33 step 97000 train {'loss': 0.36306426198868214, 'accuracy': 0.8066423043852107, 'balanced_accuracy': 0.8077332376797692, 'rows': 65128} lr 0.0002
diabetes-readmission_backprop_adam_seed22 step 124000 train {'loss': 0.29314839582949304, 'accuracy': 0.841205011669328, 'balanced_accuracy': 0.8391534462248178, 'rows': 65128} lr 0.0002
diabetes-readmission_backprop_adam_seed11 step 151000 train {'loss': 0.23159641380531754, 'accuracy': 0.8775181181673013, 'balanced_accuracy': 0.8777703074203065, 'rows': 65128} lr 0.0002
diabetes-readmission_backprop_adam_seed33 step 98000 train {'loss': 0.36294345664035016, 'accuracy': 0.8072564795479671, 'balanced_accuracy': 0.8084487951905526, 'rows': 65128} lr 0.0002
diabetes-readmission_backprop_adam_seed22 step 125000 train {'loss': 0.29244450318946574, 'accuracy': 0.8429707652622528, 'balanced_accuracy': 0.8409786229508416, 'rows': 65128} lr 0.0002
diabetes-readmission_backprop_adam_seed11 step 152000 train {'loss': 0.23089884556880266, 'accuracy': 0.8784700896695737, 'balanced_accuracy': 0.8789090907421244, 'rows': 65128} lr 0.0002
diabetes-readmission_backprop_adam_seed33 step 99000 train {'loss': 0.362464157816175, 'accuracy': 0.8071643532735536, 'balanced_accuracy': 0.8083203714238612, 'rows': 65128} lr 0.0002
diabetes-readmission_backprop_adam_seed22 step 126000 train {'loss': 0.2924071420814639, 'accuracy': 0.842095565655325, 'balanced_accuracy': 0.8403114686358751, 'rows': 65128} lr 0.0002
diabetes-readmission_backprop_adam_seed11 step 153000 train {'loss': 0.23053780815302924, 'accuracy': 0.8787157597346763, 'balanced_accuracy': 0.8792968323867929, 'rows': 65128} lr 0.0002
diabetes-readmission_backprop_adam_seed33 step 100000 train {'loss': 0.36207822559726516, 'accuracy': 0.8076864021618966, 'balanced_accuracy': 0.8087430735673782, 'rows': 65128} lr 0.0002
diabetes-readmission_backprop_adam_seed22 step 127000 train {'loss': 0.2920394862053977, 'accuracy': 0.8420034393809115, 'balanced_accuracy': 0.840242621536059, 'rows': 65128} lr 0.0002
diabetes-readmission_backprop_adam_seed11 step 154000 train {'loss': 0.2305748624775864, 'accuracy': 0.8778866232649551, 'balanced_accuracy': 0.878615248754897, 'rows': 65128} lr 0.0002
diabetes-readmission_backprop_adam_seed33 step 101000 train {'loss': 0.36147433107526866, 'accuracy': 0.8073793145805184, 'balanced_accuracy': 0.8087129664797994, 'rows': 65128} lr 0.0002
diabetes-readmission_backprop_adam_seed22 step 128000 train {'loss': 0.29198454052645484, 'accuracy': 0.8420648568971871, 'balanced_accuracy': 0.84056177791467, 'rows': 65128} lr 0.0002
diabetes-readmission_backprop_adam_seed11 step 155000 train {'loss': 0.2302125041574302, 'accuracy': 0.8791610367276748, 'balanced_accuracy': 0.879757881791909, 'rows': 65128} lr 0.0002
{"completed": 21, "expected": 195, "active": 3, "failures": 0, "time": "2026-10-01T15:23:48.178554+10:00"}
diabetes-readmission_backprop_adam_seed33 step 102000 train {'loss': 0.3611877667766255, 'accuracy': 0.8075942758874831, 'balanced_accuracy': 0.8086694603342119, 'rows': 65128} lr 0.0002
diabetes-readmission_backprop_adam_seed22 step 129000 train {'loss': 0.29124983663407256, 'accuracy': 0.8426022601645989, 'balanced_accuracy': 0.8411607833531773, 'rows': 65128} lr 0.0002
diabetes-readmission_backprop_adam_seed11 step 156000 train {'loss': 0.2288061966823281, 'accuracy': 0.8794988330671908, 'balanced_accuracy': 0.8802049382696935, 'rows': 65128} lr 4e-05
diabetes-readmission_backprop_adam_seed33 step 103000 train {'loss': 0.3609046070812346, 'accuracy': 0.8077631740572411, 'balanced_accuracy': 0.8090240572402294, 'rows': 65128} lr 0.0002
diabetes-readmission_backprop_adam_seed22 step 130000 train {'loss': 0.29059452700711574, 'accuracy': 0.8430014740203906, 'balanced_accuracy': 0.8411596487402222, 'rows': 65128} lr 0.0002
diabetes-readmission_backprop_adam_seed11 step 157000 train {'loss': 0.22852101769930255, 'accuracy': 0.879468124309053, 'balanced_accuracy': 0.8803384772814133, 'rows': 65128} lr 4e-05
diabetes-readmission_backprop_adam_seed33 step 104000 train {'loss': 0.3608111603307484, 'accuracy': 0.8075175039921385, 'balanced_accuracy': 0.8089032190631612, 'rows': 65128} lr 0.0002
diabetes-readmission_backprop_adam_seed22 step 131000 train {'loss': 0.29013970511109866, 'accuracy': 0.8433392703599066, 'balanced_accuracy': 0.8414661042841817, 'rows': 65128} lr 0.0002
diabetes-readmission_backprop_adam_seed11 step 158000 train {'loss': 0.22843737467554187, 'accuracy': 0.8794834786881218, 'balanced_accuracy': 0.879895183240903, 'rows': 65128} lr 4e-05
diabetes-readmission_backprop_adam_seed33 step 105000 train {'loss': 0.36011221507025826, 'accuracy': 0.80777852843631, 'balanced_accuracy': 0.8090692918680946, 'rows': 65128} lr 0.0002
diabetes-readmission_backprop_adam_seed22 step 132000 train {'loss': 0.29005453850080537, 'accuracy': 0.8438459648691807, 'balanced_accuracy': 0.841581434465583, 'rows': 65128} lr 0.0002
diabetes-readmission_backprop_adam_seed11 step 159000 train {'loss': 0.22819082148097655, 'accuracy': 0.8796677312369487, 'balanced_accuracy': 0.8805285553089359, 'rows': 65128} lr 4e-05
diabetes-readmission_backprop_adam_seed33 step 106000 train {'loss': 0.35981534566593437, 'accuracy': 0.8078553003316545, 'balanced_accuracy': 0.8088402992724952, 'rows': 65128} lr 0.0002
diabetes-readmission_backprop_adam_seed22 step 133000 train {'loss': 0.2893008195919013, 'accuracy': 0.8430168283994596, 'balanced_accuracy': 0.8417696701700631, 'rows': 65128} lr 0.0002
diabetes-readmission_backprop_adam_seed11 step 160000 train {'loss': 0.22806438894825945, 'accuracy': 0.8792378086230193, 'balanced_accuracy': 0.8797576635971098, 'rows': 65128} lr 4e-05
diabetes-readmission_backprop_adam_seed33 step 107000 train {'loss': 0.3593994197689071, 'accuracy': 0.8085308930106867, 'balanced_accuracy': 0.8096700694278395, 'rows': 65128} lr 0.0002
diabetes-readmission_backprop_adam_seed22 step 134000 train {'loss': 0.289057169455068, 'accuracy': 0.8445062031691438, 'balanced_accuracy': 0.8420680866586866, 'rows': 65128} lr 0.0002
COMPLETE diabetes-readmission_backprop_adam_seed11 160600 {'loss': 0.22800315738624855, 'accuracy': 0.8796830856160177, 'balanced_accuracy': 0.880375995402776, 'rows': 65128} {'loss': 10.907456808896614, 'accuracy': 0.5769174077531568, 'balanced_accuracy': 0.5755325201373971, 'rows': 20353}
diabetes-readmission_backprop_adam_seed33 step 108000 train {'loss': 0.35932573439989696, 'accuracy': 0.8087458543176514, 'balanced_accuracy': 0.8102247130176778, 'rows': 65128} lr 0.0002
/home/user/anaconda3/envs/pytorchsenv/lib/python3.13/site-packages/torch/cuda/__init__.py:65: FutureWarning: The pynvml package is deprecated. Please install nvidia-ml-py instead. If you did not install pynvml directly, please report this to the maintainers of the package that installed pynvml for you.
  import pynvml  # type: ignore[import]
diabetes-readmission_backprop_adam_seed22 step 135000 train {'loss': 0.2889055224809786, 'accuracy': 0.844306596241248, 'balanced_accuracy': 0.8425953117003397, 'rows': 65128} lr 0.0002
diabetes-readmission_backprop_adam_seed33 step 109000 train {'loss': 0.35907656806221966, 'accuracy': 0.808300577324653, 'balanced_accuracy': 0.8096874054789618, 'rows': 65128} lr 0.0002
diabetes-readmission_backprop_adam_seed22 step 136000 train {'loss': 0.2881532792940492, 'accuracy': 0.8447979363714532, 'balanced_accuracy': 0.8435256943235518, 'rows': 65128} lr 0.0002
diabetes-readmission_backprop_adam_seed33 step 110000 train {'loss': 0.3581992743159084, 'accuracy': 0.8094368013757524, 'balanced_accuracy': 0.8108280481999369, 'rows': 65128} lr 0.0002
diabetes-readmission_backprop_adam_seed22 step 137000 train {'loss': 0.28767903345162155, 'accuracy': 0.8452432133644515, 'balanced_accuracy': 0.8433695294598421, 'rows': 65128} lr 0.0002
self.n_h =  [280, 144, 144, 144, 1425]
blog-feedback_backprop_adam_seed11 step 1000 train {'loss': 1.4600568484477359, 'accuracy': 0.6405038528520648, 'balanced_accuracy': 0.002529511611883119, 'rows': 41917} lr 0.001
diabetes-readmission_backprop_adam_seed33 step 111000 train {'loss': 0.35825143354909306, 'accuracy': 0.8086844368013758, 'balanced_accuracy': 0.8103583393073173, 'rows': 65128} lr 0.0002
blog-feedback_backprop_adam_seed11 step 2000 train {'loss': 1.382553366479788, 'accuracy': 0.6431042297874371, 'balanced_accuracy': 0.0029527819240068604, 'rows': 41917} lr 0.001
diabetes-readmission_backprop_adam_seed22 step 138000 train {'loss': 0.2874134040892146, 'accuracy': 0.8454581746714163, 'balanced_accuracy': 0.8437406769157052, 'rows': 65128} lr 0.0002
diabetes-readmission_backprop_adam_seed33 step 112000 train {'loss': 0.3577604487734189, 'accuracy': 0.8086997911804447, 'balanced_accuracy': 0.8097005692660566, 'rows': 65128} lr 0.0002
blog-feedback_backprop_adam_seed11 step 3000 train {'loss': 1.3242957960214967, 'accuracy': 0.646921296848534, 'balanced_accuracy': 0.004102845841567385, 'rows': 41917} lr 0.001
diabetes-readmission_backprop_adam_seed22 step 139000 train {'loss': 0.28674542704388223, 'accuracy': 0.8455503009458297, 'balanced_accuracy': 0.8437976086821464, 'rows': 65128} lr 0.0002
diabetes-readmission_backprop_adam_seed33 step 113000 train {'loss': 0.35723479378942397, 'accuracy': 0.8100509765385088, 'balanced_accuracy': 0.8112075933095448, 'rows': 65128} lr 0.0002
blog-feedback_backprop_adam_seed11 step 4000 train {'loss': 1.2563621268022247, 'accuracy': 0.6576090846196054, 'balanced_accuracy': 0.01223680061737268, 'rows': 41917} lr 0.001
diabetes-readmission_backprop_adam_seed22 step 140000 train {'loss': 0.28653126052286654, 'accuracy': 0.8455810097039675, 'balanced_accuracy': 0.8438737795378268, 'rows': 65128} lr 0.0002
blog-feedback_backprop_adam_seed11 step 5000 train {'loss': 1.2075363286798497, 'accuracy': 0.6673903189636663, 'balanced_accuracy': 0.018182293002910927, 'rows': 41917} lr 0.001
diabetes-readmission_backprop_adam_seed33 step 114000 train {'loss': 0.3566751551194678, 'accuracy': 0.810189165950129, 'balanced_accuracy': 0.8115027008266069, 'rows': 65128} lr 0.0002
diabetes-readmission_backprop_adam_seed22 step 141000 train {'loss': 0.28616283414639443, 'accuracy': 0.846886131924825, 'balanced_accuracy': 0.8444920506284185, 'rows': 65128} lr 0.0002
blog-feedback_backprop_adam_seed11 step 6000 train {'loss': 1.13914917470458, 'accuracy': 0.68067848367011, 'balanced_accuracy': 0.03543322265855365, 'rows': 41917} lr 0.001
diabetes-readmission_backprop_adam_seed33 step 115000 train {'loss': 0.3565706031728971, 'accuracy': 0.8101123940547844, 'balanced_accuracy': 0.8113456366208558, 'rows': 65128} lr 0.0002
diabetes-readmission_backprop_adam_seed22 step 142000 train {'loss': 0.2856521704773574, 'accuracy': 0.8460723498341727, 'balanced_accuracy': 0.8443609117594884, 'rows': 65128} lr 0.0002
blog-feedback_backprop_adam_seed11 step 7000 train {'loss': 1.0810722345289652, 'accuracy': 0.6914378414485769, 'balanced_accuracy': 0.06674440971600655, 'rows': 41917} lr 0.001
diabetes-readmission_backprop_adam_seed33 step 116000 train {'loss': 0.3563725455154908, 'accuracy': 0.8099588502640953, 'balanced_accuracy': 0.8115319522111042, 'rows': 65128} lr 0.0002
diabetes-readmission_backprop_adam_seed22 step 143000 train {'loss': 0.2850174086749327, 'accuracy': 0.8471164476108586, 'balanced_accuracy': 0.845151505512997, 'rows': 65128} lr 0.0002
blog-feedback_backprop_adam_seed11 step 8000 train {'loss': 1.0209526403699323, 'accuracy': 0.7067776797003602, 'balanced_accuracy': 0.1288572713809245, 'rows': 41917} lr 0.001
diabetes-readmission_backprop_adam_seed33 step 117000 train {'loss': 0.3558434140673435, 'accuracy': 0.8103120009826803, 'balanced_accuracy': 0.8114761379815034, 'rows': 65128} lr 0.0002
diabetes-readmission_backprop_adam_seed22 step 144000 train {'loss': 0.2850771523154554, 'accuracy': 0.8473467632968923, 'balanced_accuracy': 0.8451842138620499, 'rows': 65128} lr 0.0002
blog-feedback_backprop_adam_seed11 step 9000 train {'loss': 0.9865700133978662, 'accuracy': 0.7147935205286637, 'balanced_accuracy': 0.24234502783813067, 'rows': 41917} lr 0.001
diabetes-readmission_backprop_adam_seed33 step 118000 train {'loss': 0.35547231788454264, 'accuracy': 0.8099281415059575, 'balanced_accuracy': 0.8115272733556738, 'rows': 65128} lr 0.0002
diabetes-readmission_backprop_adam_seed22 step 145000 train {'loss': 0.2843806744134334, 'accuracy': 0.8473774720550301, 'balanced_accuracy': 0.8462159944544065, 'rows': 65128} lr 0.0002
blog-feedback_backprop_adam_seed11 step 10000 train {'loss': 0.9153765008775299, 'accuracy': 0.7378867762483002, 'balanced_accuracy': 0.39921557040254035, 'rows': 41917} lr 0.001
diabetes-readmission_backprop_adam_seed33 step 119000 train {'loss': 0.355378984314059, 'accuracy': 0.8104962535315072, 'balanced_accuracy': 0.8119498445823112, 'rows': 65128} lr 0.0002
diabetes-readmission_backprop_adam_seed22 step 146000 train {'loss': 0.28392235734673305, 'accuracy': 0.8480530647340622, 'balanced_accuracy': 0.8458732958056494, 'rows': 65128} lr 0.0002
blog-feedback_backprop_adam_seed11 step 11000 train {'loss': 0.8814348216562135, 'accuracy': 0.7470954505331966, 'balanced_accuracy': 0.45363750070712255, 'rows': 41917} lr 0.001
diabetes-readmission_backprop_adam_seed33 step 120000 train {'loss': 0.3548992359034919, 'accuracy': 0.8109108217663678, 'balanced_accuracy': 0.8122560819314716, 'rows': 65128} lr 0.0002
diabetes-readmission_backprop_adam_seed22 step 147000 train {'loss': 0.28423663145742284, 'accuracy': 0.8466711706178602, 'balanced_accuracy': 0.8451694525095567, 'rows': 65128} lr 0.0002
blog-feedback_backprop_adam_seed11 step 12000 train {'loss': 0.8339484045204465, 'accuracy': 0.7586659350621466, 'balanced_accuracy': 0.5833639936658184, 'rows': 41917} lr 0.001
diabetes-readmission_backprop_adam_seed33 step 121000 train {'loss': 0.3551729471681159, 'accuracy': 0.810189165950129, 'balanced_accuracy': 0.811555128293457, 'rows': 65128} lr 0.0002
diabetes-readmission_backprop_adam_seed22 step 148000 train {'loss': 0.2832365077560473, 'accuracy': 0.8480223559759243, 'balanced_accuracy': 0.8453586406817684, 'rows': 65128} lr 0.0002
blog-feedback_backprop_adam_seed11 step 13000 train {'loss': 0.7861762026351841, 'accuracy': 0.7707374096428656, 'balanced_accuracy': 0.6645046875108438, 'rows': 41917} lr 0.001
diabetes-readmission_backprop_adam_seed33 step 122000 train {'loss': 0.3543432004811093, 'accuracy': 0.8103120009826803, 'balanced_accuracy': 0.8114713718481534, 'rows': 65128} lr 0.0002
diabetes-readmission_backprop_adam_seed22 step 149000 train {'loss': 0.2832398623788171, 'accuracy': 0.8477613315317528, 'balanced_accuracy': 0.8462149034804112, 'rows': 65128} lr 0.0002
blog-feedback_backprop_adam_seed11 step 14000 train {'loss': 0.7495334164290368, 'accuracy': 0.7797313739055753, 'balanced_accuracy': 0.7377808166431139, 'rows': 41917} lr 0.001
diabetes-readmission_backprop_adam_seed33 step 123000 train {'loss': 0.3541029567925559, 'accuracy': 0.8102812922245425, 'balanced_accuracy': 0.811395200992473, 'rows': 65128} lr 0.0002
diabetes-readmission_backprop_adam_seed22 step 150000 train {'loss': 0.2827331103661798, 'accuracy': 0.8475003070875814, 'balanced_accuracy': 0.846096492008978, 'rows': 65128} lr 0.0002
blog-feedback_backprop_adam_seed11 step 15000 train {'loss': 0.7014000115141027, 'accuracy': 0.794164658730348, 'balanced_accuracy': 0.7606846405149066, 'rows': 41917} lr 0.001
diabetes-readmission_backprop_adam_seed33 step 124000 train {'loss': 0.3541277442674294, 'accuracy': 0.8104808991524383, 'balanced_accuracy': 0.8120833399550711, 'rows': 65128} lr 0.0002
blog-feedback_backprop_adam_seed11 step 16000 train {'loss': 0.671665004644497, 'accuracy': 0.802108929551256, 'balanced_accuracy': 0.8224083674626448, 'rows': 41917} lr 0.001
diabetes-readmission_backprop_adam_seed22 step 151000 train {'loss': 0.2826490815778781, 'accuracy': 0.8483908610735782, 'balanced_accuracy': 0.8468541592186346, 'rows': 65128} lr 0.0002
diabetes-readmission_backprop_adam_seed33 step 125000 train {'loss': 0.35355594475634516, 'accuracy': 0.811033656798919, 'balanced_accuracy': 0.8126942170879936, 'rows': 65128} lr 0.0002
blog-feedback_backprop_adam_seed11 step 17000 train {'loss': 0.6363499689827945, 'accuracy': 0.8118663072261851, 'balanced_accuracy': 0.8359168196688106, 'rows': 41917} lr 0.001
diabetes-readmission_backprop_adam_seed22 step 152000 train {'loss': 0.2824134369100609, 'accuracy': 0.848406215452647, 'balanced_accuracy': 0.8465991274454495, 'rows': 65128} lr 0.0002
diabetes-readmission_backprop_adam_seed33 step 126000 train {'loss': 0.3533350262393267, 'accuracy': 0.8107726323547476, 'balanced_accuracy': 0.8121873657485348, 'rows': 65128} lr 0.0002
blog-feedback_backprop_adam_seed11 step 18000 train {'loss': 0.6244066337349562, 'accuracy': 0.8179259011856764, 'balanced_accuracy': 0.8515383617265799, 'rows': 41917} lr 0.001
diabetes-readmission_backprop_adam_seed22 step 153000 train {'loss': 0.28063864461430577, 'accuracy': 0.8491892887851615, 'balanced_accuracy': 0.8472760758608748, 'rows': 65128} lr 4e-05
diabetes-readmission_backprop_adam_seed33 step 127000 train {'loss': 0.35291925135269137, 'accuracy': 0.811555705687262, 'balanced_accuracy': 0.812699882563385, 'rows': 65128} lr 0.0002
blog-feedback_backprop_adam_seed11 step 19000 train {'loss': 0.5987244504131195, 'accuracy': 0.8233175084094758, 'balanced_accuracy': 0.8748850772036754, 'rows': 41917} lr 0.001
diabetes-readmission_backprop_adam_seed22 step 154000 train {'loss': 0.28009355668206865, 'accuracy': 0.8499723621176759, 'balanced_accuracy': 0.8482151616105504, 'rows': 65128} lr 4e-05
{"completed": 22, "expected": 195, "active": 3, "failures": 0, "time": "2026-10-01T15:24:48.263174+10:00"}
diabetes-readmission_backprop_adam_seed33 step 128000 train {'loss': 0.3525697870214102, 'accuracy': 0.8113100356221594, 'balanced_accuracy': 0.8128030526537671, 'rows': 65128} lr 0.0002
blog-feedback_backprop_adam_seed11 step 20000 train {'loss': 0.5560290545874272, 'accuracy': 0.8331703127609323, 'balanced_accuracy': 0.880447871706556, 'rows': 41917} lr 0.001
diabetes-readmission_backprop_adam_seed22 step 155000 train {'loss': 0.2799543569201027, 'accuracy': 0.8501259059083651, 'balanced_accuracy': 0.8482671526878025, 'rows': 65128} lr 4e-05
diabetes-readmission_backprop_adam_seed33 step 129000 train {'loss': 0.35243340509995946, 'accuracy': 0.8111411374524015, 'balanced_accuracy': 0.8124532218810996, 'rows': 65128} lr 0.0002
blog-feedback_backprop_adam_seed11 step 21000 train {'loss': 0.5334906451793181, 'accuracy': 0.8417110003101367, 'balanced_accuracy': 0.8943415226999198, 'rows': 41917} lr 0.001
diabetes-readmission_backprop_adam_seed22 step 156000 train {'loss': 0.27965126081819747, 'accuracy': 0.8501259059083651, 'balanced_accuracy': 0.8482242574876524, 'rows': 65128} lr 4e-05
blog-feedback_backprop_adam_seed11 step 22000 train {'loss': 0.5115142223912744, 'accuracy': 0.8474843142400458, 'balanced_accuracy': 0.9075535602691017, 'rows': 41917} lr 0.001
diabetes-readmission_backprop_adam_seed33 step 130000 train {'loss': 0.35119860967537236, 'accuracy': 0.8123234246407075, 'balanced_accuracy': 0.8136699918187955, 'rows': 65128} lr 4e-05
diabetes-readmission_backprop_adam_seed22 step 157000 train {'loss': 0.2795639203735746, 'accuracy': 0.850310158457192, 'balanced_accuracy': 0.8486240890215351, 'rows': 65128} lr 4e-05
blog-feedback_backprop_adam_seed11 step 23000 train {'loss': 0.4878766736428093, 'accuracy': 0.8543311782808884, 'balanced_accuracy': 0.9118296887062359, 'rows': 41917} lr 0.001
diabetes-readmission_backprop_adam_seed33 step 131000 train {'loss': 0.35088593800784534, 'accuracy': 0.8123080702616386, 'balanced_accuracy': 0.8137153137245803, 'rows': 65128} lr 4e-05
diabetes-readmission_backprop_adam_seed22 step 158000 train {'loss': 0.27934475622896393, 'accuracy': 0.85047905662695, 'balanced_accuracy': 0.8486307581930022, 'rows': 65128} lr 4e-05
blog-feedback_backprop_adam_seed11 step 24000 train {'loss': 0.4792847212715157, 'accuracy': 0.8562635684805687, 'balanced_accuracy': 0.9308246418997255, 'rows': 41917} lr 0.001
diabetes-readmission_backprop_adam_seed33 step 132000 train {'loss': 0.35067660182425264, 'accuracy': 0.8124462596732588, 'balanced_accuracy': 0.8139198647079923, 'rows': 65128} lr 4e-05
diabetes-readmission_backprop_adam_seed22 step 159000 train {'loss': 0.2791905606492938, 'accuracy': 0.85047905662695, 'balanced_accuracy': 0.8487737421935024, 'rows': 65128} lr 4e-05
blog-feedback_backprop_adam_seed11 step 25000 train {'loss': 0.47501947409574785, 'accuracy': 0.8568361285397332, 'balanced_accuracy': 0.9020558311416328, 'rows': 41917} lr 0.001
diabetes-readmission_backprop_adam_seed33 step 133000 train {'loss': 0.3505146298335586, 'accuracy': 0.8125537403267412, 'balanced_accuracy': 0.8140410956356987, 'rows': 65128} lr 4e-05
diabetes-readmission_backprop_adam_seed22 step 160000 train {'loss': 0.27907245090107063, 'accuracy': 0.8506786635548459, 'balanced_accuracy': 0.8486850014200497, 'rows': 65128} lr 4e-05
COMPLETE diabetes-readmission_backprop_adam_seed33 133400 {'loss': 0.3504179046592143, 'accuracy': 0.8123541333988453, 'balanced_accuracy': 0.813843868408151, 'rows': 65128} {'loss': 4.951149002817967, 'accuracy': 0.5830098756940009, 'balanced_accuracy': 0.5831113831019856, 'rows': 20353}
COMPLETE diabetes-readmission_backprop_adam_seed22 160200 {'loss': 0.27903076796211873, 'accuracy': 0.8507861442083282, 'balanced_accuracy': 0.8490111760818064, 'rows': 65128} {'loss': 8.366193307106169, 'accuracy': 0.5753451579619712, 'balanced_accuracy': 0.5726272753179987, 'rows': 20353}
blog-feedback_backprop_adam_seed11 step 26000 train {'loss': 0.44192555612028905, 'accuracy': 0.8660209461554977, 'balanced_accuracy': 0.9172889458253206, 'rows': 41917} lr 0.001
/home/user/anaconda3/envs/pytorchsenv/lib/python3.13/site-packages/torch/cuda/__init__.py:65: FutureWarning: The pynvml package is deprecated. Please install nvidia-ml-py instead. If you did not install pynvml directly, please report this to the maintainers of the package that installed pynvml for you.
  import pynvml  # type: ignore[import]
/home/user/anaconda3/envs/pytorchsenv/lib/python3.13/site-packages/torch/cuda/__init__.py:65: FutureWarning: The pynvml package is deprecated. Please install nvidia-ml-py instead. If you did not install pynvml directly, please report this to the maintainers of the package that installed pynvml for you.
  import pynvml  # type: ignore[import]
blog-feedback_backprop_adam_seed11 step 27000 train {'loss': 0.43006780895322955, 'accuracy': 0.8714125533792971, 'balanced_accuracy': 0.9301788025323139, 'rows': 41917} lr 0.001
blog-feedback_backprop_adam_seed11 step 28000 train {'loss': 0.4190092440293309, 'accuracy': 0.8720328267767254, 'balanced_accuracy': 0.9354363014341656, 'rows': 41917} lr 0.001
blog-feedback_backprop_adam_seed11 step 29000 train {'loss': 0.4143846845689113, 'accuracy': 0.8718896867619343, 'balanced_accuracy': 0.9425333477515252, 'rows': 41917} lr 0.001
self.n_h =  [280, 144, 144, 144, 1425]
blog-feedback_backprop_adam_seed22 step 1000 train {'loss': 1.4714204786950988, 'accuracy': 0.6415774029629983, 'balanced_accuracy': 0.00262059443052628, 'rows': 41917} lr 0.001
self.n_h =  [280, 144, 144, 144, 1425]
blog-feedback_backprop_adam_seed33 step 1000 train {'loss': 1.4572948743833067, 'accuracy': 0.6411718395877568, 'balanced_accuracy': 0.0025748286055446252, 'rows': 41917} lr 0.001
blog-feedback_backprop_adam_seed11 step 30000 train {'loss': 0.39910387677750714, 'accuracy': 0.8775675740153159, 'balanced_accuracy': 0.9350551318023231, 'rows': 41917} lr 0.001
blog-feedback_backprop_adam_seed22 step 2000 train {'loss': 1.376588788492567, 'accuracy': 0.6431280864565689, 'balanced_accuracy': 0.0028512419560447304, 'rows': 41917} lr 0.001
blog-feedback_backprop_adam_seed33 step 2000 train {'loss': 1.37401682488105, 'accuracy': 0.6437483598539971, 'balanced_accuracy': 0.003136110593049867, 'rows': 41917} lr 0.001
blog-feedback_backprop_adam_seed11 step 31000 train {'loss': 0.3906739908694129, 'accuracy': 0.8801918076198201, 'balanced_accuracy': 0.9462603563743351, 'rows': 41917} lr 0.001
blog-feedback_backprop_adam_seed22 step 3000 train {'loss': 1.319657756711934, 'accuracy': 0.6462771667819739, 'balanced_accuracy': 0.0037799117832194363, 'rows': 41917} lr 0.001
blog-feedback_backprop_adam_seed33 step 3000 train {'loss': 1.3243517032700145, 'accuracy': 0.6464918768041606, 'balanced_accuracy': 0.003940481200138681, 'rows': 41917} lr 0.001
blog-feedback_backprop_adam_seed11 step 32000 train {'loss': 0.384839822979696, 'accuracy': 0.8802156642889519, 'balanced_accuracy': 0.9213639860565019, 'rows': 41917} lr 0.001
blog-feedback_backprop_adam_seed22 step 4000 train {'loss': 1.2904168036351646, 'accuracy': 0.6507860772478946, 'balanced_accuracy': 0.007118620923917766, 'rows': 41917} lr 0.001
blog-feedback_backprop_adam_seed33 step 4000 train {'loss': 1.2774671703348817, 'accuracy': 0.6524560440871245, 'balanced_accuracy': 0.00682571115895408, 'rows': 41917} lr 0.001
blog-feedback_backprop_adam_seed11 step 33000 train {'loss': 0.36179480513043083, 'accuracy': 0.8894959085812438, 'balanced_accuracy': 0.9399004563034169, 'rows': 41917} lr 0.001
blog-feedback_backprop_adam_seed22 step 5000 train {'loss': 1.2031146767149843, 'accuracy': 0.6661497721688098, 'balanced_accuracy': 0.017464257766414006, 'rows': 41917} lr 0.001
blog-feedback_backprop_adam_seed33 step 5000 train {'loss': 1.2358123705491033, 'accuracy': 0.6645990886752392, 'balanced_accuracy': 0.008664736197219889, 'rows': 41917} lr 0.001
blog-feedback_backprop_adam_seed11 step 34000 train {'loss': 0.3589565038978222, 'accuracy': 0.8897344752725624, 'balanced_accuracy': 0.950628400091231, 'rows': 41917} lr 0.001
blog-feedback_backprop_adam_seed22 step 6000 train {'loss': 1.1495968964638128, 'accuracy': 0.676360426557244, 'balanced_accuracy': 0.02820132207237441, 'rows': 41917} lr 0.001
blog-feedback_backprop_adam_seed33 step 6000 train {'loss': 1.1738247153475576, 'accuracy': 0.6710165326717084, 'balanced_accuracy': 0.015248172597133076, 'rows': 41917} lr 0.001
blog-feedback_backprop_adam_seed11 step 35000 train {'loss': 0.3716677106851316, 'accuracy': 0.8834840279600162, 'balanced_accuracy': 0.940868884431294, 'rows': 41917} lr 0.001
blog-feedback_backprop_adam_seed22 step 7000 train {'loss': 1.082302129080662, 'accuracy': 0.6883364744614356, 'balanced_accuracy': 0.051561558798772604, 'rows': 41917} lr 0.001
blog-feedback_backprop_adam_seed33 step 7000 train {'loss': 1.1254525558210857, 'accuracy': 0.6842569840398883, 'balanced_accuracy': 0.017299053067458704, 'rows': 41917} lr 0.001
blog-feedback_backprop_adam_seed11 step 36000 train {'loss': 0.352310072573143, 'accuracy': 0.8914044421117924, 'balanced_accuracy': 0.9558569292448371, 'rows': 41917} lr 0.001
blog-feedback_backprop_adam_seed22 step 8000 train {'loss': 1.0345261569303772, 'accuracy': 0.7056087029128993, 'balanced_accuracy': 0.14125489317569567, 'rows': 41917} lr 0.001
blog-feedback_backprop_adam_seed33 step 8000 train {'loss': 1.0778903002632816, 'accuracy': 0.6905312880215664, 'balanced_accuracy': 0.03564385772791724, 'rows': 41917} lr 0.001
blog-feedback_backprop_adam_seed11 step 37000 train {'loss': 0.3274733069917527, 'accuracy': 0.8990862895722499, 'balanced_accuracy': 0.9556028242870274, 'rows': 41917} lr 0.001
blog-feedback_backprop_adam_seed22 step 9000 train {'loss': 0.982933083526346, 'accuracy': 0.7130758403511702, 'balanced_accuracy': 0.22362348045459107, 'rows': 41917} lr 0.001
blog-feedback_backprop_adam_seed33 step 9000 train {'loss': 1.0183911551716396, 'accuracy': 0.7063005463177231, 'balanced_accuracy': 0.0658703655967931, 'rows': 41917} lr 0.001
blog-feedback_backprop_adam_seed11 step 38000 train {'loss': 0.38307306423716114, 'accuracy': 0.8800725242741608, 'balanced_accuracy': 0.9429737883112722, 'rows': 41917} lr 0.001
blog-feedback_backprop_adam_seed22 step 10000 train {'loss': 0.9295122526621783, 'accuracy': 0.7317794689505451, 'balanced_accuracy': 0.36648862266948407, 'rows': 41917} lr 0.001
blog-feedback_backprop_adam_seed33 step 10000 train {'loss': 0.9649474683143962, 'accuracy': 0.7212586778633967, 'balanced_accuracy': 0.19928763986125733, 'rows': 41917} lr 0.001
blog-feedback_backprop_adam_seed11 step 39000 train {'loss': 0.31971627136611397, 'accuracy': 0.901901376529809, 'balanced_accuracy': 0.958290083696415, 'rows': 41917} lr 0.001
blog-feedback_backprop_adam_seed22 step 11000 train {'loss': 0.8688869808817204, 'accuracy': 0.7441133668917146, 'balanced_accuracy': 0.4800519248146724, 'rows': 41917} lr 0.001
blog-feedback_backprop_adam_seed33 step 11000 train {'loss': 0.9310402767810726, 'accuracy': 0.7289643819929862, 'balanced_accuracy': 0.2744391268735658, 'rows': 41917} lr 0.001
blog-feedback_backprop_adam_seed11 step 40000 train {'loss': 0.31445335645804434, 'accuracy': 0.9018775198606771, 'balanced_accuracy': 0.9549410624510207, 'rows': 41917} lr 0.001
blog-feedback_backprop_adam_seed22 step 12000 train {'loss': 0.8267416545679674, 'accuracy': 0.7584035117016962, 'balanced_accuracy': 0.5567058134790855, 'rows': 41917} lr 0.001
blog-feedback_backprop_adam_seed33 step 12000 train {'loss': 0.8755017022659161, 'accuracy': 0.7454493403630985, 'balanced_accuracy': 0.4420170415512368, 'rows': 41917} lr 0.001
blog-feedback_backprop_adam_seed11 step 41000 train {'loss': 0.33364533540654634, 'accuracy': 0.8962234892764273, 'balanced_accuracy': 0.9435459842902404, 'rows': 41917} lr 0.001
blog-feedback_backprop_adam_seed22 step 13000 train {'loss': 0.7841740893501986, 'accuracy': 0.7680654627000978, 'balanced_accuracy': 0.5860002172051241, 'rows': 41917} lr 0.001
blog-feedback_backprop_adam_seed33 step 13000 train {'loss': 0.8314546381459993, 'accuracy': 0.7532266145000835, 'balanced_accuracy': 0.490418552177489, 'rows': 41917} lr 0.001
blog-feedback_backprop_adam_seed11 step 42000 train {'loss': 0.29999508790212, 'accuracy': 0.905861583605697, 'balanced_accuracy': 0.9573055997670825, 'rows': 41917} lr 0.001
blog-feedback_backprop_adam_seed22 step 14000 train {'loss': 0.7424219245673688, 'accuracy': 0.779445093875993, 'balanced_accuracy': 0.6983383246831587, 'rows': 41917} lr 0.001
blog-feedback_backprop_adam_seed33 step 14000 train {'loss': 0.7918876895616279, 'accuracy': 0.7671827659422191, 'balanced_accuracy': 0.6016269979623724, 'rows': 41917} lr 0.001
blog-feedback_backprop_adam_seed11 step 43000 train {'loss': 0.3177915351915886, 'accuracy': 0.8989670062265906, 'balanced_accuracy': 0.9540083525668502, 'rows': 41917} lr 0.001
blog-feedback_backprop_adam_seed22 step 15000 train {'loss': 0.7296469219313877, 'accuracy': 0.784407281055419, 'balanced_accuracy': 0.7694444678354013, 'rows': 41917} lr 0.001
blog-feedback_backprop_adam_seed33 step 15000 train {'loss': 0.7568358961875553, 'accuracy': 0.7750316100865997, 'balanced_accuracy': 0.6927438230487426, 'rows': 41917} lr 0.001
blog-feedback_backprop_adam_seed11 step 44000 train {'loss': 0.3260089903582876, 'accuracy': 0.8949590858124389, 'balanced_accuracy': 0.9481936304673626, 'rows': 41917} lr 0.001
blog-feedback_backprop_adam_seed22 step 16000 train {'loss': 0.6659848443876029, 'accuracy': 0.8026099196030251, 'balanced_accuracy': 0.8220599027977281, 'rows': 41917} lr 0.001
blog-feedback_backprop_adam_seed33 step 16000 train {'loss': 0.7174254413634154, 'accuracy': 0.7875086480425603, 'balanced_accuracy': 0.7592389816703006, 'rows': 41917} lr 0.001
blog-feedback_backprop_adam_seed11 step 45000 train {'loss': 0.31095679432625084, 'accuracy': 0.902211513228523, 'balanced_accuracy': 0.9578689147350736, 'rows': 41917} lr 0.001
blog-feedback_backprop_adam_seed22 step 17000 train {'loss': 0.6537294541475276, 'accuracy': 0.8051625832001336, 'balanced_accuracy': 0.8295008349953525, 'rows': 41917} lr 0.001
blog-feedback_backprop_adam_seed33 step 17000 train {'loss': 0.6983722696098534, 'accuracy': 0.7907770117136246, 'balanced_accuracy': 0.7551031684112066, 'rows': 41917} lr 0.001
blog-feedback_backprop_adam_seed11 step 46000 train {'loss': 0.29758742740540645, 'accuracy': 0.9042154734355989, 'balanced_accuracy': 0.9478266845216958, 'rows': 41917} lr 0.001
blog-feedback_backprop_adam_seed22 step 18000 train {'loss': 0.6098626491310607, 'accuracy': 0.8191425913114011, 'balanced_accuracy': 0.8443326232677921, 'rows': 41917} lr 0.001
blog-feedback_backprop_adam_seed33 step 18000 train {'loss': 0.6668052265405581, 'accuracy': 0.7986019991888732, 'balanced_accuracy': 0.8290640254245095, 'rows': 41917} lr 0.001
blog-feedback_backprop_adam_seed11 step 47000 train {'loss': 0.2932912619984394, 'accuracy': 0.9061717203044111, 'balanced_accuracy': 0.9631401098701552, 'rows': 41917} lr 0.001
blog-feedback_backprop_adam_seed22 step 19000 train {'loss': 0.585068149705662, 'accuracy': 0.8252498986091562, 'balanced_accuracy': 0.8834476578733576, 'rows': 41917} lr 0.001
blog-feedback_backprop_adam_seed33 step 19000 train {'loss': 0.6243559663940808, 'accuracy': 0.8109120404609108, 'balanced_accuracy': 0.844593609172225, 'rows': 41917} lr 0.001
blog-feedback_backprop_adam_seed11 step 48000 train {'loss': 0.3108593127583719, 'accuracy': 0.900064413006656, 'balanced_accuracy': 0.9534629055831001, 'rows': 41917} lr 0.001
blog-feedback_backprop_adam_seed22 step 20000 train {'loss': 0.5504336514571248, 'accuracy': 0.8357229763580409, 'balanced_accuracy': 0.8808972284340522, 'rows': 41917} lr 0.001
blog-feedback_backprop_adam_seed33 step 20000 train {'loss': 0.6012096306102963, 'accuracy': 0.8178781878474127, 'balanced_accuracy': 0.8633624006984505, 'rows': 41917} lr 0.001
{"completed": 24, "expected": 195, "active": 3, "failures": 0, "time": "2026-10-01T15:25:48.368599+10:00"}
blog-feedback_backprop_adam_seed11 step 49000 train {'loss': 0.24838709950754229, 'accuracy': 0.9215592718944581, 'balanced_accuracy': 0.9743974135744872, 'rows': 41917} lr 0.0002
blog-feedback_backprop_adam_seed22 step 21000 train {'loss': 0.5321093964253081, 'accuracy': 0.8435956771715533, 'balanced_accuracy': 0.9012496874976456, 'rows': 41917} lr 0.001
blog-feedback_backprop_adam_seed33 step 21000 train {'loss': 0.5800592103176684, 'accuracy': 0.8227449483503113, 'balanced_accuracy': 0.8568201809970412, 'rows': 41917} lr 0.001
blog-feedback_backprop_adam_seed11 step 50000 train {'loss': 0.24414800474737955, 'accuracy': 0.9221079752844907, 'balanced_accuracy': 0.9788469721795476, 'rows': 41917} lr 0.0002
blog-feedback_backprop_adam_seed22 step 22000 train {'loss': 0.5072419636704629, 'accuracy': 0.8465061908056397, 'balanced_accuracy': 0.9085970990839483, 'rows': 41917} lr 0.001
blog-feedback_backprop_adam_seed33 step 22000 train {'loss': 0.5647848298108443, 'accuracy': 0.827921845551924, 'balanced_accuracy': 0.8621820057362629, 'rows': 41917} lr 0.001
blog-feedback_backprop_adam_seed11 step 51000 train {'loss': 0.24128989279547455, 'accuracy': 0.9235393754324022, 'balanced_accuracy': 0.9741292913617501, 'rows': 41917} lr 0.0002
blog-feedback_backprop_adam_seed22 step 23000 train {'loss': 0.4872900858735823, 'accuracy': 0.8536393348760646, 'balanced_accuracy': 0.9072440885276565, 'rows': 41917} lr 0.001
blog-feedback_backprop_adam_seed33 step 23000 train {'loss': 0.5259160686503909, 'accuracy': 0.8397308967721927, 'balanced_accuracy': 0.874870143494556, 'rows': 41917} lr 0.001
blog-feedback_backprop_adam_seed11 step 52000 train {'loss': 0.23795852447880228, 'accuracy': 0.9246367822124675, 'balanced_accuracy': 0.98030311215323, 'rows': 41917} lr 0.0002
blog-feedback_backprop_adam_seed22 step 24000 train {'loss': 0.47552924501499744, 'accuracy': 0.8552615883770308, 'balanced_accuracy': 0.9209559567876422, 'rows': 41917} lr 0.001
blog-feedback_backprop_adam_seed33 step 24000 train {'loss': 0.5141973582166586, 'accuracy': 0.844144380561586, 'balanced_accuracy': 0.9090952993484211, 'rows': 41917} lr 0.001
blog-feedback_backprop_adam_seed11 step 53000 train {'loss': 0.2344691413444602, 'accuracy': 0.924398215521149, 'balanced_accuracy': 0.9777258194457047, 'rows': 41917} lr 0.0002
blog-feedback_backprop_adam_seed22 step 25000 train {'loss': 0.4473500408805088, 'accuracy': 0.8647565426915094, 'balanced_accuracy': 0.9228294940194905, 'rows': 41917} lr 0.001
blog-feedback_backprop_adam_seed33 step 25000 train {'loss': 0.5065374412811232, 'accuracy': 0.8442159505689816, 'balanced_accuracy': 0.9112065390567858, 'rows': 41917} lr 0.001
blog-feedback_backprop_adam_seed11 step 54000 train {'loss': 0.23222831265160263, 'accuracy': 0.9265453157430159, 'balanced_accuracy': 0.9839783546196651, 'rows': 41917} lr 0.0002
blog-feedback_backprop_adam_seed22 step 26000 train {'loss': 0.47829838978395883, 'accuracy': 0.8525657847651311, 'balanced_accuracy': 0.935430973662584, 'rows': 41917} lr 0.001
blog-feedback_backprop_adam_seed33 step 26000 train {'loss': 0.47552958738159146, 'accuracy': 0.8541641815969654, 'balanced_accuracy': 0.9198991865405903, 'rows': 41917} lr 0.001
blog-feedback_backprop_adam_seed11 step 55000 train {'loss': 0.23052113748382805, 'accuracy': 0.9250900589259727, 'balanced_accuracy': 0.9818915056442807, 'rows': 41917} lr 0.0002
blog-feedback_backprop_adam_seed22 step 27000 train {'loss': 0.42415176277997674, 'accuracy': 0.8709831333349238, 'balanced_accuracy': 0.9218214338790327, 'rows': 41917} lr 0.001
blog-feedback_backprop_adam_seed33 step 27000 train {'loss': 0.4620035208471433, 'accuracy': 0.8576233986210845, 'balanced_accuracy': 0.9101054080272044, 'rows': 41917} lr 0.001
blog-feedback_backprop_adam_seed22 step 28000 train {'loss': 0.41480354167897643, 'accuracy': 0.8747763437268888, 'balanced_accuracy': 0.9250529794458836, 'rows': 41917} lr 0.001
blog-feedback_backprop_adam_seed11 step 56000 train {'loss': 0.2276700242330382, 'accuracy': 0.9268077391034664, 'balanced_accuracy': 0.9781053152983015, 'rows': 41917} lr 0.0002
blog-feedback_backprop_adam_seed33 step 28000 train {'loss': 0.4593107289583921, 'accuracy': 0.8586969487320181, 'balanced_accuracy': 0.9239962439146558, 'rows': 41917} lr 0.001
blog-feedback_backprop_adam_seed11 step 57000 train {'loss': 0.2272249554838107, 'accuracy': 0.9261636090369063, 'balanced_accuracy': 0.9753990016649606, 'rows': 41917} lr 0.0002
blog-feedback_backprop_adam_seed22 step 29000 train {'loss': 0.42207654966372277, 'accuracy': 0.8713648400410334, 'balanced_accuracy': 0.9376377206091168, 'rows': 41917} lr 0.001
blog-feedback_backprop_adam_seed33 step 29000 train {'loss': 0.42875888890490566, 'accuracy': 0.869456306510485, 'balanced_accuracy': 0.9270167014722461, 'rows': 41917} lr 0.001
blog-feedback_backprop_adam_seed11 step 58000 train {'loss': 0.2245690934588431, 'accuracy': 0.9279767158909273, 'balanced_accuracy': 0.9770505168341466, 'rows': 41917} lr 0.0002
blog-feedback_backprop_adam_seed22 step 30000 train {'loss': 0.39676386492126137, 'accuracy': 0.8770188706252833, 'balanced_accuracy': 0.9228783396106144, 'rows': 41917} lr 0.001
blog-feedback_backprop_adam_seed33 step 30000 train {'loss': 0.4209635596967032, 'accuracy': 0.8718658300928025, 'balanced_accuracy': 0.9505361094120798, 'rows': 41917} lr 0.001
blog-feedback_backprop_adam_seed22 step 31000 train {'loss': 0.3704355652152228, 'accuracy': 0.8878020850728822, 'balanced_accuracy': 0.9499909320152201, 'rows': 41917} lr 0.001
blog-feedback_backprop_adam_seed11 step 59000 train {'loss': 0.22188117451179995, 'accuracy': 0.9289548393253334, 'balanced_accuracy': 0.9801300483532269, 'rows': 41917} lr 0.0002
blog-feedback_backprop_adam_seed33 step 31000 train {'loss': 0.41752241417393415, 'accuracy': 0.8708161366510008, 'balanced_accuracy': 0.9287585007596133, 'rows': 41917} lr 0.001
blog-feedback_backprop_adam_seed22 step 32000 train {'loss': 0.38785614989699535, 'accuracy': 0.8784741274423266, 'balanced_accuracy': 0.9364266792015764, 'rows': 41917} lr 0.001
blog-feedback_backprop_adam_seed11 step 60000 train {'loss': 0.21977110226028568, 'accuracy': 0.9287878426414105, 'balanced_accuracy': 0.9831902033375625, 'rows': 41917} lr 0.0002
blog-feedback_backprop_adam_seed33 step 32000 train {'loss': 0.40532919118874033, 'accuracy': 0.8745616337047022, 'balanced_accuracy': 0.9221472204589289, 'rows': 41917} lr 0.001
blog-feedback_backprop_adam_seed22 step 33000 train {'loss': 0.3939858702070218, 'accuracy': 0.8774721473387885, 'balanced_accuracy': 0.934298498783309, 'rows': 41917} lr 0.001
blog-feedback_backprop_adam_seed11 step 61000 train {'loss': 0.2189505905258487, 'accuracy': 0.9277142925304769, 'balanced_accuracy': 0.9809376745921659, 'rows': 41917} lr 0.0002
blog-feedback_backprop_adam_seed33 step 33000 train {'loss': 0.3927975039000695, 'accuracy': 0.878569554118854, 'balanced_accuracy': 0.9433261077122944, 'rows': 41917} lr 0.001
blog-feedback_backprop_adam_seed22 step 34000 train {'loss': 0.3799807392413583, 'accuracy': 0.8824820478564783, 'balanced_accuracy': 0.9221050730364425, 'rows': 41917} lr 0.001
blog-feedback_backprop_adam_seed11 step 62000 train {'loss': 0.21694323331864873, 'accuracy': 0.9295035427153661, 'balanced_accuracy': 0.979061249716532, 'rows': 41917} lr 0.0002
blog-feedback_backprop_adam_seed33 step 34000 train {'loss': 0.3940147582805859, 'accuracy': 0.8758976071760861, 'balanced_accuracy': 0.9539535547150828, 'rows': 41917} lr 0.001
blog-feedback_backprop_adam_seed22 step 35000 train {'loss': 0.35856843251710707, 'accuracy': 0.8868955316458716, 'balanced_accuracy': 0.9323262199502952, 'rows': 41917} lr 0.001
blog-feedback_backprop_adam_seed11 step 63000 train {'loss': 0.21589574757326643, 'accuracy': 0.929694396068421, 'balanced_accuracy': 0.9829399326673783, 'rows': 41917} lr 0.0002
blog-feedback_backprop_adam_seed33 step 35000 train {'loss': 0.37747913145975187, 'accuracy': 0.8828876112317199, 'balanced_accuracy': 0.9361446600206186, 'rows': 41917} lr 0.001
blog-feedback_backprop_adam_seed22 step 36000 train {'loss': 0.34196384280801295, 'accuracy': 0.8941479590619558, 'balanced_accuracy': 0.9463607510924542, 'rows': 41917} lr 0.001
blog-feedback_backprop_adam_seed11 step 64000 train {'loss': 0.21379243812543802, 'accuracy': 0.9297898227449484, 'balanced_accuracy': 0.9838204087186194, 'rows': 41917} lr 0.0002
blog-feedback_backprop_adam_seed33 step 36000 train {'loss': 0.3735627489993257, 'accuracy': 0.8844860080635542, 'balanced_accuracy': 0.9526930934949525, 'rows': 41917} lr 0.001
blog-feedback_backprop_adam_seed22 step 37000 train {'loss': 0.3349853374996602, 'accuracy': 0.8942195290693513, 'balanced_accuracy': 0.9506075557318389, 'rows': 41917} lr 0.001
blog-feedback_backprop_adam_seed11 step 65000 train {'loss': 0.21257714639745612, 'accuracy': 0.9319369229668154, 'balanced_accuracy': 0.9808580665204182, 'rows': 41917} lr 0.0002
blog-feedback_backprop_adam_seed33 step 37000 train {'loss': 0.35107334264974166, 'accuracy': 0.8914521554500561, 'balanced_accuracy': 0.9534754871357565, 'rows': 41917} lr 0.001
blog-feedback_backprop_adam_seed22 step 38000 train {'loss': 0.3379429935524532, 'accuracy': 0.8927165589140444, 'balanced_accuracy': 0.9535889684587371, 'rows': 41917} lr 0.001
blog-feedback_backprop_adam_seed11 step 66000 train {'loss': 0.21166473387239954, 'accuracy': 0.9313405062385189, 'balanced_accuracy': 0.9805135565270863, 'rows': 41917} lr 0.0002
blog-feedback_backprop_adam_seed33 step 38000 train {'loss': 0.34927516473648695, 'accuracy': 0.8920962855166161, 'balanced_accuracy': 0.9502950637886755, 'rows': 41917} lr 0.001
blog-feedback_backprop_adam_seed22 step 39000 train {'loss': 0.30032621004439425, 'accuracy': 0.9080325404966959, 'balanced_accuracy': 0.9632391737283733, 'rows': 41917} lr 0.0002
blog-feedback_backprop_adam_seed11 step 67000 train {'loss': 0.21306210192811395, 'accuracy': 0.9299091060906076, 'balanced_accuracy': 0.9838218258122767, 'rows': 41917} lr 0.0002
blog-feedback_backprop_adam_seed33 step 39000 train {'loss': 0.35811164142319496, 'accuracy': 0.8873965216976406, 'balanced_accuracy': 0.9407375272776332, 'rows': 41917} lr 0.001
blog-feedback_backprop_adam_seed22 step 40000 train {'loss': 0.2864680193044855, 'accuracy': 0.9115633275282106, 'balanced_accuracy': 0.9707043616223999, 'rows': 41917} lr 0.0002
blog-feedback_backprop_adam_seed11 step 68000 train {'loss': 0.20826263876663983, 'accuracy': 0.9316267862681012, 'balanced_accuracy': 0.9804029297151153, 'rows': 41917} lr 0.0002
blog-feedback_backprop_adam_seed33 step 40000 train {'loss': 0.33255300668071586, 'accuracy': 0.8958417825703175, 'balanced_accuracy': 0.9635928063407851, 'rows': 41917} lr 0.001
blog-feedback_backprop_adam_seed22 step 41000 train {'loss': 0.2820766879559405, 'accuracy': 0.9128277309921988, 'balanced_accuracy': 0.9721394356280689, 'rows': 41917} lr 0.0002
blog-feedback_backprop_adam_seed11 step 69000 train {'loss': 0.20570509194948094, 'accuracy': 0.9327003363790347, 'balanced_accuracy': 0.9838578090403418, 'rows': 41917} lr 0.0002
blog-feedback_backprop_adam_seed33 step 41000 train {'loss': 0.33076633696087754, 'accuracy': 0.8962234892764273, 'balanced_accuracy': 0.9600655635422054, 'rows': 41917} lr 0.001
blog-feedback_backprop_adam_seed22 step 42000 train {'loss': 0.2783434029443632, 'accuracy': 0.9138774244340006, 'balanced_accuracy': 0.9687310864492431, 'rows': 41917} lr 0.0002
blog-feedback_backprop_adam_seed11 step 70000 train {'loss': 0.20564557766616892, 'accuracy': 0.9334160364529904, 'balanced_accuracy': 0.9806884230269782, 'rows': 41917} lr 0.0002
blog-feedback_backprop_adam_seed33 step 42000 train {'loss': 0.33352748266834453, 'accuracy': 0.8938139656941098, 'balanced_accuracy': 0.9586842966344727, 'rows': 41917} lr 0.001
blog-feedback_backprop_adam_seed22 step 43000 train {'loss': 0.2753161570909076, 'accuracy': 0.9139012811031324, 'balanced_accuracy': 0.9746238745187302, 'rows': 41917} lr 0.0002
blog-feedback_backprop_adam_seed11 step 71000 train {'loss': 0.20518197300323654, 'accuracy': 0.9324856263568481, 'balanced_accuracy': 0.9816149750279145, 'rows': 41917} lr 0.0002
blog-feedback_backprop_adam_seed33 step 43000 train {'loss': 0.3190096059873774, 'accuracy': 0.8981558794761075, 'balanced_accuracy': 0.9494650063679106, 'rows': 41917} lr 0.001
blog-feedback_backprop_adam_seed22 step 44000 train {'loss': 0.27016430155925547, 'accuracy': 0.9151895412362526, 'balanced_accuracy': 0.9658036486612935, 'rows': 41917} lr 0.0002
blog-feedback_backprop_adam_seed11 step 72000 train {'loss': 0.20453479250364068, 'accuracy': 0.9337023164825727, 'balanced_accuracy': 0.9843183775445324, 'rows': 41917} lr 0.0002
blog-feedback_backprop_adam_seed33 step 44000 train {'loss': 0.35196716478868767, 'accuracy': 0.887491948374168, 'balanced_accuracy': 0.9259630956537304, 'rows': 41917} lr 0.001
blog-feedback_backprop_adam_seed22 step 45000 train {'loss': 0.2685145168439303, 'accuracy': 0.9153088245819119, 'balanced_accuracy': 0.9740288373804322, 'rows': 41917} lr 0.0002
blog-feedback_backprop_adam_seed11 step 73000 train {'loss': 0.20303852720361237, 'accuracy': 0.9335591764677815, 'balanced_accuracy': 0.9843892556860155, 'rows': 41917} lr 0.0002
blog-feedback_backprop_adam_seed33 step 45000 train {'loss': 0.3045410165993327, 'accuracy': 0.9028317866259513, 'balanced_accuracy': 0.957428203494917, 'rows': 41917} lr 0.001
blog-feedback_backprop_adam_seed22 step 46000 train {'loss': 0.2652264142921187, 'accuracy': 0.91695493475201, 'balanced_accuracy': 0.9697401890998327, 'rows': 41917} lr 0.0002
{"completed": 24, "expected": 195, "active": 3, "failures": 0, "time": "2026-10-01T15:26:48.460711+10:00"}
blog-feedback_backprop_adam_seed11 step 74000 train {'loss': 0.20141785257304928, 'accuracy': 0.9342748765417372, 'balanced_accuracy': 0.981582261669929, 'rows': 41917} lr 0.0002
blog-feedback_backprop_adam_seed33 step 46000 train {'loss': 0.271446853736761, 'accuracy': 0.9153565379201756, 'balanced_accuracy': 0.9734493749286449, 'rows': 41917} lr 0.0002
blog-feedback_backprop_adam_seed22 step 47000 train {'loss': 0.2627894061658635, 'accuracy': 0.9175036381420426, 'balanced_accuracy': 0.9720070601662574, 'rows': 41917} lr 0.0002
blog-feedback_backprop_adam_seed11 step 75000 train {'loss': 0.20004175043134234, 'accuracy': 0.9355154233365938, 'balanced_accuracy': 0.9862030732909941, 'rows': 41917} lr 0.0002
blog-feedback_backprop_adam_seed33 step 47000 train {'loss': 0.2690375692527235, 'accuracy': 0.9155712479423623, 'balanced_accuracy': 0.975542773926162, 'rows': 41917} lr 0.0002
blog-feedback_backprop_adam_seed22 step 48000 train {'loss': 0.25866366528436924, 'accuracy': 0.9190781783047451, 'balanced_accuracy': 0.974558847752991, 'rows': 41917} lr 0.0002
blog-feedback_backprop_adam_seed11 step 76000 train {'loss': 0.19981063286523618, 'accuracy': 0.9335830331369134, 'balanced_accuracy': 0.9798986827547782, 'rows': 41917} lr 0.0002
blog-feedback_backprop_adam_seed33 step 48000 train {'loss': 0.2625561081912649, 'accuracy': 0.9176706348259656, 'balanced_accuracy': 0.9782487591342582, 'rows': 41917} lr 0.0002
blog-feedback_backprop_adam_seed22 step 49000 train {'loss': 0.2557944442009395, 'accuracy': 0.9190304649664813, 'balanced_accuracy': 0.9747199644240221, 'rows': 41917} lr 0.0002
blog-feedback_backprop_adam_seed11 step 77000 train {'loss': 0.1984560326977814, 'accuracy': 0.9356585633513849, 'balanced_accuracy': 0.9809211220221321, 'rows': 41917} lr 0.0002
blog-feedback_backprop_adam_seed33 step 49000 train {'loss': 0.2603935885128494, 'accuracy': 0.918434048238185, 'balanced_accuracy': 0.9746669800785014, 'rows': 41917} lr 0.0002
blog-feedback_backprop_adam_seed22 step 50000 train {'loss': 0.25395987481237875, 'accuracy': 0.9194598850108547, 'balanced_accuracy': 0.9726632472129588, 'rows': 41917} lr 0.0002
blog-feedback_backprop_adam_seed11 step 78000 train {'loss': 0.20017652069776912, 'accuracy': 0.934656583247847, 'balanced_accuracy': 0.9810498268345023, 'rows': 41917} lr 0.0002
blog-feedback_backprop_adam_seed33 step 50000 train {'loss': 0.2565102814280026, 'accuracy': 0.9188396116134265, 'balanced_accuracy': 0.9768858701348605, 'rows': 41917} lr 0.0002
blog-feedback_backprop_adam_seed22 step 51000 train {'loss': 0.2532236641618841, 'accuracy': 0.9183624782307894, 'balanced_accuracy': 0.974133574899625, 'rows': 41917} lr 0.0002
blog-feedback_backprop_adam_seed11 step 79000 train {'loss': 0.1979128544643629, 'accuracy': 0.935968700050099, 'balanced_accuracy': 0.9816988881159597, 'rows': 41917} lr 0.0002
blog-feedback_backprop_adam_seed33 step 51000 train {'loss': 0.2542394769255162, 'accuracy': 0.9206050051291839, 'balanced_accuracy': 0.9711619760373633, 'rows': 41917} lr 0.0002
blog-feedback_backprop_adam_seed22 step 52000 train {'loss': 0.2503411603965903, 'accuracy': 0.9218216952549085, 'balanced_accuracy': 0.9724022528512873, 'rows': 41917} lr 0.0002
blog-feedback_backprop_adam_seed11 step 80000 train {'loss': 0.19630601304064077, 'accuracy': 0.9358732733735716, 'balanced_accuracy': 0.9857154831524786, 'rows': 41917} lr 0.0002
blog-feedback_backprop_adam_seed33 step 52000 train {'loss': 0.2503851780833516, 'accuracy': 0.9213445618722714, 'balanced_accuracy': 0.9745247235891092, 'rows': 41917} lr 0.0002
blog-feedback_backprop_adam_seed22 step 53000 train {'loss': 0.24805481058696294, 'accuracy': 0.9222988286375456, 'balanced_accuracy': 0.9769679193736797, 'rows': 41917} lr 0.0002
blog-feedback_backprop_adam_seed11 step 81000 train {'loss': 0.19575421678390564, 'accuracy': 0.9368275401388458, 'balanced_accuracy': 0.9866024953162484, 'rows': 41917} lr 0.0002
blog-feedback_backprop_adam_seed33 step 53000 train {'loss': 0.24806472887194736, 'accuracy': 0.9215115585561944, 'balanced_accuracy': 0.9774487946294398, 'rows': 41917} lr 0.0002
blog-feedback_backprop_adam_seed22 step 54000 train {'loss': 0.2455610739238322, 'accuracy': 0.9229668153732375, 'balanced_accuracy': 0.9783365072219488, 'rows': 41917} lr 0.0002
blog-feedback_backprop_adam_seed11 step 82000 train {'loss': 0.19368250585752445, 'accuracy': 0.9358732733735716, 'balanced_accuracy': 0.9825909040120818, 'rows': 41917} lr 0.0002
blog-feedback_backprop_adam_seed33 step 54000 train {'loss': 0.2461916172213206, 'accuracy': 0.9221556886227545, 'balanced_accuracy': 0.9786165161948036, 'rows': 41917} lr 0.0002
blog-feedback_backprop_adam_seed22 step 55000 train {'loss': 0.24434424078720177, 'accuracy': 0.9233008087410836, 'balanced_accuracy': 0.976869451528475, 'rows': 41917} lr 0.0002
blog-feedback_backprop_adam_seed11 step 83000 train {'loss': 0.19436580253438868, 'accuracy': 0.9368275401388458, 'balanced_accuracy': 0.9840518860046347, 'rows': 41917} lr 0.0002
blog-feedback_backprop_adam_seed33 step 55000 train {'loss': 0.2431177027425935, 'accuracy': 0.9226328220053917, 'balanced_accuracy': 0.979336864593083, 'rows': 41917} lr 0.0002
blog-feedback_backprop_adam_seed22 step 56000 train {'loss': 0.2415940126977264, 'accuracy': 0.9236109454397977, 'balanced_accuracy': 0.9767210845222475, 'rows': 41917} lr 0.0002
blog-feedback_backprop_adam_seed11 step 84000 train {'loss': 0.1921187523242942, 'accuracy': 0.937948803588043, 'balanced_accuracy': 0.9842699055084423, 'rows': 41917} lr 0.0002
blog-feedback_backprop_adam_seed33 step 56000 train {'loss': 0.24124293217825765, 'accuracy': 0.922895245365842, 'balanced_accuracy': 0.9822211210722664, 'rows': 41917} lr 0.0002
blog-feedback_backprop_adam_seed22 step 57000 train {'loss': 0.24008539886403737, 'accuracy': 0.9231815253954243, 'balanced_accuracy': 0.9770212462684511, 'rows': 41917} lr 0.0002
blog-feedback_backprop_adam_seed11 step 85000 train {'loss': 0.19130156115029842, 'accuracy': 0.9367321134623184, 'balanced_accuracy': 0.9854802308481102, 'rows': 41917} lr 0.0002
blog-feedback_backprop_adam_seed33 step 57000 train {'loss': 0.24025062335030362, 'accuracy': 0.923396235417611, 'balanced_accuracy': 0.9832186198174445, 'rows': 41917} lr 0.0002
blog-feedback_backprop_adam_seed22 step 58000 train {'loss': 0.2400059436528593, 'accuracy': 0.9240403654841711, 'balanced_accuracy': 0.9760886187665356, 'rows': 41917} lr 0.0002
blog-feedback_backprop_adam_seed11 step 86000 train {'loss': 0.19086039362439594, 'accuracy': 0.937113820168428, 'balanced_accuracy': 0.9861080504116354, 'rows': 41917} lr 0.0002
blog-feedback_backprop_adam_seed33 step 58000 train {'loss': 0.23859443003932754, 'accuracy': 0.9237540854545888, 'balanced_accuracy': 0.9767323654695662, 'rows': 41917} lr 0.0002
blog-feedback_backprop_adam_seed22 step 59000 train {'loss': 0.23809271065789012, 'accuracy': 0.9238256554619844, 'balanced_accuracy': 0.9784882435558471, 'rows': 41917} lr 0.0002
blog-feedback_backprop_adam_seed11 step 87000 train {'loss': 0.1910737994236667, 'accuracy': 0.9383066536250209, 'balanced_accuracy': 0.9805697438839487, 'rows': 41917} lr 0.0002
blog-feedback_backprop_adam_seed33 step 59000 train {'loss': 0.2358373602752732, 'accuracy': 0.9245890688742038, 'balanced_accuracy': 0.9794666795032573, 'rows': 41917} lr 0.0002
blog-feedback_backprop_adam_seed22 step 60000 train {'loss': 0.235117806487375, 'accuracy': 0.9249707755803135, 'balanced_accuracy': 0.9738516558156597, 'rows': 41917} lr 0.0002
blog-feedback_backprop_adam_seed11 step 88000 train {'loss': 0.18929658604854988, 'accuracy': 0.9378533769115156, 'balanced_accuracy': 0.9862045367656098, 'rows': 41917} lr 0.0002
blog-feedback_backprop_adam_seed33 step 60000 train {'loss': 0.235845989143231, 'accuracy': 0.9234916620941385, 'balanced_accuracy': 0.9808635050641283, 'rows': 41917} lr 0.0002
blog-feedback_backprop_adam_seed22 step 61000 train {'loss': 0.23572291249133057, 'accuracy': 0.9249469189111816, 'balanced_accuracy': 0.9771204611576466, 'rows': 41917} lr 0.0002
blog-feedback_backprop_adam_seed11 step 89000 train {'loss': 0.18868784761629045, 'accuracy': 0.9380203735954386, 'balanced_accuracy': 0.9831084288413856, 'rows': 41917} lr 0.0002
blog-feedback_backprop_adam_seed33 step 61000 train {'loss': 0.23276229645726015, 'accuracy': 0.925376338955555, 'balanced_accuracy': 0.9792315162619899, 'rows': 41917} lr 0.0002
blog-feedback_backprop_adam_seed22 step 62000 train {'loss': 0.23591187297210076, 'accuracy': 0.924708352219863, 'balanced_accuracy': 0.9714480866561831, 'rows': 41917} lr 0.0002
blog-feedback_backprop_adam_seed11 step 90000 train {'loss': 0.1881151485120897, 'accuracy': 0.9389269270224492, 'balanced_accuracy': 0.9837148082962655, 'rows': 41917} lr 0.0002
blog-feedback_backprop_adam_seed33 step 62000 train {'loss': 0.23255418186882576, 'accuracy': 0.9251616289333683, 'balanced_accuracy': 0.9783056762071878, 'rows': 41917} lr 0.0002
blog-feedback_backprop_adam_seed22 step 63000 train {'loss': 0.23337455286288486, 'accuracy': 0.9260681823603788, 'balanced_accuracy': 0.9838020494370687, 'rows': 41917} lr 0.0002
blog-feedback_backprop_adam_seed11 step 91000 train {'loss': 0.18677317029578025, 'accuracy': 0.9376863802275927, 'balanced_accuracy': 0.9854776205125882, 'rows': 41917} lr 0.0002
blog-feedback_backprop_adam_seed33 step 63000 train {'loss': 0.2313177633749653, 'accuracy': 0.925209342271632, 'balanced_accuracy': 0.9784972199969904, 'rows': 41917} lr 0.0002
blog-feedback_backprop_adam_seed22 step 64000 train {'loss': 0.23085424704292556, 'accuracy': 0.9268315957725982, 'balanced_accuracy': 0.9768827233776011, 'rows': 41917} lr 0.0002
blog-feedback_backprop_adam_seed11 step 92000 train {'loss': 0.18605348036863803, 'accuracy': 0.9395710570890092, 'balanced_accuracy': 0.9838355533822583, 'rows': 41917} lr 0.0002
blog-feedback_backprop_adam_seed33 step 64000 train {'loss': 0.2310726983347794, 'accuracy': 0.9256864756542692, 'balanced_accuracy': 0.9817398859856262, 'rows': 41917} lr 0.0002
blog-feedback_backprop_adam_seed22 step 65000 train {'loss': 0.23152536225887127, 'accuracy': 0.9253047689481595, 'balanced_accuracy': 0.9793559703823677, 'rows': 41917} lr 0.0002
blog-feedback_backprop_adam_seed11 step 93000 train {'loss': 0.18420619358535395, 'accuracy': 0.9390700670372403, 'balanced_accuracy': 0.9860306384529518, 'rows': 41917} lr 0.0002
blog-feedback_backprop_adam_seed33 step 65000 train {'loss': 0.22748026265977042, 'accuracy': 0.9255194789703461, 'balanced_accuracy': 0.9844793967895722, 'rows': 41917} lr 0.0002
blog-feedback_backprop_adam_seed22 step 66000 train {'loss': 0.22888971034285535, 'accuracy': 0.9264737457356204, 'balanced_accuracy': 0.9768271280537216, 'rows': 41917} lr 0.0002
blog-feedback_backprop_adam_seed11 step 94000 train {'loss': 0.1830256715586478, 'accuracy': 0.9403106138320968, 'balanced_accuracy': 0.9856058031264702, 'rows': 41917} lr 0.0002
blog-feedback_backprop_adam_seed33 step 66000 train {'loss': 0.22718736570445164, 'accuracy': 0.926712312426939, 'balanced_accuracy': 0.9778097138758074, 'rows': 41917} lr 0.0002
blog-feedback_backprop_adam_seed22 step 67000 train {'loss': 0.22723815277505702, 'accuracy': 0.9269747357873893, 'balanced_accuracy': 0.9822940434596689, 'rows': 41917} lr 0.0002
blog-feedback_backprop_adam_seed11 step 95000 train {'loss': 0.1848442864327877, 'accuracy': 0.9392847770594269, 'balanced_accuracy': 0.9842675520024154, 'rows': 41917} lr 0.0002
blog-feedback_backprop_adam_seed33 step 67000 train {'loss': 0.22373456475482567, 'accuracy': 0.9274518691700265, 'balanced_accuracy': 0.9866172821521615, 'rows': 41917} lr 0.0002
blog-feedback_backprop_adam_seed22 step 68000 train {'loss': 0.22731488756040047, 'accuracy': 0.9270224491256531, 'balanced_accuracy': 0.9821321291799732, 'rows': 41917} lr 0.0002
blog-feedback_backprop_adam_seed11 step 96000 train {'loss': 0.18328141321950672, 'accuracy': 0.9401197604790419, 'balanced_accuracy': 0.9846982728512794, 'rows': 41917} lr 4e-05
blog-feedback_backprop_adam_seed33 step 68000 train {'loss': 0.22253056010063627, 'accuracy': 0.928024429229191, 'balanced_accuracy': 0.9780873589797235, 'rows': 41917} lr 0.0002
blog-feedback_backprop_adam_seed22 step 69000 train {'loss': 0.2249887358857341, 'accuracy': 0.9278812892143999, 'balanced_accuracy': 0.9799387602917907, 'rows': 41917} lr 0.0002
blog-feedback_backprop_adam_seed11 step 97000 train {'loss': 0.17679571835020444, 'accuracy': 0.9418135839874037, 'balanced_accuracy': 0.9862547169469059, 'rows': 41917} lr 4e-05
blog-feedback_backprop_adam_seed33 step 69000 train {'loss': 0.22619630938704824, 'accuracy': 0.9272371591478398, 'balanced_accuracy': 0.979300184153056, 'rows': 41917} lr 0.0002
blog-feedback_backprop_adam_seed22 step 70000 train {'loss': 0.2220150726889854, 'accuracy': 0.9274518691700265, 'balanced_accuracy': 0.9758466085983164, 'rows': 41917} lr 0.0002
blog-feedback_backprop_adam_seed11 step 98000 train {'loss': 0.17585922058670025, 'accuracy': 0.9421475773552497, 'balanced_accuracy': 0.9887105903924108, 'rows': 41917} lr 4e-05
blog-feedback_backprop_adam_seed33 step 70000 train {'loss': 0.2203868743815455, 'accuracy': 0.9280721425674547, 'balanced_accuracy': 0.9814654009282692, 'rows': 41917} lr 0.0002
blog-feedback_backprop_adam_seed22 step 71000 train {'loss': 0.22184285551581892, 'accuracy': 0.928358422597037, 'balanced_accuracy': 0.9764898181369238, 'rows': 41917} lr 0.0002
{"completed": 24, "expected": 195, "active": 3, "failures": 0, "time": "2026-10-01T15:27:48.563524+10:00"}
blog-feedback_backprop_adam_seed11 step 99000 train {'loss': 0.1757895934956303, 'accuracy': 0.9420760073478541, 'balanced_accuracy': 0.9860490376176667, 'rows': 41917} lr 4e-05
blog-feedback_backprop_adam_seed33 step 71000 train {'loss': 0.21947076069485935, 'accuracy': 0.9281437125748503, 'balanced_accuracy': 0.9816238003823421, 'rows': 41917} lr 0.0002
blog-feedback_backprop_adam_seed22 step 72000 train {'loss': 0.22298636295360488, 'accuracy': 0.9287878426414105, 'balanced_accuracy': 0.9785479508249346, 'rows': 41917} lr 0.0002
blog-feedback_backprop_adam_seed11 step 100000 train {'loss': 0.17530639483061167, 'accuracy': 0.9421475773552497, 'balanced_accuracy': 0.9866769567914176, 'rows': 41917} lr 4e-05
blog-feedback_backprop_adam_seed33 step 72000 train {'loss': 0.21741894804582734, 'accuracy': 0.9292649760240476, 'balanced_accuracy': 0.9794670213034116, 'rows': 41917} lr 0.0002
blog-feedback_backprop_adam_seed22 step 73000 train {'loss': 0.2194332231827887, 'accuracy': 0.9284061359353007, 'balanced_accuracy': 0.9756785704370355, 'rows': 41917} lr 0.0002
blog-feedback_backprop_adam_seed11 step 101000 train {'loss': 0.17501809803726912, 'accuracy': 0.9424338573848319, 'balanced_accuracy': 0.9858998871266623, 'rows': 41917} lr 4e-05
blog-feedback_backprop_adam_seed33 step 73000 train {'loss': 0.21625152150916926, 'accuracy': 0.9291456926783882, 'balanced_accuracy': 0.9820738939416077, 'rows': 41917} lr 0.0002
blog-feedback_backprop_adam_seed22 step 74000 train {'loss': 0.21826834432379214, 'accuracy': 0.9296466827301573, 'balanced_accuracy': 0.9796712277734415, 'rows': 41917} lr 0.0002
blog-feedback_backprop_adam_seed11 step 102000 train {'loss': 0.17486357938921382, 'accuracy': 0.94176587064914, 'balanced_accuracy': 0.9858429232956859, 'rows': 41917} lr 4e-05
blog-feedback_backprop_adam_seed33 step 74000 train {'loss': 0.21641265608829421, 'accuracy': 0.9294319727079705, 'balanced_accuracy': 0.9849152358846064, 'rows': 41917} lr 0.0002
blog-feedback_backprop_adam_seed22 step 75000 train {'loss': 0.21847571355910844, 'accuracy': 0.9295512560536298, 'balanced_accuracy': 0.9800552115354688, 'rows': 41917} lr 0.0002
blog-feedback_backprop_adam_seed33 step 75000 train {'loss': 0.2159199203256859, 'accuracy': 0.9293842593697068, 'balanced_accuracy': 0.9801799830040306, 'rows': 41917} lr 0.0002
blog-feedback_backprop_adam_seed11 step 103000 train {'loss': 0.17443753743882962, 'accuracy': 0.9432211274661831, 'balanced_accuracy': 0.9865927429615998, 'rows': 41917} lr 4e-05
blog-feedback_backprop_adam_seed22 step 76000 train {'loss': 0.21893837660494903, 'accuracy': 0.9283345659279052, 'balanced_accuracy': 0.9810023478145539, 'rows': 41917} lr 0.0002
blog-feedback_backprop_adam_seed33 step 76000 train {'loss': 0.2155018304613627, 'accuracy': 0.9296228260610253, 'balanced_accuracy': 0.9809539966347094, 'rows': 41917} lr 0.0002
blog-feedback_backprop_adam_seed11 step 104000 train {'loss': 0.17414623476094035, 'accuracy': 0.9425054273922275, 'balanced_accuracy': 0.9860845514866716, 'rows': 41917} lr 4e-05
blog-feedback_backprop_adam_seed22 step 77000 train {'loss': 0.21808081628801793, 'accuracy': 0.9294796860462342, 'balanced_accuracy': 0.9825281726579161, 'rows': 41917} lr 0.0002
blog-feedback_backprop_adam_seed33 step 77000 train {'loss': 0.21153218047764247, 'accuracy': 0.9313166495693871, 'balanced_accuracy': 0.985132526594685, 'rows': 41917} lr 0.0002
blog-feedback_backprop_adam_seed11 step 105000 train {'loss': 0.17392273468677985, 'accuracy': 0.9428394207600734, 'balanced_accuracy': 0.9867106319352928, 'rows': 41917} lr 4e-05
blog-feedback_backprop_adam_seed22 step 78000 train {'loss': 0.21365764130730835, 'accuracy': 0.9307440895102226, 'balanced_accuracy': 0.9767104921498526, 'rows': 41917} lr 0.0002
blog-feedback_backprop_adam_seed33 step 78000 train {'loss': 0.21168196166272946, 'accuracy': 0.9308872295250137, 'balanced_accuracy': 0.9828204743064466, 'rows': 41917} lr 0.0002
blog-feedback_backprop_adam_seed11 step 106000 train {'loss': 0.17372545978678694, 'accuracy': 0.9424100007157, 'balanced_accuracy': 0.9863586920475202, 'rows': 41917} lr 4e-05
blog-feedback_backprop_adam_seed22 step 79000 train {'loss': 0.21356546920656114, 'accuracy': 0.9307918028484863, 'balanced_accuracy': 0.9836896736255469, 'rows': 41917} lr 0.0002
blog-feedback_backprop_adam_seed33 step 79000 train {'loss': 0.21077678640738476, 'accuracy': 0.9302192427893218, 'balanced_accuracy': 0.9784461837938735, 'rows': 41917} lr 0.0002
blog-feedback_backprop_adam_seed11 step 107000 train {'loss': 0.17335188154093048, 'accuracy': 0.9431257007896557, 'balanced_accuracy': 0.9893116266735864, 'rows': 41917} lr 4e-05
blog-feedback_backprop_adam_seed22 step 80000 train {'loss': 0.2158458369459693, 'accuracy': 0.9292172626857839, 'balanced_accuracy': 0.9787774621360332, 'rows': 41917} lr 0.0002
blog-feedback_backprop_adam_seed33 step 80000 train {'loss': 0.21131513399660842, 'accuracy': 0.9301953861201899, 'balanced_accuracy': 0.9840625904648359, 'rows': 41917} lr 0.0002
blog-feedback_backprop_adam_seed11 step 108000 train {'loss': 0.17321294025331432, 'accuracy': 0.9425531407304912, 'balanced_accuracy': 0.9885132690095079, 'rows': 41917} lr 4e-05
blog-feedback_backprop_adam_seed22 step 81000 train {'loss': 0.2069479218722641, 'accuracy': 0.9326764797099029, 'balanced_accuracy': 0.9849618334709335, 'rows': 41917} lr 4e-05
blog-feedback_backprop_adam_seed33 step 81000 train {'loss': 0.2087329077765292, 'accuracy': 0.9309349428632774, 'balanced_accuracy': 0.9805366389683104, 'rows': 41917} lr 0.0002
blog-feedback_backprop_adam_seed11 step 109000 train {'loss': 0.1732096116175152, 'accuracy': 0.9436505475105565, 'balanced_accuracy': 0.9894186865696266, 'rows': 41917} lr 4e-05
blog-feedback_backprop_adam_seed22 step 82000 train {'loss': 0.2058738561901117, 'accuracy': 0.9328673330629578, 'balanced_accuracy': 0.9841786675847382, 'rows': 41917} lr 4e-05
blog-feedback_backprop_adam_seed33 step 82000 train {'loss': 0.20864696884924844, 'accuracy': 0.9314359329150464, 'balanced_accuracy': 0.9822836931433436, 'rows': 41917} lr 0.0002
blog-feedback_backprop_adam_seed11 step 110000 train {'loss': 0.17248248264513832, 'accuracy': 0.9436028341722928, 'balanced_accuracy': 0.9867899652594948, 'rows': 41917} lr 4e-05
blog-feedback_backprop_adam_seed22 step 83000 train {'loss': 0.20524664192230763, 'accuracy': 0.9327003363790347, 'balanced_accuracy': 0.9843311441420632, 'rows': 41917} lr 4e-05
blog-feedback_backprop_adam_seed33 step 83000 train {'loss': 0.20616273133350663, 'accuracy': 0.9312450795619915, 'balanced_accuracy': 0.9823080983741808, 'rows': 41917} lr 0.0002
blog-feedback_backprop_adam_seed11 step 111000 train {'loss': 0.17296105512545007, 'accuracy': 0.9422668607009089, 'balanced_accuracy': 0.9858307956069488, 'rows': 41917} lr 4e-05
blog-feedback_backprop_adam_seed22 step 84000 train {'loss': 0.2053996519978061, 'accuracy': 0.9324617696877162, 'balanced_accuracy': 0.9834473478970105, 'rows': 41917} lr 4e-05
blog-feedback_backprop_adam_seed33 step 84000 train {'loss': 0.20646968180014694, 'accuracy': 0.9318892096285517, 'balanced_accuracy': 0.9847025087408976, 'rows': 41917} lr 0.0002
blog-feedback_backprop_adam_seed11 step 112000 train {'loss': 0.1720947989281726, 'accuracy': 0.9435074074957654, 'balanced_accuracy': 0.9863418134093206, 'rows': 41917} lr 4e-05
blog-feedback_backprop_adam_seed22 step 85000 train {'loss': 0.20523533025557358, 'accuracy': 0.9325094830259799, 'balanced_accuracy': 0.983560115254559, 'rows': 41917} lr 4e-05
blog-feedback_backprop_adam_seed33 step 85000 train {'loss': 0.20454976608745695, 'accuracy': 0.9327719063864304, 'balanced_accuracy': 0.9851126199489193, 'rows': 41917} lr 0.0002
blog-feedback_backprop_adam_seed11 step 113000 train {'loss': 0.17221122928820293, 'accuracy': 0.9440322542166663, 'balanced_accuracy': 0.9869709308920375, 'rows': 41917} lr 4e-05
blog-feedback_backprop_adam_seed22 step 86000 train {'loss': 0.20421145980909336, 'accuracy': 0.9334398931221223, 'balanced_accuracy': 0.9822006363682199, 'rows': 41917} lr 4e-05
blog-feedback_backprop_adam_seed33 step 86000 train {'loss': 0.20419209232086769, 'accuracy': 0.9328196197246941, 'balanced_accuracy': 0.9824296559209994, 'rows': 41917} lr 0.0002
blog-feedback_backprop_adam_seed11 step 114000 train {'loss': 0.1718208703661271, 'accuracy': 0.944413960922776, 'balanced_accuracy': 0.9869651180774712, 'rows': 41917} lr 4e-05
blog-feedback_backprop_adam_seed22 step 87000 train {'loss': 0.20371893203991967, 'accuracy': 0.9335114631295178, 'balanced_accuracy': 0.9839348767543881, 'rows': 41917} lr 4e-05
blog-feedback_backprop_adam_seed33 step 87000 train {'loss': 0.1984723742819243, 'accuracy': 0.9348235799317699, 'balanced_accuracy': 0.9838993492939269, 'rows': 41917} lr 4e-05
blog-feedback_backprop_adam_seed11 step 115000 train {'loss': 0.17162638129611124, 'accuracy': 0.9434596941575017, 'balanced_accuracy': 0.9888569444195485, 'rows': 41917} lr 4e-05
blog-feedback_backprop_adam_seed22 step 88000 train {'loss': 0.2034691789946, 'accuracy': 0.9333444664455949, 'balanced_accuracy': 0.9819340743711381, 'rows': 41917} lr 4e-05
blog-feedback_backprop_adam_seed33 step 88000 train {'loss': 0.19792407358122438, 'accuracy': 0.9350860032922204, 'balanced_accuracy': 0.9838258177501165, 'rows': 41917} lr 4e-05
blog-feedback_backprop_adam_seed11 step 116000 train {'loss': 0.17171702949192857, 'accuracy': 0.9429109907674691, 'balanced_accuracy': 0.9865229752388687, 'rows': 41917} lr 4e-05
blog-feedback_backprop_adam_seed22 step 89000 train {'loss': 0.2033318840799991, 'accuracy': 0.9334398931221223, 'balanced_accuracy': 0.9838925502185241, 'rows': 41917} lr 4e-05
blog-feedback_backprop_adam_seed33 step 89000 train {'loss': 0.19730933969695766, 'accuracy': 0.9348712932700336, 'balanced_accuracy': 0.9839974771984615, 'rows': 41917} lr 4e-05
blog-feedback_backprop_adam_seed11 step 117000 train {'loss': 0.1713178709956683, 'accuracy': 0.9437698308562159, 'balanced_accuracy': 0.9867569261175541, 'rows': 41917} lr 4e-05
blog-feedback_backprop_adam_seed22 step 90000 train {'loss': 0.20335054966405872, 'accuracy': 0.9326049097025073, 'balanced_accuracy': 0.9808521031934807, 'rows': 41917} lr 4e-05
blog-feedback_backprop_adam_seed33 step 90000 train {'loss': 0.19694160800596502, 'accuracy': 0.9352529999761433, 'balanced_accuracy': 0.9841782260876951, 'rows': 41917} lr 4e-05
blog-feedback_backprop_adam_seed11 step 118000 train {'loss': 0.17164916366322377, 'accuracy': 0.9445332442684352, 'balanced_accuracy': 0.9893966178625753, 'rows': 41917} lr 4e-05
blog-feedback_backprop_adam_seed22 step 91000 train {'loss': 0.20245763028123315, 'accuracy': 0.9336307464751772, 'balanced_accuracy': 0.9819155301053305, 'rows': 41917} lr 4e-05
blog-feedback_backprop_adam_seed33 step 91000 train {'loss': 0.19669194644688565, 'accuracy': 0.9352529999761433, 'balanced_accuracy': 0.9838906018667559, 'rows': 41917} lr 4e-05
blog-feedback_backprop_adam_seed11 step 119000 train {'loss': 0.17092058752314673, 'accuracy': 0.943745974187084, 'balanced_accuracy': 0.9867744752083683, 'rows': 41917} lr 4e-05
blog-feedback_backprop_adam_seed22 step 92000 train {'loss': 0.20209902428040982, 'accuracy': 0.9335353197986497, 'balanced_accuracy': 0.9817772093755762, 'rows': 41917} lr 4e-05
blog-feedback_backprop_adam_seed33 step 92000 train {'loss': 0.19621924991316675, 'accuracy': 0.9355631366748575, 'balanced_accuracy': 0.9862111745590724, 'rows': 41917} lr 4e-05
blog-feedback_backprop_adam_seed11 step 120000 train {'loss': 0.1707841484237156, 'accuracy': 0.9438414008636115, 'balanced_accuracy': 0.9864928168798498, 'rows': 41917} lr 4e-05
blog-feedback_backprop_adam_seed22 step 93000 train {'loss': 0.20193785414212384, 'accuracy': 0.9337261731517046, 'balanced_accuracy': 0.9820725243871611, 'rows': 41917} lr 4e-05
blog-feedback_backprop_adam_seed33 step 93000 train {'loss': 0.19666847051367362, 'accuracy': 0.9362311234105494, 'balanced_accuracy': 0.9843849613287202, 'rows': 41917} lr 4e-05
blog-feedback_backprop_adam_seed11 step 121000 train {'loss': 0.17071005238137132, 'accuracy': 0.9444855309301715, 'balanced_accuracy': 0.9864925087486808, 'rows': 41917} lr 4e-05
blog-feedback_backprop_adam_seed22 step 94000 train {'loss': 0.20175111854794764, 'accuracy': 0.9337738864899683, 'balanced_accuracy': 0.9813258845869473, 'rows': 41917} lr 4e-05
blog-feedback_backprop_adam_seed33 step 94000 train {'loss': 0.19586665732665415, 'accuracy': 0.9355392800057256, 'balanced_accuracy': 0.9839085498807129, 'rows': 41917} lr 4e-05
blog-feedback_backprop_adam_seed11 step 122000 train {'loss': 0.17035252032814174, 'accuracy': 0.9431734141279194, 'balanced_accuracy': 0.9887573559457429, 'rows': 41917} lr 4e-05
blog-feedback_backprop_adam_seed22 step 95000 train {'loss': 0.20168027393243484, 'accuracy': 0.9336784598134409, 'balanced_accuracy': 0.984040805572919, 'rows': 41917} lr 4e-05
blog-feedback_backprop_adam_seed33 step 95000 train {'loss': 0.19566645205218558, 'accuracy': 0.9354438533291982, 'balanced_accuracy': 0.9866740997888005, 'rows': 41917} lr 4e-05
blog-feedback_backprop_adam_seed11 step 123000 train {'loss': 0.1699844504191476, 'accuracy': 0.9446286709449626, 'balanced_accuracy': 0.9872028364534462, 'rows': 41917} lr 4e-05
blog-feedback_backprop_adam_seed22 step 96000 train {'loss': 0.20122245202775896, 'accuracy': 0.9338693131664957, 'balanced_accuracy': 0.9829755887577829, 'rows': 41917} lr 4e-05
blog-feedback_backprop_adam_seed33 step 96000 train {'loss': 0.19568816169886302, 'accuracy': 0.9355392800057256, 'balanced_accuracy': 0.984346600628801, 'rows': 41917} lr 4e-05
blog-feedback_backprop_adam_seed11 step 124000 train {'loss': 0.16993705704898884, 'accuracy': 0.9445332442684352, 'balanced_accuracy': 0.9869990817004277, 'rows': 41917} lr 4e-05
{"completed": 24, "expected": 195, "active": 3, "failures": 0, "time": "2026-10-01T15:28:48.651982+10:00"}
blog-feedback_backprop_adam_seed22 step 97000 train {'loss': 0.20102851723209492, 'accuracy': 0.934465729894792, 'balanced_accuracy': 0.981865433091158, 'rows': 41917} lr 4e-05
blog-feedback_backprop_adam_seed33 step 97000 train {'loss': 0.1956002138588644, 'accuracy': 0.9357062766896486, 'balanced_accuracy': 0.9841708850101821, 'rows': 41917} lr 4e-05
blog-feedback_backprop_adam_seed11 step 125000 train {'loss': 0.16927598619044706, 'accuracy': 0.9442946775771167, 'balanced_accuracy': 0.9896938897078085, 'rows': 41917} lr 8.000000000000001e-06
blog-feedback_backprop_adam_seed22 step 98000 train {'loss': 0.20089174683147148, 'accuracy': 0.9336784598134409, 'balanced_accuracy': 0.9817238382723312, 'rows': 41917} lr 4e-05
blog-feedback_backprop_adam_seed33 step 98000 train {'loss': 0.19534267468469177, 'accuracy': 0.935300713314407, 'balanced_accuracy': 0.9861550385177056, 'rows': 41917} lr 4e-05
blog-feedback_backprop_adam_seed11 step 126000 train {'loss': 0.1690417931582644, 'accuracy': 0.9449149509745449, 'balanced_accuracy': 0.98713546127662, 'rows': 41917} lr 8.000000000000001e-06
blog-feedback_backprop_adam_seed22 step 99000 train {'loss': 0.20052732491173567, 'accuracy': 0.9340840231886824, 'balanced_accuracy': 0.9818386444863666, 'rows': 41917} lr 4e-05
blog-feedback_backprop_adam_seed33 step 99000 train {'loss': 0.19451721135592573, 'accuracy': 0.9357062766896486, 'balanced_accuracy': 0.9871759152917063, 'rows': 41917} lr 4e-05
blog-feedback_backprop_adam_seed11 step 127000 train {'loss': 0.16887107422421116, 'accuracy': 0.9445093875993034, 'balanced_accuracy': 0.9897061815892527, 'rows': 41917} lr 8.000000000000001e-06
blog-feedback_backprop_adam_seed22 step 100000 train {'loss': 0.20040328193497794, 'accuracy': 0.9339885965121549, 'balanced_accuracy': 0.9843016291725285, 'rows': 41917} lr 4e-05
blog-feedback_backprop_adam_seed33 step 100000 train {'loss': 0.19416125738746176, 'accuracy': 0.9359209867118353, 'balanced_accuracy': 0.9869626156416028, 'rows': 41917} lr 4e-05
blog-feedback_backprop_adam_seed11 step 128000 train {'loss': 0.1688217790848677, 'accuracy': 0.9444616742610397, 'balanced_accuracy': 0.9871849456771238, 'rows': 41917} lr 8.000000000000001e-06
blog-feedback_backprop_adam_seed22 step 101000 train {'loss': 0.20019764001324486, 'accuracy': 0.9343941598873965, 'balanced_accuracy': 0.9828851864874183, 'rows': 41917} lr 4e-05
COMPLETE blog-feedback_backprop_adam_seed11 128700 {'loss': 0.16880773445800404, 'accuracy': 0.9443662475845123, 'balanced_accuracy': 0.9866365577888665, 'rows': 41917} {'loss': 13.783772872852754, 'accuracy': 0.6033578174186779, 'balanced_accuracy': 0.007600676484995474, 'rows': 7624}
blog-feedback_backprop_adam_seed33 step 101000 train {'loss': 0.19390383524092383, 'accuracy': 0.9358494167044398, 'balanced_accuracy': 0.9869228643363862, 'rows': 41917} lr 4e-05
blog-feedback_backprop_adam_seed22 step 102000 train {'loss': 0.20047204993572967, 'accuracy': 0.9339170265047594, 'balanced_accuracy': 0.9853714302154513, 'rows': 41917} lr 4e-05
/home/user/anaconda3/envs/pytorchsenv/lib/python3.13/site-packages/torch/cuda/__init__.py:65: FutureWarning: The pynvml package is deprecated. Please install nvidia-ml-py instead. If you did not install pynvml directly, please report this to the maintainers of the package that installed pynvml for you.
  import pynvml  # type: ignore[import]
blog-feedback_backprop_adam_seed33 step 102000 train {'loss': 0.1937523240853059, 'accuracy': 0.9362549800796812, 'balanced_accuracy': 0.9865946871379652, 'rows': 41917} lr 4e-05
blog-feedback_backprop_adam_seed22 step 103000 train {'loss': 0.19956951773443657, 'accuracy': 0.9342033065343417, 'balanced_accuracy': 0.9827949949729671, 'rows': 41917} lr 4e-05
blog-feedback_backprop_adam_seed33 step 103000 train {'loss': 0.19336247296588072, 'accuracy': 0.9363742634253406, 'balanced_accuracy': 0.9844292888956263, 'rows': 41917} lr 4e-05
blog-feedback_backprop_adam_seed22 step 104000 train {'loss': 0.1995633714777153, 'accuracy': 0.9348474366009017, 'balanced_accuracy': 0.986097730665723, 'rows': 41917} lr 4e-05
blog-feedback_backprop_adam_seed33 step 104000 train {'loss': 0.19337528491758488, 'accuracy': 0.9363504067562087, 'balanced_accuracy': 0.9871595573423341, 'rows': 41917} lr 4e-05
blog-feedback_backprop_adam_seed22 step 105000 train {'loss': 0.19856573619579637, 'accuracy': 0.9347042965861107, 'balanced_accuracy': 0.9822406291011665, 'rows': 41917} lr 8.000000000000001e-06
blog-feedback_backprop_adam_seed33 step 105000 train {'loss': 0.19346021054990734, 'accuracy': 0.9352768566452752, 'balanced_accuracy': 0.9869373385477259, 'rows': 41917} lr 4e-05
blog-feedback_backprop_adam_seed22 step 106000 train {'loss': 0.1984242475078025, 'accuracy': 0.9348951499391654, 'balanced_accuracy': 0.9828906637785466, 'rows': 41917} lr 8.000000000000001e-06
blog-feedback_backprop_adam_seed33 step 106000 train {'loss': 0.1927062142122667, 'accuracy': 0.9363265500870769, 'balanced_accuracy': 0.9872536710588824, 'rows': 41917} lr 4e-05
blog-feedback_backprop_adam_seed22 step 107000 train {'loss': 0.198265652874031, 'accuracy': 0.9348712932700336, 'balanced_accuracy': 0.9820711285458583, 'rows': 41917} lr 8.000000000000001e-06
blog-feedback_backprop_adam_seed33 step 107000 train {'loss': 0.19252099131435532, 'accuracy': 0.9358494167044398, 'balanced_accuracy': 0.9871923815873888, 'rows': 41917} lr 4e-05
blog-feedback_backprop_adam_seed22 step 108000 train {'loss': 0.19819283321530753, 'accuracy': 0.9348712932700336, 'balanced_accuracy': 0.9828675906165333, 'rows': 41917} lr 8.000000000000001e-06
COMPLETE blog-feedback_backprop_adam_seed22 108500 {'loss': 0.1981740022591798, 'accuracy': 0.9348951499391654, 'balanced_accuracy': 0.9828707355635985, 'rows': 41917} {'loss': 11.4702933032265, 'accuracy': 0.6171301154249738, 'balanced_accuracy': 0.008007995496633577, 'rows': 7624}
blog-feedback_backprop_adam_seed33 step 108000 train {'loss': 0.19234715411831246, 'accuracy': 0.9362788367488132, 'balanced_accuracy': 0.9846952201311877, 'rows': 41917} lr 4e-05
/home/user/anaconda3/envs/pytorchsenv/lib/python3.13/site-packages/torch/cuda/__init__.py:65: FutureWarning: The pynvml package is deprecated. Please install nvidia-ml-py instead. If you did not install pynvml directly, please report this to the maintainers of the package that installed pynvml for you.
  import pynvml  # type: ignore[import]
blog-feedback_backprop_adam_seed33 step 109000 train {'loss': 0.19178565487858903, 'accuracy': 0.9363504067562087, 'balanced_accuracy': 0.986691283553582, 'rows': 41917} lr 4e-05
blog-feedback_backprop_adam_seed33 step 110000 train {'loss': 0.19207782225326195, 'accuracy': 0.9362549800796812, 'balanced_accuracy': 0.9874793904392744, 'rows': 41917} lr 4e-05
blog-feedback_backprop_adam_seed33 step 111000 train {'loss': 0.19104875599437593, 'accuracy': 0.9369229668153732, 'balanced_accuracy': 0.9847712972315613, 'rows': 41917} lr 8.000000000000001e-06
blog-feedback_backprop_adam_seed33 step 112000 train {'loss': 0.19067656658139254, 'accuracy': 0.9368752534771095, 'balanced_accuracy': 0.98474243995602, 'rows': 41917} lr 8.000000000000001e-06
blog-feedback_backprop_adam_seed33 step 113000 train {'loss': 0.19057968282817891, 'accuracy': 0.9369706801536369, 'balanced_accuracy': 0.9847419451866538, 'rows': 41917} lr 8.000000000000001e-06
blog-feedback_backprop_adam_seed33 step 114000 train {'loss': 0.19053902740356737, 'accuracy': 0.9369468234845051, 'balanced_accuracy': 0.9847014069216354, 'rows': 41917} lr 8.000000000000001e-06
blog-feedback_backprop_adam_seed33 step 115000 train {'loss': 0.19048329443859285, 'accuracy': 0.9369945368227688, 'balanced_accuracy': 0.9846925784959909, 'rows': 41917} lr 8.000000000000001e-06
COMPLETE blog-feedback_backprop_adam_seed33 115600 {'loss': 0.19040345799273956, 'accuracy': 0.9371615335066918, 'balanced_accuracy': 0.9847097744815688, 'rows': 41917} {'loss': 12.067402770611823, 'accuracy': 0.6059811122770199, 'balanced_accuracy': 0.008072906687576018, 'rows': 7624}
/home/user/anaconda3/envs/pytorchsenv/lib/python3.13/site-packages/torch/cuda/__init__.py:65: FutureWarning: The pynvml package is deprecated. Please install nvidia-ml-py instead. If you did not install pynvml directly, please report this to the maintainers of the package that installed pynvml for you.
  import pynvml  # type: ignore[import]
{"completed": 27, "expected": 195, "active": 3, "failures": 0, "time": "2026-10-01T15:29:48.755991+10:00"}
self.n_h =  [28, 256, 256, 256, 2]
higgs_backprop_adam_seed11 step 1000 train {'loss': 0.6389433516953208, 'accuracy': 0.6281839393939394, 'balanced_accuracy': 0.6157490510842375, 'rows': 6600000} lr 0.001
self.n_h =  [28, 256, 256, 256, 2]
higgs_backprop_adam_seed22 step 1000 train {'loss': 0.6423755130704244, 'accuracy': 0.626840303030303, 'balanced_accuracy': 0.6159948453736185, 'rows': 6600000} lr 0.001
self.n_h =  [28, 256, 256, 256, 2]
higgs_backprop_adam_seed33 step 1000 train {'loss': 0.6374774171395735, 'accuracy': 0.6323740909090909, 'balanced_accuracy': 0.6242836826031344, 'rows': 6600000} lr 0.001
higgs_backprop_adam_seed11 step 2000 train {'loss': 0.627188271148566, 'accuracy': 0.6435728787878788, 'balanced_accuracy': 0.6383999283558055, 'rows': 6600000} lr 0.001
{"completed": 27, "expected": 195, "active": 3, "failures": 0, "time": "2026-10-01T15:30:48.863339+10:00"}
higgs_backprop_adam_seed22 step 2000 train {'loss': 0.6262238576415091, 'accuracy': 0.644759393939394, 'balanced_accuracy': 0.6403631234372067, 'rows': 6600000} lr 0.001
higgs_backprop_adam_seed33 step 2000 train {'loss': 0.6265309623388811, 'accuracy': 0.6455863636363637, 'balanced_accuracy': 0.6413278445289469, 'rows': 6600000} lr 0.001
higgs_backprop_adam_seed11 step 3000 train {'loss': 0.6323506187860893, 'accuracy': 0.6377763636363636, 'balanced_accuracy': 0.6276316570252528, 'rows': 6600000} lr 0.001
higgs_backprop_adam_seed22 step 3000 train {'loss': 0.6281894556635076, 'accuracy': 0.6382292424242424, 'balanced_accuracy': 0.644158249785484, 'rows': 6600000} lr 0.001
{"completed": 27, "expected": 195, "active": 3, "failures": 0, "time": "2026-10-01T15:31:48.967125+10:00"}
higgs_backprop_adam_seed33 step 3000 train {'loss': 0.6312954495614947, 'accuracy': 0.6436378787878788, 'balanced_accuracy': 0.6502072899456488, 'rows': 6600000} lr 0.001
higgs_backprop_adam_seed11 step 4000 train {'loss': 0.6076243658585981, 'accuracy': 0.6664015151515151, 'balanced_accuracy': 0.6664827899820963, 'rows': 6600000} lr 0.001
higgs_backprop_adam_seed22 step 4000 train {'loss': 0.6117709685227365, 'accuracy': 0.6607345454545455, 'balanced_accuracy': 0.6589034100705659, 'rows': 6600000} lr 0.001
higgs_backprop_adam_seed33 step 4000 train {'loss': 0.6084204987572178, 'accuracy': 0.6631783333333333, 'balanced_accuracy': 0.6638319204961229, 'rows': 6600000} lr 0.001
{"completed": 27, "expected": 195, "active": 3, "failures": 0, "time": "2026-10-01T15:32:49.076574+10:00"}
higgs_backprop_adam_seed11 step 5000 train {'loss': 0.603374022543936, 'accuracy': 0.6700910606060606, 'balanced_accuracy': 0.6665885428935279, 'rows': 6600000} lr 0.001
higgs_backprop_adam_seed22 step 5000 train {'loss': 0.6008375204548692, 'accuracy': 0.6710331818181818, 'balanced_accuracy': 0.6689284876817505, 'rows': 6600000} lr 0.001
higgs_backprop_adam_seed33 step 5000 train {'loss': 0.599055747945959, 'accuracy': 0.6723404545454545, 'balanced_accuracy': 0.670621265918427, 'rows': 6600000} lr 0.001
{"completed": 27, "expected": 195, "active": 3, "failures": 0, "time": "2026-10-01T15:33:49.193417+10:00"}
higgs_backprop_adam_seed11 step 6000 train {'loss': 0.6132159125432101, 'accuracy': 0.6634254545454545, 'balanced_accuracy': 0.6602667867131009, 'rows': 6600000} lr 0.001
higgs_backprop_adam_seed22 step 6000 train {'loss': 0.5905226886541193, 'accuracy': 0.6809259090909091, 'balanced_accuracy': 0.6802286021573913, 'rows': 6600000} lr 0.001
higgs_backprop_adam_seed33 step 6000 train {'loss': 0.60825312551903, 'accuracy': 0.6634242424242425, 'balanced_accuracy': 0.665798279739102, 'rows': 6600000} lr 0.001
higgs_backprop_adam_seed11 step 7000 train {'loss': 0.5882384339159186, 'accuracy': 0.6833972727272727, 'balanced_accuracy': 0.6830314826793078, 'rows': 6600000} lr 0.001
{"completed": 27, "expected": 195, "active": 3, "failures": 0, "time": "2026-10-01T15:34:49.300499+10:00"}
higgs_backprop_adam_seed22 step 7000 train {'loss': 0.5861065750087391, 'accuracy': 0.6834704545454545, 'balanced_accuracy': 0.6798864992195075, 'rows': 6600000} lr 0.001
higgs_backprop_adam_seed33 step 7000 train {'loss': 0.5862676252862179, 'accuracy': 0.6856434848484848, 'balanced_accuracy': 0.6825677117209672, 'rows': 6600000} lr 0.001
higgs_backprop_adam_seed11 step 8000 train {'loss': 0.5866058112832272, 'accuracy': 0.6842465151515151, 'balanced_accuracy': 0.6854926226978204, 'rows': 6600000} lr 0.001
higgs_backprop_adam_seed22 step 8000 train {'loss': 0.6034052239666563, 'accuracy': 0.6702965151515151, 'balanced_accuracy': 0.6772048019693564, 'rows': 6600000} lr 0.001
{"completed": 27, "expected": 195, "active": 3, "failures": 0, "time": "2026-10-01T15:35:49.419144+10:00"}
higgs_backprop_adam_seed33 step 8000 train {'loss': 0.5813343905171481, 'accuracy': 0.6872312121212121, 'balanced_accuracy': 0.6829939813766379, 'rows': 6600000} lr 0.001
higgs_backprop_adam_seed11 step 9000 train {'loss': 0.5888576638308438, 'accuracy': 0.6839137878787879, 'balanced_accuracy': 0.6785127220429944, 'rows': 6600000} lr 0.001
higgs_backprop_adam_seed22 step 9000 train {'loss': 0.5935711397165241, 'accuracy': 0.6795171212121213, 'balanced_accuracy': 0.6759696782611602, 'rows': 6600000} lr 0.001
higgs_backprop_adam_seed33 step 9000 train {'loss': 0.5844250576678189, 'accuracy': 0.687080303030303, 'balanced_accuracy': 0.6828877354862165, 'rows': 6600000} lr 0.001
{"completed": 27, "expected": 195, "active": 3, "failures": 0, "time": "2026-10-01T15:36:49.529015+10:00"}
higgs_backprop_adam_seed11 step 10000 train {'loss': 0.5751426630765741, 'accuracy': 0.6937445454545454, 'balanced_accuracy': 0.6900615777431518, 'rows': 6600000} lr 0.001
higgs_backprop_adam_seed22 step 10000 train {'loss': 0.5746232648843708, 'accuracy': 0.6944609090909091, 'balanced_accuracy': 0.6894790368926698, 'rows': 6600000} lr 0.001
higgs_backprop_adam_seed33 step 10000 train {'loss': 0.5767703396271214, 'accuracy': 0.6933772727272727, 'balanced_accuracy': 0.6930046361616288, 'rows': 6600000} lr 0.001
{"completed": 27, "expected": 195, "active": 3, "failures": 0, "time": "2026-10-01T15:37:49.644502+10:00"}
higgs_backprop_adam_seed11 step 11000 train {'loss': 0.5722609709959319, 'accuracy': 0.6965777272727273, 'balanced_accuracy': 0.6970054780755832, 'rows': 6600000} lr 0.001
higgs_backprop_adam_seed22 step 11000 train {'loss': 0.5728263807868957, 'accuracy': 0.6970492424242424, 'balanced_accuracy': 0.6947532345347572, 'rows': 6600000} lr 0.001
higgs_backprop_adam_seed33 step 11000 train {'loss': 0.5739251653492089, 'accuracy': 0.6946130303030303, 'balanced_accuracy': 0.6975689337008979, 'rows': 6600000} lr 0.001
higgs_backprop_adam_seed11 step 12000 train {'loss': 0.5753520391695427, 'accuracy': 0.6920727272727273, 'balanced_accuracy': 0.685763595817521, 'rows': 6600000} lr 0.001
{"completed": 27, "expected": 195, "active": 3, "failures": 0, "time": "2026-10-01T15:38:49.760795+10:00"}
higgs_backprop_adam_seed22 step 12000 train {'loss': 0.5674091015382247, 'accuracy': 0.7006613636363637, 'balanced_accuracy': 0.6984767735541924, 'rows': 6600000} lr 0.001
higgs_backprop_adam_seed33 step 12000 train {'loss': 0.5830040178096656, 'accuracy': 0.6864930303030303, 'balanced_accuracy': 0.6837324631819833, 'rows': 6600000} lr 0.001
higgs_backprop_adam_seed11 step 13000 train {'loss': 0.5649913250264255, 'accuracy': 0.702885303030303, 'balanced_accuracy': 0.7024661158449987, 'rows': 6600000} lr 0.001
{"completed": 27, "expected": 195, "active": 3, "failures": 0, "time": "2026-10-01T15:39:49.877613+10:00"}
higgs_backprop_adam_seed22 step 13000 train {'loss': 0.5675168838183086, 'accuracy': 0.7007404545454545, 'balanced_accuracy': 0.7010694780375654, 'rows': 6600000} lr 0.001
higgs_backprop_adam_seed33 step 13000 train {'loss': 0.5689820705847307, 'accuracy': 0.699489696969697, 'balanced_accuracy': 0.6949930936952888, 'rows': 6600000} lr 0.001
higgs_backprop_adam_seed11 step 14000 train {'loss': 0.5711584215973363, 'accuracy': 0.6975225757575757, 'balanced_accuracy': 0.6996957548140319, 'rows': 6600000} lr 0.001
higgs_backprop_adam_seed22 step 14000 train {'loss': 0.5648494047193816, 'accuracy': 0.703214696969697, 'balanced_accuracy': 0.7011546262358661, 'rows': 6600000} lr 0.001
{"completed": 27, "expected": 195, "active": 3, "failures": 0, "time": "2026-10-01T15:40:49.985756+10:00"}
higgs_backprop_adam_seed33 step 14000 train {'loss': 0.5660601196202365, 'accuracy': 0.703155303030303, 'balanced_accuracy': 0.7038501541110666, 'rows': 6600000} lr 0.001
higgs_backprop_adam_seed11 step 15000 train {'loss': 0.5659310248409618, 'accuracy': 0.7015556060606061, 'balanced_accuracy': 0.6985442604664353, 'rows': 6600000} lr 0.001
higgs_backprop_adam_seed22 step 15000 train {'loss': 0.5723779710422863, 'accuracy': 0.6977866666666667, 'balanced_accuracy': 0.7022416632462657, 'rows': 6600000} lr 0.001
higgs_backprop_adam_seed33 step 15000 train {'loss': 0.5683689959878633, 'accuracy': 0.6993119696969697, 'balanced_accuracy': 0.6941677917717939, 'rows': 6600000} lr 0.001
{"completed": 27, "expected": 195, "active": 3, "failures": 0, "time": "2026-10-01T15:41:50.093606+10:00"}
higgs_backprop_adam_seed11 step 16000 train {'loss': 0.5764469805122144, 'accuracy': 0.69244, 'balanced_accuracy': 0.6847147292894347, 'rows': 6600000} lr 0.001
higgs_backprop_adam_seed22 step 16000 train {'loss': 0.5655473146346122, 'accuracy': 0.7028986363636364, 'balanced_accuracy': 0.7036855421239344, 'rows': 6600000} lr 0.001
higgs_backprop_adam_seed33 step 16000 train {'loss': 0.5622164543331031, 'accuracy': 0.705844090909091, 'balanced_accuracy': 0.7046351041723542, 'rows': 6600000} lr 0.001
higgs_backprop_adam_seed11 step 17000 train {'loss': 0.5643551645874255, 'accuracy': 0.704269696969697, 'balanced_accuracy': 0.7075500090385465, 'rows': 6600000} lr 0.001
{"completed": 27, "expected": 195, "active": 3, "failures": 0, "time": "2026-10-01T15:42:50.203868+10:00"}
higgs_backprop_adam_seed22 step 17000 train {'loss': 0.5573986131020748, 'accuracy': 0.7097324242424242, 'balanced_accuracy': 0.7090208684262655, 'rows': 6600000} lr 0.001
higgs_backprop_adam_seed33 step 17000 train {'loss': 0.5591959552782232, 'accuracy': 0.7073904545454546, 'balanced_accuracy': 0.7074431164908215, 'rows': 6600000} lr 0.001
higgs_backprop_adam_seed11 step 18000 train {'loss': 0.5576828715913946, 'accuracy': 0.7096878787878788, 'balanced_accuracy': 0.7089683738487145, 'rows': 6600000} lr 0.001
{"completed": 27, "expected": 195, "active": 3, "failures": 0, "time": "2026-10-01T15:43:50.310888+10:00"}
higgs_backprop_adam_seed22 step 18000 train {'loss': 0.5609595866035693, 'accuracy': 0.7065045454545454, 'balanced_accuracy': 0.7025689029881068, 'rows': 6600000} lr 0.001
higgs_backprop_adam_seed33 step 18000 train {'loss': 0.5577665743983876, 'accuracy': 0.7087606060606061, 'balanced_accuracy': 0.7047144705227366, 'rows': 6600000} lr 0.001
higgs_backprop_adam_seed11 step 19000 train {'loss': 0.5571255208911318, 'accuracy': 0.710575, 'balanced_accuracy': 0.706772104361526, 'rows': 6600000} lr 0.001
higgs_backprop_adam_seed22 step 19000 train {'loss': 0.5593711749134642, 'accuracy': 0.7069134848484848, 'balanced_accuracy': 0.7003317218791727, 'rows': 6600000} lr 0.001
{"completed": 27, "expected": 195, "active": 3, "failures": 0, "time": "2026-10-01T15:44:50.417306+10:00"}
higgs_backprop_adam_seed33 step 19000 train {'loss': 0.5581332832053213, 'accuracy': 0.7090612121212121, 'balanced_accuracy': 0.7081737196671618, 'rows': 6600000} lr 0.001
higgs_backprop_adam_seed11 step 20000 train {'loss': 0.5650193681381688, 'accuracy': 0.7044001515151516, 'balanced_accuracy': 0.7023795918809188, 'rows': 6600000} lr 0.001
higgs_backprop_adam_seed22 step 20000 train {'loss': 0.5542571377147327, 'accuracy': 0.7118869696969697, 'balanced_accuracy': 0.7122416105116764, 'rows': 6600000} lr 0.001
higgs_backprop_adam_seed33 step 20000 train {'loss': 0.5562407946193579, 'accuracy': 0.7101577272727273, 'balanced_accuracy': 0.7086586868253739, 'rows': 6600000} lr 0.001
{"completed": 27, "expected": 195, "active": 3, "failures": 0, "time": "2026-10-01T15:45:50.523930+10:00"}
higgs_backprop_adam_seed11 step 21000 train {'loss': 0.5529370109928016, 'accuracy': 0.7122721212121212, 'balanced_accuracy': 0.7130688273198184, 'rows': 6600000} lr 0.001
higgs_backprop_adam_seed22 step 21000 train {'loss': 0.549259792656176, 'accuracy': 0.7159692424242424, 'balanced_accuracy': 0.7155217515135243, 'rows': 6600000} lr 0.001
higgs_backprop_adam_seed33 step 21000 train {'loss': 0.5520705610801234, 'accuracy': 0.7135951515151515, 'balanced_accuracy': 0.7099269971432478, 'rows': 6600000} lr 0.001
higgs_backprop_adam_seed11 step 22000 train {'loss': 0.5509813369311708, 'accuracy': 0.7143489393939394, 'balanced_accuracy': 0.7123115755845535, 'rows': 6600000} lr 0.001
{"completed": 27, "expected": 195, "active": 3, "failures": 0, "time": "2026-10-01T15:46:50.636033+10:00"}
higgs_backprop_adam_seed22 step 22000 train {'loss': 0.5485124689986489, 'accuracy': 0.7167660606060606, 'balanced_accuracy': 0.7154736202530372, 'rows': 6600000} lr 0.001
higgs_backprop_adam_seed33 step 22000 train {'loss': 0.5489199012559833, 'accuracy': 0.7155692424242425, 'balanced_accuracy': 0.7125081658092184, 'rows': 6600000} lr 0.001
higgs_backprop_adam_seed11 step 23000 train {'loss': 0.5499726306712989, 'accuracy': 0.715765606060606, 'balanced_accuracy': 0.7166580622257903, 'rows': 6600000} lr 0.001
{"completed": 27, "expected": 195, "active": 3, "failures": 0, "time": "2026-10-01T15:47:50.748245+10:00"}
higgs_backprop_adam_seed22 step 23000 train {'loss': 0.5499611069846876, 'accuracy': 0.71561, 'balanced_accuracy': 0.7154449810456932, 'rows': 6600000} lr 0.001
higgs_backprop_adam_seed33 step 23000 train {'loss': 0.5491315818538087, 'accuracy': 0.7162006060606061, 'balanced_accuracy': 0.7129143057622727, 'rows': 6600000} lr 0.001
higgs_backprop_adam_seed11 step 24000 train {'loss': 0.5487884765052795, 'accuracy': 0.7185843939393939, 'balanced_accuracy': 0.7189466976224572, 'rows': 6600000} lr 0.001
higgs_backprop_adam_seed22 step 24000 train {'loss': 0.5484321423906269, 'accuracy': 0.7176284848484848, 'balanced_accuracy': 0.717184399953325, 'rows': 6600000} lr 0.001
{"completed": 27, "expected": 195, "active": 3, "failures": 0, "time": "2026-10-01T15:48:50.863368+10:00"}
higgs_backprop_adam_seed33 step 24000 train {'loss': 0.545177240487879, 'accuracy': 0.7189321212121212, 'balanced_accuracy': 0.7192138987566414, 'rows': 6600000} lr 0.001
higgs_backprop_adam_seed11 step 25000 train {'loss': 0.5554420379505736, 'accuracy': 0.7121810606060606, 'balanced_accuracy': 0.705900580668865, 'rows': 6600000} lr 0.001
higgs_backprop_adam_seed22 step 25000 train {'loss': 0.5634330175434459, 'accuracy': 0.7056804545454546, 'balanced_accuracy': 0.7037683923125804, 'rows': 6600000} lr 0.001
higgs_backprop_adam_seed33 step 25000 train {'loss': 0.5509427048798763, 'accuracy': 0.7146363636363636, 'balanced_accuracy': 0.7108016296488757, 'rows': 6600000} lr 0.001
{"completed": 27, "expected": 195, "active": 3, "failures": 0, "time": "2026-10-01T15:49:50.974496+10:00"}
higgs_backprop_adam_seed11 step 26000 train {'loss': 0.544276432093996, 'accuracy': 0.7195463636363636, 'balanced_accuracy': 0.7206660504216797, 'rows': 6600000} lr 0.001
higgs_backprop_adam_seed22 step 26000 train {'loss': 0.5476672909788652, 'accuracy': 0.7175707575757576, 'balanced_accuracy': 0.7130736272558341, 'rows': 6600000} lr 0.001
higgs_backprop_adam_seed33 step 26000 train {'loss': 0.544505588797945, 'accuracy': 0.7199975757575757, 'balanced_accuracy': 0.7195671550510059, 'rows': 6600000} lr 0.001
higgs_backprop_adam_seed11 step 27000 train {'loss': 0.5440203340992783, 'accuracy': 0.7196577272727273, 'balanced_accuracy': 0.7178212832670434, 'rows': 6600000} lr 0.001
{"completed": 27, "expected": 195, "active": 3, "failures": 0, "time": "2026-10-01T15:50:51.085670+10:00"}
higgs_backprop_adam_seed22 step 27000 train {'loss': 0.544204344664487, 'accuracy': 0.7204154545454545, 'balanced_accuracy': 0.7201003319728554, 'rows': 6600000} lr 0.001
higgs_backprop_adam_seed33 step 27000 train {'loss': 0.5440774905528444, 'accuracy': 0.7207065151515152, 'balanced_accuracy': 0.7162905369627919, 'rows': 6600000} lr 0.001
higgs_backprop_adam_seed11 step 28000 train {'loss': 0.5461850079848549, 'accuracy': 0.7174603030303031, 'balanced_accuracy': 0.7181439867716006, 'rows': 6600000} lr 0.001
{"completed": 27, "expected": 195, "active": 3, "failures": 0, "time": "2026-10-01T15:51:51.191099+10:00"}
higgs_backprop_adam_seed22 step 28000 train {'loss': 0.5402291065539736, 'accuracy': 0.722165303030303, 'balanced_accuracy': 0.7174521780416774, 'rows': 6600000} lr 0.001
higgs_backprop_adam_seed33 step 28000 train {'loss': 0.5434216513021064, 'accuracy': 0.7209007575757576, 'balanced_accuracy': 0.7207283187822662, 'rows': 6600000} lr 0.001
higgs_backprop_adam_seed11 step 29000 train {'loss': 0.5515148489270065, 'accuracy': 0.7121136363636363, 'balanced_accuracy': 0.7051095073062792, 'rows': 6600000} lr 0.001
higgs_backprop_adam_seed22 step 29000 train {'loss': 0.5452014005059906, 'accuracy': 0.7202387878787879, 'balanced_accuracy': 0.7199239949376287, 'rows': 6600000} lr 0.001
{"completed": 27, "expected": 195, "active": 3, "failures": 0, "time": "2026-10-01T15:52:51.300825+10:00"}
higgs_backprop_adam_seed33 step 29000 train {'loss': 0.5412322163865061, 'accuracy': 0.7216336363636363, 'balanced_accuracy': 0.7183018918064664, 'rows': 6600000} lr 0.001
higgs_backprop_adam_seed11 step 30000 train {'loss': 0.5416104496210271, 'accuracy': 0.7214493939393939, 'balanced_accuracy': 0.7215078389717285, 'rows': 6600000} lr 0.001
higgs_backprop_adam_seed22 step 30000 train {'loss': 0.5451667935504335, 'accuracy': 0.7197266666666666, 'balanced_accuracy': 0.7180444221856808, 'rows': 6600000} lr 0.001
higgs_backprop_adam_seed33 step 30000 train {'loss': 0.5372463881076466, 'accuracy': 0.725774090909091, 'balanced_accuracy': 0.7225291018859497, 'rows': 6600000} lr 0.001
{"completed": 27, "expected": 195, "active": 3, "failures": 0, "time": "2026-10-01T15:53:51.411710+10:00"}
higgs_backprop_adam_seed11 step 31000 train {'loss': 0.5357739636444323, 'accuracy': 0.7261156060606061, 'balanced_accuracy': 0.7256524941817819, 'rows': 6600000} lr 0.001
higgs_backprop_adam_seed22 step 31000 train {'loss': 0.5522407783057472, 'accuracy': 0.7146701515151516, 'balanced_accuracy': 0.7171972258393675, 'rows': 6600000} lr 0.001
higgs_backprop_adam_seed33 step 31000 train {'loss': 0.5418937173074665, 'accuracy': 0.7218621212121212, 'balanced_accuracy': 0.7190617076317409, 'rows': 6600000} lr 0.001
{"completed": 27, "expected": 195, "active": 3, "failures": 0, "time": "2026-10-01T15:54:51.526826+10:00"}
higgs_backprop_adam_seed11 step 32000 train {'loss': 0.5445681504995172, 'accuracy': 0.7194869696969697, 'balanced_accuracy': 0.7167776035776035, 'rows': 6600000} lr 0.001
higgs_backprop_adam_seed22 step 32000 train {'loss': 0.5359788022729123, 'accuracy': 0.7261139393939394, 'balanced_accuracy': 0.7255157963849366, 'rows': 6600000} lr 0.001
higgs_backprop_adam_seed33 step 32000 train {'loss': 0.5372409655386029, 'accuracy': 0.7242278787878788, 'balanced_accuracy': 0.7196931701561118, 'rows': 6600000} lr 0.001
higgs_backprop_adam_seed11 step 33000 train {'loss': 0.5383960542950486, 'accuracy': 0.7245296969696969, 'balanced_accuracy': 0.7240234055120587, 'rows': 6600000} lr 0.001
{"completed": 27, "expected": 195, "active": 3, "failures": 0, "time": "2026-10-01T15:55:51.633437+10:00"}
higgs_backprop_adam_seed22 step 33000 train {'loss': 0.5335088056286899, 'accuracy': 0.7284, 'balanced_accuracy': 0.7266995706258386, 'rows': 6600000} lr 0.001
higgs_backprop_adam_seed33 step 33000 train {'loss': 0.5431137013071233, 'accuracy': 0.7202213636363637, 'balanced_accuracy': 0.7158775831817389, 'rows': 6600000} lr 0.001
higgs_backprop_adam_seed11 step 34000 train {'loss': 0.5346481063351487, 'accuracy': 0.7269954545454546, 'balanced_accuracy': 0.7240770534306259, 'rows': 6600000} lr 0.001
higgs_backprop_adam_seed22 step 34000 train {'loss': 0.5384813857587178, 'accuracy': 0.7241663636363637, 'balanced_accuracy': 0.7211106230197002, 'rows': 6600000} lr 0.001
{"completed": 27, "expected": 195, "active": 3, "failures": 0, "time": "2026-10-01T15:56:51.748432+10:00"}
higgs_backprop_adam_seed33 step 34000 train {'loss': 0.5421539335100578, 'accuracy': 0.7215110606060606, 'balanced_accuracy': 0.717519346110061, 'rows': 6600000} lr 0.001
higgs_backprop_adam_seed11 step 35000 train {'loss': 0.5361252210408991, 'accuracy': 0.7257190909090909, 'balanced_accuracy': 0.7252308502604587, 'rows': 6600000} lr 0.001
higgs_backprop_adam_seed22 step 35000 train {'loss': 0.5406478780960314, 'accuracy': 0.7232512121212121, 'balanced_accuracy': 0.7237482056386939, 'rows': 6600000} lr 0.001
higgs_backprop_adam_seed33 step 35000 train {'loss': 0.5372570531070594, 'accuracy': 0.7249037878787878, 'balanced_accuracy': 0.7221197558458884, 'rows': 6600000} lr 0.001
{"completed": 27, "expected": 195, "active": 3, "failures": 0, "time": "2026-10-01T15:57:51.859456+10:00"}
higgs_backprop_adam_seed11 step 36000 train {'loss': 0.531517659334703, 'accuracy': 0.7293054545454546, 'balanced_accuracy': 0.7278321957796137, 'rows': 6600000} lr 0.001
higgs_backprop_adam_seed22 step 36000 train {'loss': 0.5333096119840217, 'accuracy': 0.7283678787878788, 'balanced_accuracy': 0.7281906002779508, 'rows': 6600000} lr 0.001
higgs_backprop_adam_seed33 step 36000 train {'loss': 0.5379894453343478, 'accuracy': 0.7255574242424242, 'balanced_accuracy': 0.7217059679481046, 'rows': 6600000} lr 0.001
{"completed": 27, "expected": 195, "active": 3, "failures": 0, "time": "2026-10-01T15:58:51.975785+10:00"}
higgs_backprop_adam_seed11 step 37000 train {'loss': 0.533195016264482, 'accuracy': 0.7282289393939394, 'balanced_accuracy': 0.7268320225859006, 'rows': 6600000} lr 0.001
higgs_backprop_adam_seed22 step 37000 train {'loss': 0.5325425312995911, 'accuracy': 0.7287362121212121, 'balanced_accuracy': 0.728293637486398, 'rows': 6600000} lr 0.001
higgs_backprop_adam_seed33 step 37000 train {'loss': 0.5302078503273473, 'accuracy': 0.7306334848484849, 'balanced_accuracy': 0.7296344792807692, 'rows': 6600000} lr 0.001
higgs_backprop_adam_seed11 step 38000 train {'loss': 0.5506583214389916, 'accuracy': 0.7170478787878788, 'balanced_accuracy': 0.7172977342219152, 'rows': 6600000} lr 0.001
{"completed": 27, "expected": 195, "active": 3, "failures": 0, "time": "2026-10-01T15:59:52.096054+10:00"}
higgs_backprop_adam_seed22 step 38000 train {'loss': 0.5346394033536044, 'accuracy': 0.7277878787878788, 'balanced_accuracy': 0.727581090475335, 'rows': 6600000} lr 0.001
higgs_backprop_adam_seed33 step 38000 train {'loss': 0.5431100892471544, 'accuracy': 0.7186060606060606, 'balanced_accuracy': 0.711221143818246, 'rows': 6600000} lr 0.001
higgs_backprop_adam_seed11 step 39000 train {'loss': 0.533938943420757, 'accuracy': 0.7285774242424242, 'balanced_accuracy': 0.7247589143277211, 'rows': 6600000} lr 0.001
higgs_backprop_adam_seed22 step 39000 train {'loss': 0.5296057159655022, 'accuracy': 0.731125303030303, 'balanced_accuracy': 0.7295742971681428, 'rows': 6600000} lr 0.001
{"completed": 27, "expected": 195, "active": 3, "failures": 0, "time": "2026-10-01T16:00:52.215221+10:00"}
higgs_backprop_adam_seed33 step 39000 train {'loss': 0.5365370940445409, 'accuracy': 0.7267818181818182, 'balanced_accuracy': 0.7212960888151616, 'rows': 6600000} lr 0.001
higgs_backprop_adam_seed11 step 40000 train {'loss': 0.5298256228493199, 'accuracy': 0.7304469696969697, 'balanced_accuracy': 0.7290550848855774, 'rows': 6600000} lr 0.001
higgs_backprop_adam_seed22 step 40000 train {'loss': 0.5330085886313699, 'accuracy': 0.729180909090909, 'balanced_accuracy': 0.7299693902298876, 'rows': 6600000} lr 0.001
higgs_backprop_adam_seed33 step 40000 train {'loss': 0.5330704372221051, 'accuracy': 0.7275912121212121, 'balanced_accuracy': 0.7230349957541322, 'rows': 6600000} lr 0.001
{"completed": 27, "expected": 195, "active": 3, "failures": 0, "time": "2026-10-01T16:01:52.327990+10:00"}
higgs_backprop_adam_seed11 step 41000 train {'loss': 0.5291264835883632, 'accuracy': 0.7308242424242424, 'balanced_accuracy': 0.7279603843333662, 'rows': 6600000} lr 0.001
higgs_backprop_adam_seed22 step 41000 train {'loss': 0.5307419607208714, 'accuracy': 0.7307018181818182, 'balanced_accuracy': 0.7283067368123908, 'rows': 6600000} lr 0.001
higgs_backprop_adam_seed33 step 41000 train {'loss': 0.5383428466005036, 'accuracy': 0.7259586363636363, 'balanced_accuracy': 0.7206375130619619, 'rows': 6600000} lr 0.001
{"completed": 27, "expected": 195, "active": 3, "failures": 0, "time": "2026-10-01T16:02:52.444390+10:00"}
higgs_backprop_adam_seed11 step 42000 train {'loss': 0.5291934657761544, 'accuracy': 0.7314437878787878, 'balanced_accuracy': 0.7304447643631764, 'rows': 6600000} lr 0.001
higgs_backprop_adam_seed22 step 42000 train {'loss': 0.5288530789115212, 'accuracy': 0.7321431818181818, 'balanced_accuracy': 0.7309041014941114, 'rows': 6600000} lr 0.001
higgs_backprop_adam_seed33 step 42000 train {'loss': 0.5386958995414503, 'accuracy': 0.7238789393939394, 'balanced_accuracy': 0.7191516630831685, 'rows': 6600000} lr 0.001
higgs_backprop_adam_seed11 step 43000 train {'loss': 0.528681884206714, 'accuracy': 0.7312662121212121, 'balanced_accuracy': 0.7311687138325538, 'rows': 6600000} lr 0.001
{"completed": 27, "expected": 195, "active": 3, "failures": 0, "time": "2026-10-01T16:03:52.551389+10:00"}
higgs_backprop_adam_seed22 step 43000 train {'loss': 0.5344445081254208, 'accuracy': 0.7276189393939394, 'balanced_accuracy': 0.7241225411772088, 'rows': 6600000} lr 0.001
higgs_backprop_adam_seed33 step 43000 train {'loss': 0.5285107022031148, 'accuracy': 0.731315, 'balanced_accuracy': 0.7316751373790029, 'rows': 6600000} lr 0.001
higgs_backprop_adam_seed11 step 44000 train {'loss': 0.5270649873854897, 'accuracy': 0.7326183333333334, 'balanced_accuracy': 0.7325177960242044, 'rows': 6600000} lr 0.001
higgs_backprop_adam_seed22 step 44000 train {'loss': 0.5328640929782752, 'accuracy': 0.7296613636363637, 'balanced_accuracy': 0.7280099539938365, 'rows': 6600000} lr 0.001
{"completed": 27, "expected": 195, "active": 3, "failures": 0, "time": "2026-10-01T16:04:52.660077+10:00"}
higgs_backprop_adam_seed33 step 44000 train {'loss': 0.5288881623597579, 'accuracy': 0.7319728787878788, 'balanced_accuracy': 0.7289937197606715, 'rows': 6600000} lr 0.001
higgs_backprop_adam_seed11 step 45000 train {'loss': 0.5269755850167708, 'accuracy': 0.7325706060606061, 'balanced_accuracy': 0.7307984845382096, 'rows': 6600000} lr 0.001
higgs_backprop_adam_seed22 step 45000 train {'loss': 0.5305446735676852, 'accuracy': 0.730565606060606, 'balanced_accuracy': 0.7266647764745944, 'rows': 6600000} lr 0.001
{"completed": 27, "expected": 195, "active": 3, "failures": 0, "time": "2026-10-01T16:05:52.769180+10:00"}
higgs_backprop_adam_seed33 step 45000 train {'loss': 0.5265731820389719, 'accuracy': 0.7335851515151515, 'balanced_accuracy': 0.7323557574687058, 'rows': 6600000} lr 0.001
higgs_backprop_adam_seed11 step 46000 train {'loss': 0.5345643078567043, 'accuracy': 0.7275962121212122, 'balanced_accuracy': 0.7258936675647554, 'rows': 6600000} lr 0.001
higgs_backprop_adam_seed22 step 46000 train {'loss': 0.5277277698863636, 'accuracy': 0.7321686363636364, 'balanced_accuracy': 0.7312683250381229, 'rows': 6600000} lr 0.001
higgs_backprop_adam_seed33 step 46000 train {'loss': 0.5281826949957645, 'accuracy': 0.731400303030303, 'balanced_accuracy': 0.7332588899847889, 'rows': 6600000} lr 0.001
{"completed": 27, "expected": 195, "active": 3, "failures": 0, "time": "2026-10-01T16:06:52.879168+10:00"}
higgs_backprop_adam_seed11 step 47000 train {'loss': 0.5283181047393336, 'accuracy': 0.732165, 'balanced_accuracy': 0.7312165946814664, 'rows': 6600000} lr 0.001
higgs_backprop_adam_seed22 step 47000 train {'loss': 0.523484784745881, 'accuracy': 0.7360160606060606, 'balanced_accuracy': 0.7314660079247184, 'rows': 6600000} lr 0.001
higgs_backprop_adam_seed33 step 47000 train {'loss': 0.5283852978642781, 'accuracy': 0.7323771212121212, 'balanced_accuracy': 0.7336250039182024, 'rows': 6600000} lr 0.001
higgs_backprop_adam_seed11 step 48000 train {'loss': 0.5355260687296318, 'accuracy': 0.7265069696969697, 'balanced_accuracy': 0.7278373160608246, 'rows': 6600000} lr 0.001
{"completed": 27, "expected": 195, "active": 3, "failures": 0, "time": "2026-10-01T16:07:52.988828+10:00"}
higgs_backprop_adam_seed22 step 48000 train {'loss': 0.5257939898895495, 'accuracy': 0.7337513636363636, 'balanced_accuracy': 0.7308518457750102, 'rows': 6600000} lr 0.001
higgs_backprop_adam_seed33 step 48000 train {'loss': 0.5265996347612323, 'accuracy': 0.7331684848484848, 'balanced_accuracy': 0.7327350597593207, 'rows': 6600000} lr 0.001
higgs_backprop_adam_seed11 step 49000 train {'loss': 0.5265292678965944, 'accuracy': 0.7332319696969697, 'balanced_accuracy': 0.7320103238455753, 'rows': 6600000} lr 0.001
{"completed": 27, "expected": 195, "active": 3, "failures": 0, "time": "2026-10-01T16:08:55.428101+10:00"}
higgs_backprop_adam_seed22 step 49000 train {'loss': 0.5242859718316975, 'accuracy': 0.7360209090909091, 'balanced_accuracy': 0.7347196666155755, 'rows': 6600000} lr 0.001
higgs_backprop_adam_seed33 step 49000 train {'loss': 0.5298194306153962, 'accuracy': 0.7314919696969697, 'balanced_accuracy': 0.7299113437855329, 'rows': 6600000} lr 0.001
higgs_backprop_adam_seed11 step 50000 train {'loss': 0.5230053123358525, 'accuracy': 0.7357216666666667, 'balanced_accuracy': 0.7343626507818241, 'rows': 6600000} lr 0.001
